company,cik,city,zip,entity_type,incorporated,young_company,industry,revenue_range,first_sale_date,filing_date,is_amendment,total_offering,amount_sold,num_investors,equity,debt,exemptions,related_people,file_num,accession,filing_url
13 Mari Ltd.,1952874,Kearny,07032,Corporation,2022,True,Other Technology,Decline to Disclose,2023-01-11,2023-01-17,False,1000000.0,5000.0,1,False,True,06b,Krassimir Fotev (Executive Officer/Director),021-470843,0001952874-23-000001,https://www.sec.gov/Archives/edgar/data/1952874/000195287423000001/
1435 Capital Management Series Ltd Liability Co,1866850,New Jersey,08540,Limited Liability Company,2021,True,Business Services,"$1 - $1,000,000",2022-03-08,2022-03-09,False,100000.0,100000.0,1,True,False,06b,Ben Jen (Director),021-436405,0001866850-22-000001,https://www.sec.gov/Archives/edgar/data/1866850/000186685022000001/
1435 Capital SLLC,1842902,Princeton,08540,Limited Liability Company,2020,True,Other,Decline to Disclose,2021-06-03,2021-06-07,False,,895000.0,1,True,False,06b,Hunt Conor (Executive Officer); Jen Ben (Executive Officer); Alexander Brufsky (Executive Officer),021-402000,0001842902-21-000001,https://www.sec.gov/Archives/edgar/data/1842902/000184290221000001/
18531 Aliso Canyon Road Dev Co LLC,1861208,Cranford,07016,Limited Liability Company,2021,True,Construction,No Revenues,,2021-05-19,False,34300000.0,0.0,1,False,True,06b,KYLE ROEMER (Executive Officer); LARRY WILLIAMS (Executive Officer),021-399850,0001861208-21-000001,https://www.sec.gov/Archives/edgar/data/1861208/000186120821000001/
2510 Ocean Avenue Development Co LLC,1860881,Cranford,07016,Limited Liability Company,2021,True,Construction,No Revenues,,2021-05-19,False,12000000.0,0.0,1,False,True,06b,KYLE ROEMER (Executive Officer); FRED GIFFORD (Executive Officer),021-399852,0001861208-21-000002,https://www.sec.gov/Archives/edgar/data/1860881/000186120821000002/
29B Lake Elsinore Development Co LLC,1861221,Cranford,07016,Limited Liability Company,2021,True,Construction,No Revenues,,2021-05-19,False,49000000.0,0.0,1,False,True,06b,KYLE ROEMER (Executive Officer); FRED GIFFORD (Executive Officer),021-399861,0001861208-21-000006,https://www.sec.gov/Archives/edgar/data/1861221/000186120821000006/
"2ClickFit, Inc.",2094237,Moorestown,08057,Corporation,2025,True,Other Technology,"$1 - $1,000,000",2025-10-20,2025-10-29,False,,27000.0,2,False,False,06b,Bradford Tobias (Executive Officer); Thiago Lorenzo (Executive Officer),021-562446,0002094237-25-000001,https://www.sec.gov/Archives/edgar/data/2094237/000209423725000001/
"3rd-i Technology, Inc.",2063808,Chester,07930,Corporation,2023,True,Other Technology,Decline to Disclose,2025-03-29,2025-08-07,False,830000.0,830000.0,7,True,False,06b,Dillon Abend (Executive Officer),021-553998,0001293328-25-000003,https://www.sec.gov/Archives/edgar/data/2063808/000129332825000003/
410 Moss Mill LLC,2046971,Egg Harbor City,08215,Limited Liability Company,2024,True,Other,Decline to Disclose,2024-11-20,2024-12-04,False,225000.0,225000.0,8,True,False,06b,Jason Lamp (Executive Officer/Director); Walter Skilton (Executive Officer/Director); Timothy Cusumano (Executive Officer/Director),021-531072,0002046971-24-000001,https://www.sec.gov/Archives/edgar/data/2046971/000204697124000001/
42 Palmdale Acres Development Co LLC,1860867,Cranford,07016,Limited Liability Company,2021,True,Construction,No Revenues,,2021-05-19,False,30000000.0,0.0,1,False,True,06b,BRETT BARBER (Executive Officer); FRED GIFFORD (Executive Officer),021-399856,0001861208-21-000004,https://www.sec.gov/Archives/edgar/data/1860867/000186120821000004/
560 Marin Development Co LLC,1861223,Cranford,07016,Limited Liability Company,2021,True,Construction,No Revenues,,2021-05-18,False,205701200.0,0.0,1,False,True,06b,FRED GIFFORD (Executive Officer); KYLE ROEMER (Executive Officer),021-399699,0001861223-21-000002,https://www.sec.gov/Archives/edgar/data/1861223/000186122321000002/
560 Marin Development Co LLC,1861223,Cranford,07016,Limited Liability Company,2021,True,Construction,No Revenues,,2021-05-17,False,199520000.0,0.0,1,False,True,06b,GREGORY WHYTE (Executive Officer); KYLE ROEMER (Executive Officer),021-399601,0001861223-21-000001,https://www.sec.gov/Archives/edgar/data/1861223/000186122321000001/
"563 Systems, LLC",1984509,Mount Laurel,08054,Limited Liability Company,overFiveYears,False,Other Technology,Decline to Disclose,2023-06-23,2023-07-07,False,14400000.0,14399994.0,7,True,False,06b,Lawrence Berran (Director); James White (Executive Officer/Director); Michael DiPiano (Director); Gregory White (Director),021-486211,0001878646-23-000022,https://www.sec.gov/Archives/edgar/data/1984509/000187864623000022/
685 Manzanita Court Chino Acquisition Co LLC,1861211,Cranford,07016,Limited Liability Company,2021,True,Lodging and Conventions,No Revenues,,2021-05-19,False,30000000.0,0.0,1,False,True,06b,DEEPAK KUMAR (Executive Officer); FRED GIFFORD (Executive Officer),021-399858,0001861208-21-000005,https://www.sec.gov/Archives/edgar/data/1861211/000186120821000005/
7 KINGS FARMS LLC,2005769,Brick,08723,Limited Liability Company,2022,True,Agriculture,No Revenues,2023-12-30,2024-01-08,False,500000.0,100000.0,1,False,False,06b,Herman Reid (Executive Officer/Promoter),021-501846,0002005769-24-000001,https://www.sec.gov/Archives/edgar/data/2005769/000200576924000001/
911INFORM HOLDINGS INC.,1866935,Wall,07727,Corporation,2020,True,Telecommunications,"$5,000,001 - $25,000,000",2021-06-14,2024-02-13,True,,11004000.0,19,True,False,06b,Ivo Allen (Executive Officer),021-402811,0001866935-24-000001,https://www.sec.gov/Archives/edgar/data/1866935/000186693524000001/
"98Strong, Inc.",1902704,Princeton,08540,Corporation,2021,True,Other,"$1 - $1,000,000",2021-12-27,2022-01-07,False,200000.0,200000.0,7,True,False,06c,Nick Bunn (Director); Tom Mavis (Director); Dina Brewer (Executive Officer/Director); Andrew Mavis (Executive Officer/Director); Racich John (Director),021-428282,0001902704-22-000001,https://www.sec.gov/Archives/edgar/data/1902704/000190270422000001/
"98Strong, Inc.",1902704,Princeton,08540,Corporation,2021,True,Other,"$1 - $1,000,000",2022-08-01,2022-08-11,False,1000000.0,250000.0,1,True,False,06c,Dina Brewer (Executive Officer/Director); John Racich (Director); Nick Bunn (Director); Andrew Mavis (Executive Officer/Director); Tom Mavis (Director),021-455643,0001902704-22-000002,https://www.sec.gov/Archives/edgar/data/1902704/000190270422000002/
AARH Investments LLC,1937384,Morris Plains,07950,Limited Liability Company,2021,True,Other,No Revenues,2022-06-20,2022-08-30,False,450000.0,225000.0,2,True,False,06b,Cheryl Semiz (Executive Officer/Director); Tyler Kempson (Executive Officer/Director); Timothy Jackson (Executive Officer/Director),021-457415,0001937384-22-000004,https://www.sec.gov/Archives/edgar/data/1937384/000193738422000004/
AC Brands LLC,1887428,Ocean Township,07712,Limited Liability Company,2021,True,Other,No Revenues,2021-10-13,2021-10-27,False,1000000.0,237000.0,9,True,False,06b,Pamela Gauchat (Executive Officer); Patrick Brady (Executive Officer); Nate Mehle (Executive Officer),021-418655,0001887428-21-000001,https://www.sec.gov/Archives/edgar/data/1887428/000188742821000001/
ADI East LLC,2059740,Carlstadt,07072,Limited Liability Company,2025,True,Manufacturing,Decline to Disclose,,2025-03-14,False,720432.0,600360.0,4,True,False,06b,Anthony Jollett (Executive Officer),021-540944,0002059740-25-000001,https://www.sec.gov/Archives/edgar/data/2059740/000205974025000001/
AIMG Corp,1980617,Marlboro,07746,Corporation,2023,True,Other Technology,Decline to Disclose,2023-05-24,2023-06-09,False,3000000.0,825000.0,10,True,False,06c,Adam Blaier (Executive Officer),021-483781,0001980617-23-000002,https://www.sec.gov/Archives/edgar/data/1980617/000198061723000002/
AIMR Analytics Inc,1944289,Englewood Cliffs,07632,Corporation,2018,True,Other,No Revenues,,2022-09-08,False,,0.0,0,False,False,06c,Steven Park (Director); Robert McGrath (Director); Kijoon Kim (Executive Officer); Augustine Hong (Director); Jonathan Trutter (Director); Lawrence Bates (Director),021-458299,0001944289-22-000002,https://www.sec.gov/Archives/edgar/data/1944289/000194428922000002/
AMATEC INC.,1977121,Newark,07102,Corporation,2023,True,Other,Decline to Disclose,2022-04-19,2023-05-10,False,250000.0,250000.0,1,False,False,06b,Mohsen Zehtabchian (Executive Officer/Director); Igor Stavrulov (Executive Officer/Director),021-481310,0001977121-23-000001,https://www.sec.gov/Archives/edgar/data/1977121/000197712123000001/
"AMICUS THERAPEUTICS, INC.",1178879,Princeton,08542,Corporation,overFiveYears,False,Biotechnology,Decline to Disclose,2023-10-05,2023-10-16,False,29999985.0,29999985.0,2,True,False,06b,"John Crowley (Director); David Clark (Executive Officer); Eiry Roberts, M.D. (Director); Ellen Rosenberg (Executive Officer); Margaret McGlynn (Director); Craig Wheeler (Director); Michael Kelly (Director); Bradley Campbell (Executive Officer/Director); Michael Raab (Director); Simon Harford (Executive Officer); Glenn Sblendorio (Director); Burke Whitman (Director); Lynn Bleil (Director); Jeffrey Castelli, Ph.D. (Executive Officer)",021-494865,0001878646-23-000034,https://www.sec.gov/Archives/edgar/data/1178879/000187864623000034/
ANALYTICS USA INC.,1940360,Westwood,07675,Corporation,2022,True,Other Technology,No Revenues,2022-07-29,2022-08-10,False,300000.0,155000.0,3,True,False,4a5,Francis Lorenzo (Executive Officer/Director/Promoter),021-455421,0001214659-22-009805,https://www.sec.gov/Archives/edgar/data/1940360/000121465922009805/
AOA DX Inc.,1869920,Jersey City,07302,Corporation,2020,True,Biotechnology,Decline to Disclose,2021-02-26,2021-07-07,False,2500000.0,2500000.0,38,False,True,06b,Anna Milik Jeter (Executive Officer/Director); Alexander Fisher (Executive Officer/Director); Oriana Zoghbi-Harb (Executive Officer/Director),021-405436,0001869920-21-000001,https://www.sec.gov/Archives/edgar/data/1869920/000186992021000001/
AOA DX Inc.,1869920,Jersey City,07302,Corporation,2020,True,Biotechnology,Decline to Disclose,2021-11-03,2021-11-18,False,5000000.0,2639450.0,33,False,False,06b,Anna Milik Jeter (Executive Officer/Director); Surbhi Sarna (Director); Alexander Fisher (Executive Officer/Director); Oriana Zoghbi-Harb (Executive Officer/Director),021-421700,0001869920-21-000002,https://www.sec.gov/Archives/edgar/data/1869920/000186992021000002/
AR CPT Holdings Inc.,2057507,Hackensack,07601,Corporation,2025,True,Other Health Care,Decline to Disclose,2025-02-14,2025-02-24,False,19594855.0,19594855.0,8,True,False,06c,James Clark (Director); Frank Liporace (Director); Andrew Cothrel (Director); Edwin Diaz (Executive Officer); Demetri Soteropoulos (Executive Officer/Director); Salvatore Leo (Executive Officer/Director),021-539047,0002057507-25-000001,https://www.sec.gov/Archives/edgar/data/2057507/000205750725000001/
"ARUKA BIO, INC.",1991781,Princeton,08540,Corporation,2023,True,Other Health Care,Decline to Disclose,2023-08-25,2023-09-07,False,5500000.0,4000.0,1,True,False,06b,NARESHKUMAR JAIN (Executive Officer/Director); SIDDHARTHA MUKHERJEE (Executive Officer/Director),021-491560,0001991781-23-000001,https://www.sec.gov/Archives/edgar/data/1991781/000199178123000001/
"ARUKA BIO, INC.",1991781,Princeton,08540,Corporation,2023,True,Other Health Care,Decline to Disclose,2024-04-17,2024-04-24,False,3550000.0,3550000.0,7,True,False,06b,"SIDDHARTHA MUKHERJEE (Executive Officer/Director); NARESHKUMAR JAIN, PH.D. (Executive Officer/Director)",021-511497,0001991781-24-000001,https://www.sec.gov/Archives/edgar/data/1991781/000199178124000001/
"ASCENDIA PHARMACEUTICALS, INC.",1855888,New Brunswick,08902,Corporation,2021,True,Pharmaceuticals,Decline to Disclose,2021-04-07,2021-04-20,False,9999999.0,4999999.0,2,True,False,06b,Jingjun Huang (Executive Officer/Director),021-396377,0001855888-21-000001,https://www.sec.gov/Archives/edgar/data/1855888/000185588821000001/
"ASCENDIA PHARMACEUTICALS, INC.",1855888,New Brunswick,08902,Corporation,2021,True,Pharmaceuticals,Decline to Disclose,2022-07-01,2022-07-13,False,2499945.0,2499945.0,2,True,False,06b,Colin Foster (Director); Theron Odlaug (Director); Robert Bloder (Director); James Gale (Director); Jingjun Huang (Executive Officer/Director),021-452185,0001855888-22-000002,https://www.sec.gov/Archives/edgar/data/1855888/000185588822000002/
"ASCENDIA PHARMACEUTICALS, INC.",1855888,New Brunswick,08902,Corporation,2021,True,Pharmaceuticals,Decline to Disclose,2024-09-30,2024-10-11,False,2500638.0,2500638.0,2,True,False,06b,James Gale (Director); Shoufeng Li (Director); Jingjun Huang (Executive Officer/Director); Robert Bloder (Director); Theron Odlaug (Director),021-526630,0001855888-24-000001,https://www.sec.gov/Archives/edgar/data/1855888/000185588824000001/
"ASCENDIA PHARMACEUTICALS, INC.",1855888,New Brunswick,08902,Corporation,2021,True,Pharmaceuticals,Decline to Disclose,2025-05-22,2025-06-04,False,2500000.0,2500000.0,9,True,False,06b,Shoufeng Li (Director); James Gale (Director); Jingjun Huang (Executive Officer/Director); Theron Odlaug (Director); Robert Bloder (Director),021-548014,0001855888-25-000001,https://www.sec.gov/Archives/edgar/data/1855888/000185588825000001/
AUDIO IDEA LABS INC.,1921831,Sayreville,08872,Corporation,2021,True,Other Technology,Decline to Disclose,2022-03-24,2022-04-07,False,,45000.0,3,True,False,06c,Amine Nabi (Director); Amit Kukreja (Executive Officer/Director),021-440787,0001921831-22-000001,https://www.sec.gov/Archives/edgar/data/1921831/000192183122000001/
"Aadi Bioscience, Inc.",1422142,Morristown,07960,Corporation,overFiveYears,False,Biotechnology,Decline to Disclose,2025-03-04,2025-03-18,False,100002392.0,100002392.0,17,True,False,06b,Baiteng Zhao (Director); Scott Giacobello (Executive Officer); Caley Castelein (Director); Richard Maroun (Director); Bryan Ball (Executive Officer); Behzad Aghazadeh (Director); Emma Reeve (Director); Dave Lennon (Executive Officer/Director); David Dornan (Executive Officer); Mohammad Hirmand (Director); Karin Hehenberger (Director); Neil Desai (Director); Anupam Dalal (Director),021-541194,0002018445-25-000002,https://www.sec.gov/Archives/edgar/data/1422142/000201844525000002/
"Ablative Solutions, Inc.",1535723,Fair Haven,07704,Corporation,overFiveYears,False,Other Health Care,Decline to Disclose,2023-03-31,2024-01-30,True,30000000.0,29333042.0,121,False,True,06b,Michael Fulton (Director); Paul Buckman (Director); David Fischell (Director); John Kerschen (Director); Andrew Tochterman (Director); Kate Rumrill (Executive Officer/Director); Lisa Mastromattei (Executive Officer); Geoff Pardo (Director); Ronald Bache (Director),021-478243,0001535723-24-000001,https://www.sec.gov/Archives/edgar/data/1535723/000153572324000001/
"Able Channel, Inc.",1798949,Cranford,07016,Corporation,overFiveYears,False,Other Health Care,Decline to Disclose,2024-09-20,2026-02-06,True,5000000.0,551530.0,7,True,False,06b,Brian McCourt (Executive Officer); Paul Goggin (Executive Officer),021-533390,0001798949-26-000003,https://www.sec.gov/Archives/edgar/data/1798949/000179894926000003/
Acreto Cloud Corp.,1788940,Jersey City,07307,Corporation,2016,True,Other Technology,Decline to Disclose,2021-02-09,2021-08-10,False,3000000.0,2750000.0,15,True,False,06b,Thad Eidman (Executive Officer/Director); Babak Pasdar (Executive Officer/Director); Sinjin Jung (Director),021-409454,0001788940-21-000001,https://www.sec.gov/Archives/edgar/data/1788940/000178894021000001/
Acreto Cloud Corp.,1788940,Jersey City,07307,Corporation,overFiveYears,False,Other Technology,Decline to Disclose,2024-03-26,2024-04-10,False,6189364.0,5439364.0,10,True,False,06b,Joe Silva (Director); Babak Pasdar (Executive Officer/Director); Easwaran Sundaram (Director); Thad Eidman (Executive Officer/Director),021-510173,0001788940-24-000001,https://www.sec.gov/Archives/edgar/data/1788940/000178894024000001/
"Activate Partners, Inc.",1959979,Holmdel,07733,Corporation,2018,True,Other Technology,Decline to Disclose,2022-12-20,2023-01-03,False,1500000.0,1500000.0,1,True,False,06b,Dave Wise (Director); Chris Zaharis (Director); Anthony Rich (Director); Brian Giamo (Executive Officer/Director),021-469509,0001615594-23-000001,https://www.sec.gov/Archives/edgar/data/1959979/000161559423000001/
"Acuitive Technologies, Inc.",1864239,Allendale,07401,Corporation,overFiveYears,False,Other Health Care,Decline to Disclose,2021-05-10,2022-05-25,True,4000000.0,3820000.0,35,True,True,06b,David Washburn (Executive Officer); Michael McCarthy (Executive Officer); Alex Khowaylo (Executive Officer),021-400663,0001864239-22-000002,https://www.sec.gov/Archives/edgar/data/1864239/000186423922000002/
"Acuitive Technologies, Inc.",1864239,Allendale,07401,Corporation,overFiveYears,False,Other Health Care,Decline to Disclose,2022-07-28,2023-06-06,False,6180000.0,5755000.0,17,True,True,06b,Michael McCarthy (Executive Officer); David Washburn (Executive Officer); Alex Khowaylo (Executive Officer),021-483479,0001864239-23-000001,https://www.sec.gov/Archives/edgar/data/1864239/000186423923000001/
"Acuitive Technologies, Inc.",1864239,Allendale,07401,Corporation,overFiveYears,False,Other Health Care,Decline to Disclose,2023-12-01,2023-12-08,False,18460435.0,12960435.0,1,True,False,06b,Alex Khowaylo (Executive Officer/Director); David Washburn (Executive Officer/Director); Gary Fischetti (Director); James Maylayter (Director); Vincent Forlenza (Director); Michael McCarthy (Executive Officer/Director),021-499125,0001864239-23-000002,https://www.sec.gov/Archives/edgar/data/1864239/000186423923000002/
"Acute Medical Management, Inc.",1886286,Sparta,07871,Corporation,2020,True,Other Health Care,Decline to Disclose,2022-05-18,2022-06-02,False,7875000.0,7083105.0,65,True,False,06b,Rick Poulton (Director/Promoter); David Schreck (Executive Officer/Director/Promoter); Thomas Leisher (Executive Officer/Director/Promoter); Michael Gerardi (Director),021-447800,0001886286-22-000001,https://www.sec.gov/Archives/edgar/data/1886286/000188628622000001/
"Acute Medical Management, Inc.",1886286,Sparta,07871,Corporation,2020,True,Other Health Care,Decline to Disclose,2024-07-03,2024-07-12,False,4000000.0,1945176.0,37,True,False,06b,Andrew Dellapi (Director); Michael Gerardi (Director); Thomas Leisher (Executive Officer/Director/Promoter); Rick Poulton (Director/Promoter); David Schreck (Executive Officer/Director/Promoter),021-518659,0001886286-24-000003,https://www.sec.gov/Archives/edgar/data/1886286/000188628624000003/
"Advanced Bio Development, Inc.",1696505,Englewood Cliffs,07632,Corporation,overFiveYears,False,Other,Decline to Disclose,2020-09-01,2021-05-27,True,16000000.0,14065879.0,23,False,True,06b,Scott Greene (Executive Officer); Michael Tannenbaum (Director); Michael Farello (Director); M. Todd Bartee (Director); Mark French (Executive Officer/Director); Kawhi Leonard (Director); Dennis Robertson (Director); Ralph Ferrante (Director),021-375082,0001213900-21-029677,https://www.sec.gov/Archives/edgar/data/1696505/000121390021029677/
"Advanced Surgery Center of Clifton, LLC",2051286,Clifton,07013,Limited Liability Company,overFiveYears,False,Other Health Care,Decline to Disclose,2024-12-30,2025-01-08,False,221900.0,69300.0,1,True,False,06b,"Gregory Gallina (Director); Kara Gaughan (Director); Bassam Hajjar (Director); Zamir Brelvi, M.D. (Director); Ladd Mark (Executive Officer/Director); Patrick Walker (Executive Officer/Director); Robert Cox (Executive Officer/Director); Jordan Anderson (Executive Officer/Director); Kamal Dutta, M.D. (Executive Officer/Director); Adrienne McCall (Executive Officer/Director); David Festi (Director); Seth Taylor (Director); Jose Guerrero (Director); Jordan Jones (Executive Officer/Director)",021-534558,0002051286-25-000001,https://www.sec.gov/Archives/edgar/data/2051286/000205128625000001/
"Advanta Health Solutions, Inc.",2007056,Newark,07102,Corporation,overFiveYears,False,Other Health Care,Decline to Disclose,2023-12-28,2024-01-10,False,486708.0,486708.0,1,True,False,06b,John Gayeski (Director); Courtenay Higgins (Executive Officer/Director); Daniel Matthies (Director),021-502014,0002007056-24-000001,https://www.sec.gov/Archives/edgar/data/2007056/000200705624000001/
Advantage Queens LIC Fund LLC,1949441,Hackensack,07601,Limited Liability Company,2022,True,Other Banking and Financial Services,Decline to Disclose,,2022-10-05,False,18400000.0,0.0,0,True,False,06b,Julia Park (Executive Officer); Victor Shum (Executive Officer),021-460836,0001949441-22-000001,https://www.sec.gov/Archives/edgar/data/1949441/000194944122000001/
Advantage Rose Hill Fund LLC,2107945,Hackensack,07601,Limited Liability Company,2025,True,Other Banking and Financial Services,Decline to Disclose,,2026-01-29,False,64000000.0,0.0,0,True,False,06b,Julia Park (Executive Officer); Victor Shum (Executive Officer),021-571688,0002107945-26-000001,https://www.sec.gov/Archives/edgar/data/2107945/000210794526000001/
Advantage Woodside Fund LLC,1976219,Hackensack,07601,Limited Liability Company,2023,True,Other Banking and Financial Services,Decline to Disclose,,2023-07-10,False,24000000.0,0.0,0,True,False,06b,Victor Shum (Executive Officer); Julia Park (Executive Officer),021-486326,0001976219-23-000001,https://www.sec.gov/Archives/edgar/data/1976219/000197621923000001/
"Advaxis, Inc.",1100397,Monmouth Junction,08852,Corporation,overFiveYears,False,Biotechnology,"$1,000,001 - $5,000,000",2021-04-14,2021-04-28,False,11093521.0,11093521.0,2,False,False,06b,Samir Khleif (Director); Richard Berman (Director); Igor Gitelman (Director); Andres Gutierrez (Executive Officer); Roni Appel (Director); Kenneth Berlin (Executive Officer/Director); David Sidransky (Director); James Patton (Director),021-397547,0001493152-21-009926,https://www.sec.gov/Archives/edgar/data/1100397/000149315221009926/
"Advaxis, Inc.",1100397,Monmouth Junction,08852,Corporation,overFiveYears,False,Biotechnology,"$1,000,001 - $5,000,000",2022-01-31,2022-02-11,False,4750000.0,4750000.0,6,True,False,06b,Kenneth Berlin (Executive Officer/Director); Samir Khleif (Director); Igor Gitelman (Executive Officer); Roni Appel (Director); James Patton (Director); Andres Gutierrez (Executive Officer); David Sidransky (Director); Richard Berman (Director),021-433189,0001493152-22-003846,https://www.sec.gov/Archives/edgar/data/1100397/000149315222003846/
Affix Advisory LLC,2088627,Guttenberg,07093,Limited Liability Company,2021,True,Other Technology,"$1 - $1,000,000",2025-10-21,2025-10-27,False,80000.0,80000.0,1,False,False,06b,Elisei Boguslavskii (Executive Officer),021-562181,0002088627-25-000001,https://www.sec.gov/Archives/edgar/data/2088627/000208862725000001/
"Agility Title, LLC",1611707,Morristown,07960,Limited Liability Company,overFiveYears,False,Other,Decline to Disclose,,2024-12-20,False,105200.0,0.0,0,True,False,06b,N/A Tyler Title LLC (Director); Luke Tyler (Director),021-532993,0001611707-24-000001,https://www.sec.gov/Archives/edgar/data/1611707/000161170724000001/
Agora Atlas Corp,2003428,Jersey City,07310,Corporation,2023,True,Other Technology,Decline to Disclose,2023-12-05,2023-12-14,False,12000000.0,7659994.0,10,True,False,06b,Nicholas Van Eck (Executive Officer/Director/Promoter); Andrew Evans (Executive Officer/Director/Promoter),021-499615,0002003428-23-000002,https://www.sec.gov/Archives/edgar/data/2003428/000200342823000002/
Agora Atlas Corp,2003428,Jersey City,07310,Corporation,2023,True,Other Technology,Decline to Disclose,2025-06-25,2025-07-07,False,49999980.0,49499986.0,3,True,False,06b,Joseph McGrady (Executive Officer); Robert Hadick (Director); Andrew Evans (Executive Officer/Director/Promoter); Nicholas Van Eck (Executive Officer/Director/Promoter),021-550875,0002003428-25-000002,https://www.sec.gov/Archives/edgar/data/2003428/000200342825000002/
Ain't Too Proud UK Ltd Liability Co,1951588,Summit,07901,Limited Liability Company,2022,True,Other,No Revenues,,2022-10-27,False,5900000.0,0.0,0,False,False,06b,Ira Pittelman (Executive Officer/Director); Tom Hulce (Executive Officer/Director); Stephen Gabriel (Executive Officer/Director),021-462947,0001951588-22-000001,https://www.sec.gov/Archives/edgar/data/1951588/000195158822000001/
"Airnoggin, Inc.",1875933,Paterson,07524,Corporation,2017,True,Retailing,Decline to Disclose,2021-07-23,2021-10-08,True,300000.0,240002.0,15,True,False,06b,Laurence Klein (Director); Jeffrey Klein (Executive Officer/Director); Robert Friedenrich (Director); David Blatte (Director),021-408300,0001875933-21-000006,https://www.sec.gov/Archives/edgar/data/1875933/000187593321000006/
Alacriti Payments Inc.,2108131,Bridgewater,08807,Corporation,2025,True,Business Services,Decline to Disclose,2026-01-06,2026-03-25,False,49999981.0,49999981.0,2,True,False,06b,Sai Raavi (Executive Officer); Manish Gurukula (Executive Officer),021-577582,0000929638-26-001141,https://www.sec.gov/Archives/edgar/data/2108131/000092963826001141/
Alexander Capital Ventures LLC,1682558,Colts Neck,07722,Limited Liability Company,2016,True,Other Banking and Financial Services,Decline to Disclose,2021-01-07,2021-01-19,False,7359740.0,7359740.0,86,False,False,"06b, 3C, 3C.1",Jonathan Gazdak (Executive Officer),021-386625,0001682558-21-000003,https://www.sec.gov/Archives/edgar/data/1682558/000168255821000003/
Alexander Capital Ventures LLC,1682558,Colts Neck,07722,Limited Liability Company,2016,True,Other Banking and Financial Services,Decline to Disclose,2021-01-07,2021-01-19,False,2262082.0,2262082.0,55,False,False,"06b, 3C, 3C.1",Jonathan Gazdak (Executive Officer),021-386624,0001682558-21-000002,https://www.sec.gov/Archives/edgar/data/1682558/000168255821000002/
Alexander Capital Ventures LLC,1682558,Colts Neck,07722,Limited Liability Company,2016,True,Other Banking and Financial Services,Decline to Disclose,2021-01-07,2021-01-19,False,5928500.0,5928500.0,75,False,False,"06b, 3C, 3C.1",Jonathan Gazdak (Executive Officer),021-386622,0001682558-21-000001,https://www.sec.gov/Archives/edgar/data/1682558/000168255821000001/
Alexander Capital Ventures LLC,1682558,Colts Neck,07722,Limited Liability Company,overFiveYears,False,Other Banking and Financial Services,Decline to Disclose,2021-10-25,2021-10-29,False,3892900.0,3892900.0,79,False,False,"06b, 3C, 3C.1",Jonathan Gazdak (Executive Officer),021-419280,0001682558-21-000025,https://www.sec.gov/Archives/edgar/data/1682558/000168255821000025/
Alexander Capital Ventures LLC,1682558,Colts Neck,07722,Limited Liability Company,overFiveYears,False,Other Banking and Financial Services,Decline to Disclose,2021-10-25,2021-10-29,False,5298500.0,5298500.0,91,False,False,"06b, 3C, 3C.1",Jonathan Gazdak (Executive Officer),021-419274,0001682558-21-000024,https://www.sec.gov/Archives/edgar/data/1682558/000168255821000024/
Alexander Capital Ventures LLC,1682558,Red Bank,07701,Limited Liability Company,overFiveYears,False,Other Banking and Financial Services,Decline to Disclose,2022-11-30,2024-04-23,False,7213200.0,7213200.0,88,False,False,"06b, 3C, 3C.1",Jonathan Gazdak (Executive Officer),021-511402,0001682558-24-000003,https://www.sec.gov/Archives/edgar/data/1682558/000168255824000003/
Alexander Capital Ventures LLC,1682558,Red Bank,07701,Limited Liability Company,overFiveYears,False,Other Banking and Financial Services,Decline to Disclose,2023-09-01,2024-04-23,False,4449342.0,4449342.0,22,False,False,"06b, 3C, 3C.1",Jonathan Gazdak (Executive Officer),021-511405,0001682558-24-000004,https://www.sec.gov/Archives/edgar/data/1682558/000168255824000004/
Alexander Capital Ventures LLC,1682558,Red Bank,07701,Limited Liability Company,overFiveYears,False,Other Banking and Financial Services,Decline to Disclose,2023-11-06,2024-01-02,False,3193900.0,3193900.0,79,False,False,"06b, 3C, 3C.1",Jonathan Gazdak (Executive Officer),021-501239,0001682558-24-000001,https://www.sec.gov/Archives/edgar/data/1682558/000168255824000001/
Alexander Capital Ventures LLC,1682558,Red Bank,07701,Limited Liability Company,overFiveYears,False,Other Banking and Financial Services,Decline to Disclose,2023-12-01,2025-09-15,False,8511500.0,8511500.0,92,False,False,"06b, 3C, 3C.1",Jonathan Gazdak (Executive Officer),021-557506,0001682558-25-000012,https://www.sec.gov/Archives/edgar/data/1682558/000168255825000012/
Alexander Capital Ventures LLC,1682558,Red Bank,07701,Limited Liability Company,overFiveYears,False,Other Banking and Financial Services,Decline to Disclose,2023-12-06,2024-01-02,False,3158051.0,3158051.0,60,False,False,"06b, 3C, 3C.1",Jonathan Gazdak (Executive Officer),021-501242,0001682558-24-000002,https://www.sec.gov/Archives/edgar/data/1682558/000168255824000002/
Alexander Capital Ventures LLC,1682558,Red Bank,07701,Limited Liability Company,overFiveYears,False,Other Banking and Financial Services,Decline to Disclose,2024-06-18,2024-11-07,False,4183220.0,4183220.0,88,False,False,"06b, 3C, 3C.1",Jonathan Gazdak (Executive Officer),021-528910,0001682558-24-000011,https://www.sec.gov/Archives/edgar/data/1682558/000168255824000011/
Alexander Capital Ventures LLC,1682558,Red Bank,07701,Limited Liability Company,overFiveYears,False,Other Banking and Financial Services,Decline to Disclose,2024-06-20,2024-08-01,False,1679254.0,1679254.0,29,False,False,"06b, 3C, 3C.1",Jonathan Gazdak (Executive Officer),021-520395,0001682558-24-000009,https://www.sec.gov/Archives/edgar/data/1682558/000168255824000009/
Alexander Capital Ventures LLC,1682558,Red Bank,07701,Limited Liability Company,overFiveYears,False,Other Banking and Financial Services,Decline to Disclose,2024-06-20,2024-08-01,False,4886735.0,4886735.0,93,False,False,"06b, 3C, 3C.1",Jonathan Gazdak (Executive Officer),021-520383,0001682558-24-000006,https://www.sec.gov/Archives/edgar/data/1682558/000168255824000006/
Alexander Capital Ventures LLC,1682558,Red Bank,07701,Limited Liability Company,overFiveYears,False,Other Banking and Financial Services,Decline to Disclose,2024-06-20,2024-08-01,False,3794950.0,3794950.0,85,False,False,"06b, 3C, 3C.1",Jonathan Gazdak (Executive Officer),021-520368,0001682558-24-000005,https://www.sec.gov/Archives/edgar/data/1682558/000168255824000005/
Alexander Capital Ventures LLC,1682558,Red Bank,07701,Limited Liability Company,overFiveYears,False,Other Banking and Financial Services,Decline to Disclose,2024-06-28,2024-11-07,False,3717290.0,3717290.0,63,False,False,"06b, 3C, 3C.1",Jonathan Gazdak (Executive Officer),021-528912,0001682558-24-000012,https://www.sec.gov/Archives/edgar/data/1682558/000168255824000012/
Alexander Capital Ventures LLC,1682558,Red Bank,07701,Limited Liability Company,overFiveYears,False,Other Banking and Financial Services,Decline to Disclose,2024-07-03,2025-09-15,False,6995754.0,6995754.0,82,False,False,"06b, 3C, 3C.1",Jonathan Gazdak (Executive Officer),021-557511,0001682558-25-000013,https://www.sec.gov/Archives/edgar/data/1682558/000168255825000013/
Alexander Capital Ventures LLC,1682558,Red Bank,07701,Limited Liability Company,overFiveYears,False,Other Banking and Financial Services,Decline to Disclose,2024-07-11,2026-03-23,False,2529400.0,2529400.0,57,False,False,"06b, 3C, 3C.1",Jonathan Gazdak (Executive Officer),021-577279,0001682558-26-000001,https://www.sec.gov/Archives/edgar/data/1682558/000168255826000001/
Alexander Capital Ventures LLC,1682558,Red Bank,07701,Limited Liability Company,overFiveYears,False,Other Banking and Financial Services,Decline to Disclose,2024-10-15,2024-11-06,False,1041870.0,1041870.0,18,False,False,"06b, 3C, 3C.1",Jonathan Gazdak (Executive Officer),021-528754,0001682558-24-000010,https://www.sec.gov/Archives/edgar/data/1682558/000168255824000010/
Alexander Capital Ventures LLC,1682558,Red Bank,07701,Limited Liability Company,overFiveYears,False,Other Banking and Financial Services,Decline to Disclose,2024-12-01,2025-09-15,False,7213580.0,7213580.0,90,False,False,"06b, 3C, 3C.1",Jonathan Gazdak (Executive Officer),021-557515,0001682558-25-000014,https://www.sec.gov/Archives/edgar/data/1682558/000168255825000014/
Alexander Capital Ventures LLC,1682558,Red Bank,07701,Limited Liability Company,overFiveYears,False,Other Banking and Financial Services,Decline to Disclose,2024-12-03,2025-09-15,False,4994000.0,4994000.0,34,False,False,"06b, 3C, 3C.1",Jonathan Gazdak (Executive Officer),021-557518,0001682558-25-000015,https://www.sec.gov/Archives/edgar/data/1682558/000168255825000015/
Alexander Capital Ventures LLC,1682558,Red Bank,07701,Limited Liability Company,overFiveYears,False,Other Banking and Financial Services,Decline to Disclose,2025-04-02,2025-04-30,False,1724140.0,1724140.0,18,False,False,"06b, 3C, 3C.1",Jonathan Gazdak (Executive Officer),021-544905,0001682558-25-000006,https://www.sec.gov/Archives/edgar/data/1682558/000168255825000006/
Alexander Capital Ventures LLC,1682558,Red Bank,07701,Limited Liability Company,overFiveYears,False,Other Banking and Financial Services,Decline to Disclose,2025-04-15,2025-04-28,False,5226115.0,5226115.0,74,False,False,"06b, 3C, 3C.1",Jonathan Gazdak (Executive Officer),021-544653,0001682558-25-000002,https://www.sec.gov/Archives/edgar/data/1682558/000168255825000002/
Alexander Capital Ventures LLC,1682558,Red Bank,07701,Limited Liability Company,overFiveYears,False,Other Banking and Financial Services,Decline to Disclose,2025-04-15,2025-04-28,False,3375575.0,3375575.0,86,False,False,"06b, 3C, 3C.1",Jonathan Gazdak (Executive Officer),021-544649,0001682558-25-000001,https://www.sec.gov/Archives/edgar/data/1682558/000168255825000001/
Alexander Capital Ventures LLC,1682558,Red Bank,07701,Limited Liability Company,overFiveYears,False,Other Banking and Financial Services,Decline to Disclose,2025-04-18,2025-04-30,False,7398543.0,7398543.0,94,False,False,"06b, 3C, 3C.1",Jonathan Gazdak (Executive Officer),021-544901,0001682558-25-000005,https://www.sec.gov/Archives/edgar/data/1682558/000168255825000005/
Alexander Capital Ventures LLC,1682558,Red Bank,07701,Limited Liability Company,overFiveYears,False,Other Banking and Financial Services,Decline to Disclose,2025-04-18,2025-04-30,False,1060500.0,1060500.0,29,False,False,"06b, 3C, 3C.1",Jonathan Gazdak (Executive Officer),021-544897,0001682558-25-000004,https://www.sec.gov/Archives/edgar/data/1682558/000168255825000004/
Alexander Capital Ventures LLC,1682558,Red Bank,07701,Limited Liability Company,overFiveYears,False,Other Banking and Financial Services,Decline to Disclose,2025-04-18,2025-04-30,False,3364165.0,3364165.0,94,False,False,"06b, 3C, 3C.1",Jonathan Gazdak (Executive Officer),021-544894,0001682558-25-000003,https://www.sec.gov/Archives/edgar/data/1682558/000168255825000003/
Alexander Capital Ventures LLC,1682558,Red Bank,07701,Limited Liability Company,overFiveYears,False,Other Banking and Financial Services,Decline to Disclose,2025-06-13,2025-09-08,False,6389271.0,6389271.0,74,False,False,"06b, 3C, 3C.1",Jonathan Gazdak (Executive Officer),021-556890,0001682558-25-000008,https://www.sec.gov/Archives/edgar/data/1682558/000168255825000008/
Alexander Capital Ventures LLC,1682558,Red Bank,07701,Limited Liability Company,overFiveYears,False,Other Banking and Financial Services,Decline to Disclose,2025-06-13,2025-09-08,False,3821022.0,3821022.0,91,False,False,"06b, 3C, 3C.1",Jonathan Gazdak (Executive Officer),021-556885,0001682558-25-000007,https://www.sec.gov/Archives/edgar/data/1682558/000168255825000007/
Alexander Capital Ventures LLC,1682558,Red Bank,07701,Limited Liability Company,overFiveYears,False,Other Banking and Financial Services,Decline to Disclose,2025-08-15,2025-09-09,False,3379073.0,3379073.0,40,False,False,"06b, 3C, 3C.1",Jonathan Gazdak (Executive Officer),021-556998,0001682558-25-000010,https://www.sec.gov/Archives/edgar/data/1682558/000168255825000010/
Alexander Capital Ventures LLC,1682558,Red Bank,07701,Limited Liability Company,overFiveYears,False,Other Banking and Financial Services,Decline to Disclose,2025-08-15,2025-09-08,False,3484720.0,3484720.0,83,False,False,"06b, 3C, 3C.1",Jonathan Gazdak (Executive Officer),021-556995,0001682558-25-000009,https://www.sec.gov/Archives/edgar/data/1682558/000168255825000009/
Alexander Capital Ventures LLC,1682558,Red Bank,07701,Limited Liability Company,overFiveYears,False,Other Banking and Financial Services,Decline to Disclose,2025-11-06,2025-11-12,False,1760170.0,1760170.0,24,False,False,"06b, 3C, 3C.1",Jonathan Gazdak (Executive Officer),021-563646,0001682558-25-000018,https://www.sec.gov/Archives/edgar/data/1682558/000168255825000018/
Alexander Capital Ventures LLC,1682558,Red Bank,07701,Limited Liability Company,overFiveYears,False,Other Banking and Financial Services,Decline to Disclose,2025-11-06,2025-11-12,False,700000.0,700000.0,16,False,False,"06b, 3C, 3C.1",Jonathan Gazdak (Executive Officer),021-563645,0001682558-25-000016,https://www.sec.gov/Archives/edgar/data/1682558/000168255825000016/
Alexander Capital Ventures LLC,1682558,Red Bank,07701,Limited Liability Company,overFiveYears,False,Other Banking and Financial Services,Decline to Disclose,2026-01-02,2026-03-23,False,4330000.0,4330000.0,47,False,False,"06b, 3C, 3C.1",Jonathan Gazdak (Executive Officer),021-577291,0001682558-26-000003,https://www.sec.gov/Archives/edgar/data/1682558/000168255826000003/
Alexander Capital Ventures LLC,1682558,Red Bank,07701,Limited Liability Company,overFiveYears,False,Other Banking and Financial Services,Decline to Disclose,2026-01-02,2026-03-23,False,2549290.0,2549290.0,53,False,False,"06b, 3C, 3C.1",Jonathan Gazdak (Executive Officer),021-577285,0001682558-26-000002,https://www.sec.gov/Archives/edgar/data/1682558/000168255826000002/
Alexander Capital Ventures LLC,1682558,Red Bank,07701,Limited Liability Company,overFiveYears,False,Other Banking and Financial Services,Decline to Disclose,2026-02-18,2026-03-23,False,3856002.0,3856002.0,47,False,False,"06b, 3C, 3C.1",Jonathan Gazdak (Executive Officer),021-577297,0001682558-26-000005,https://www.sec.gov/Archives/edgar/data/1682558/000168255826000005/
Alexander Capital Ventures LLC,1682558,Red Bank,07701,Limited Liability Company,overFiveYears,False,Other Banking and Financial Services,Decline to Disclose,2026-02-18,2026-03-23,False,3235400.0,3235400.0,73,False,False,"06b, 3C, 3C.1",Jonathan Gazdak (Executive Officer),021-577295,0001682558-26-000004,https://www.sec.gov/Archives/edgar/data/1682558/000168255826000004/
Alexander Capital Ventures LLC,1682558,Red Bank,07701,Limited Liability Company,overFiveYears,False,Other Banking and Financial Services,Decline to Disclose,2026-03-12,2026-03-23,False,5572120.0,5572120.0,58,False,False,"06b, 3C, 3C.1",Jonathan Gazdak (Executive Officer),021-577303,0001682558-26-000007,https://www.sec.gov/Archives/edgar/data/1682558/000168255826000007/
Alexander Capital Ventures LLC,1682558,Red Bank,07701,Limited Liability Company,overFiveYears,False,Other Banking and Financial Services,Decline to Disclose,2026-03-12,2026-03-23,False,4891500.0,4891500.0,87,False,False,"06b, 3C, 3C.1",Jonathan Gazdak (Executive Officer),021-577299,0001682558-26-000006,https://www.sec.gov/Archives/edgar/data/1682558/000168255826000006/
Algoma Inc.,2046482,Newark,07102,Corporation,2023,True,Other Technology,Decline to Disclose,2024-11-20,2024-11-27,False,2500000.0,1874996.0,6,True,False,06b,Josef Bromovsky (Executive Officer/Director); Vivin Hegde (Director); Seyfihan Usarer (Executive Officer/Director),021-530683,0002046482-24-000001,https://www.sec.gov/Archives/edgar/data/2046482/000204648224000001/
Algonquin Cross Path Development CO LLC,1861658,Cranford,07016,Limited Liability Company,2021,True,Construction,No Revenues,,2021-05-18,False,255000000.0,0.0,1,False,True,06b,KYLE ROEMER (Executive Officer); CINDY GIFFORD (Executive Officer),021-399758,0001861658-21-000003,https://www.sec.gov/Archives/edgar/data/1861658/000186165821000003/
Algonquin Cross Path Development CO LLC,1861658,Cranford,07016,Limited Liability Company,2021,True,Construction,No Revenues,,2021-05-18,False,30000000.0,0.0,1,False,True,06b,FRED GIFFORD (Executive Officer),021-399755,0001861658-21-000002,https://www.sec.gov/Archives/edgar/data/1861658/000186165821000002/
Algonquin Cross Path Development CO LLC,1861658,Cranford,07016,Limited Liability Company,2021,True,Construction,No Revenues,,2021-05-18,False,25000000.0,0.0,1,False,True,06b,FRED GIFFORD (Executive Officer),021-399751,0001861658-21-000001,https://www.sec.gov/Archives/edgar/data/1861658/000186165821000001/
Algorics Inc.,1959170,Piscataway,08854,Corporation,2020,True,Other Health Care,"$1,000,001 - $5,000,000",2022-12-15,2022-12-27,False,,2000000.0,0,True,True,06b,Nithiyanandhan Ananthakrishnan (Executive Officer/Director); Ramanamurthy Gandham (Executive Officer/Director),021-468703,0001567619-22-022012,https://www.sec.gov/Archives/edgar/data/1959170/000156761922022012/
"Aline Technologies, Inc.",2077314,Berkeley Heights,07922,Corporation,2022,True,Other Technology,Decline to Disclose,2025-06-25,2025-07-15,False,3384964.0,3134964.0,2,True,False,06b,Travis Farese (Director); Timothy Buckley (Director); Brent Farese (Executive Officer/Director),021-551850,0002077314-25-000001,https://www.sec.gov/Archives/edgar/data/2077314/000207731425000001/
AllWork Inc.,1955275,Edison,08837,Corporation,overFiveYears,False,Other Technology,Decline to Disclose,2022-11-10,2022-12-01,False,2999995.0,2999995.0,38,True,False,06b,Glenn Laumeister (Executive Officer/Director/Promoter); Matthew Wenzler (Executive Officer/Director); Howard Meitiner (Director); Chris Haley (Director); Rick Holton (Director),021-466306,0001955275-22-000001,https://www.sec.gov/Archives/edgar/data/1955275/000195527522000001/
"Allied Health MSO Holdco, LLC",1932158,West Long Branch,07764,Limited Liability Company,2021,True,Other Health Care,Decline to Disclose,2022-05-06,2022-06-22,True,6582000.0,6422000.0,4,True,False,06b,"Nadeem Baig, M.D. (Director); Robert Gialanella, M.D. (Director); Matt Devine (Executive Officer); Matthew Jameson (Director)",021-449124,0001932158-22-000002,https://www.sec.gov/Archives/edgar/data/1932158/000193215822000002/
"Allied Health MSO Holdco, LLC",1932158,West Long Branch,07764,Limited Liability Company,2021,True,Other Health Care,Decline to Disclose,2022-12-30,2024-09-27,True,66621941.0,56408941.0,65,True,False,06b,"Matt Devine (Executive Officer); Matthew Jameson (Director); Nadeem Baig, M.D. (Director); Robert Gialanella, M.D. (Director)",021-470791,0001932158-24-000001,https://www.sec.gov/Archives/edgar/data/1932158/000193215824000001/
Almond Finance Corp,1919949,Plainsboro,08536,Corporation,2020,True,Other Technology,No Revenues,2022-03-03,2022-03-30,False,2000000.0,30000.0,3,False,False,06b,Vijay Krishnan (Executive Officer); Goutam Mohan (Executive Officer),021-439525,0001919949-22-000002,https://www.sec.gov/Archives/edgar/data/1919949/000191994922000002/
"Ambit RD, Inc.",1939180,Morristown,07960,Corporation,2021,True,Other Technology,Decline to Disclose,2022-04-30,2022-07-26,False,853750.0,853750.0,5,True,False,06b,Elizabeth Rountree (Director); Robert Sederman (Executive Officer/Director); Edward Kitfield (Director),021-453777,0001794188-22-000003,https://www.sec.gov/Archives/edgar/data/1939180/000179418822000003/
"Ambit RD, Inc.",1939180,Morristown,07960,Corporation,2021,True,Other Technology,Decline to Disclose,2022-08-22,2022-11-02,False,1500000.0,1000000.0,1,False,True,06b,Elizabeth Rountree (Director); Robert Sederman (Executive Officer/Director); Edward Kitfield (Director),021-463657,0001952140-22-000002,https://www.sec.gov/Archives/edgar/data/1939180/000195214022000002/
"Ambit RD, Inc.",1939180,Morristown,07960,Corporation,2021,True,Other Technology,Decline to Disclose,2022-08-23,2022-11-02,False,250000.0,249999.0,2,True,False,06b,Edward Kitfield (Director); Elizabeth Rountree (Director); Robert Sederman (Executive Officer/Director),021-463664,0001952140-22-000003,https://www.sec.gov/Archives/edgar/data/1939180/000195214022000003/
"Ambit RD, Inc.",1939180,Morristown,07960,Corporation,2021,True,Other Technology,Decline to Disclose,2022-09-06,2022-11-02,False,2000000.0,330000.0,9,True,False,06b,Edward Kitfield (Director); Robert Sederman (Executive Officer/Director); Elizabeth Rountree (Director),021-463666,0001952140-22-000004,https://www.sec.gov/Archives/edgar/data/1939180/000195214022000004/
"Ambit RD, Inc.",1939180,Morristown,07960,Corporation,2021,True,Other Technology,Decline to Disclose,2022-11-03,2022-11-17,False,500000.0,500000.0,1,False,True,06b,Edward Kitfield (Director); Robert Sederman (Executive Officer/Director); Elizabeth Rountree (Director),021-465126,0001939180-22-000001,https://www.sec.gov/Archives/edgar/data/1939180/000193918022000001/
"Ambit RD, Inc.",1939180,Morristown,07960,Corporation,2021,True,Other Technology,Decline to Disclose,2023-05-01,2023-11-22,False,692000.0,692000.0,3,True,False,06b,Edward Kitfield (Director); Robert Sederman (Executive Officer/Director),021-497940,0001939180-23-000002,https://www.sec.gov/Archives/edgar/data/1939180/000193918023000002/
"Ambit RD, Inc.",1939180,Morristown,07960,Corporation,2021,True,Other Technology,Decline to Disclose,2023-08-23,2023-09-29,False,1500000.0,1500000.0,1,False,True,06b,Robert Sederman (Executive Officer/Director); Edward Kitfield (Director),021-493428,0001939180-23-000001,https://www.sec.gov/Archives/edgar/data/1939180/000193918023000001/
"Ambit RD, Inc.",1939180,Morristown,07960,Corporation,2021,True,Other Technology,Decline to Disclose,2023-11-07,2023-11-22,False,2040000.0,2040000.0,2,False,False,06b,Edward Kitfield (Director); Robert Sederman (Executive Officer/Director),021-497942,0001939180-23-000003,https://www.sec.gov/Archives/edgar/data/1939180/000193918023000003/
"Ambit RD, Inc.",1939180,Morristown,07960,Corporation,2021,True,Other Technology,Decline to Disclose,2023-11-10,2023-11-22,False,1500012.0,1250010.0,3,True,False,06b,Edward Kitfield (Director); Robert Sederman (Executive Officer/Director),021-497945,0001939180-23-000004,https://www.sec.gov/Archives/edgar/data/1939180/000193918023000004/
AmeriCrew Inc.,1407573,Dumont,07628,Corporation,overFiveYears,False,Telecommunications,Decline to Disclose,2022-09-30,2022-10-14,False,7000000.0,245000.0,6,False,True,06b,"Brian Weis (Director/Executive Officer); Jose Mercado, Jr. (Director); Paul Dunne (Director/Executive Officer); Ross DiMaggio (Director/Executive Officer)",021-461841,0001654954-22-013773,https://www.sec.gov/Archives/edgar/data/1407573/000165495422013773/
Ami Cole Inc.,1944785,Edgewater,07020,Corporation,2020,True,Retailing,Decline to Disclose,2021-12-15,2022-09-15,False,2500000.0,2154995.0,11,True,False,06b,Diarrha Ndiaye (Executive Officer/Director),021-458935,0001944785-22-000001,https://www.sec.gov/Archives/edgar/data/1944785/000194478522000001/
"AminoSense, Inc.",2116419,Montclair,07042,Corporation,2023,True,Other,Decline to Disclose,2026-02-26,2026-03-06,False,1516621.0,1416621.0,2,True,False,06b,Aryeh Ganz (Executive Officer/Director/Promoter),021-575672,0002116419-26-000001,https://www.sec.gov/Archives/edgar/data/2116419/000211641926000001/
AmpaCash Corp,1851035,Marlboro,07746,Corporation,2018,True,Other Technology,No Revenues,2021-03-23,2021-04-06,False,500000.0,370000.0,21,True,False,04,Chijioke Uzo (Executive Officer),021-394726,0001851035-21-000001,https://www.sec.gov/Archives/edgar/data/1851035/000185103521000001/
Amyna Systems Inc.,1853000,Hackensack,07601,Corporation,2020,True,Other Technology,No Revenues,2021-03-19,2021-03-24,False,450000.0,450000.0,1,False,True,06b,Min Kyriannis (Executive Officer/Director),021-393276,0001853000-21-000001,https://www.sec.gov/Archives/edgar/data/1853000/000185300021000001/
Amyna Systems Inc.,1853000,Hackensack,07601,Corporation,2020,True,Other Technology,No Revenues,2022-08-08,2022-08-15,False,,250000.0,1,False,False,06b,Min Kyriannis (Executive Officer/Director),021-455992,0001096906-22-001893,https://www.sec.gov/Archives/edgar/data/1853000/000109690622001893/
"Analytical Wizards, Inc.",1792312,Iselin,08830,Corporation,overFiveYears,False,Business Services,Decline to Disclose,2021-12-22,2022-01-06,False,35000000.0,35000000.0,1,True,False,06b,Jeff Kozloff (Director); Anup Gupta (Director); Jaya Subramaniam (Director); Ram Sharma (Executive Officer/Director),021-428241,0001792312-22-000002,https://www.sec.gov/Archives/edgar/data/1792312/000179231222000002/
Anax Holdings LLC,2068549,Wharton,07885,Limited Liability Company,overFiveYears,False,Other Energy,Decline to Disclose,2025-05-06,2025-07-03,False,4291719.0,2183781.0,27,True,False,06b,Denny Wolfarth (Director); Court Coursey (Director); Joseph Longo (Director); John Fox (Director); John O'Rourke (Director); Michael Longo (Executive Officer),021-550701,0002068549-25-000001,https://www.sec.gov/Archives/edgar/data/2068549/000206854925000001/
"Anderson Market, LLC",2068109,Asbury Park,07712,Limited Liability Company,2024,True,Restaurants,Decline to Disclose,2025-05-01,2025-05-13,False,550000.0,400000.0,3,True,False,06b,Hospitality LLC Awesomeness (Executive Officer); Chris Viola (Executive Officer),021-545867,0002068109-25-000001,https://www.sec.gov/Archives/edgar/data/2068109/000206810925000001/
Angel Medical Systems Inc,1564031,Eatontown,07724,Corporation,overFiveYears,False,Other Health Care,Decline to Disclose,2021-07-30,2021-08-17,False,7500000.0,3857162.0,39,False,True,06b,David Keenan (Executive Officer); David Fischell (Executive Officer/Director); Haghighat Ross (Director); Brad Snow (Executive Officer/Director); Mendell Tom (Director); Taylor Andrew (Director); Victor Whitman (Director),021-410274,0001564031-21-000001,https://www.sec.gov/Archives/edgar/data/1564031/000156403121000001/
Angel Medical Systems Inc,1564031,Eatontown,07724,Corporation,overFiveYears,False,Other Health Care,Decline to Disclose,2022-08-22,2022-09-06,False,6500000.0,6000000.0,20,False,True,06b,Victor Whitman (Director); Taylor Andrew (Director); David Keenan (Executive Officer); David Fischell (Executive Officer/Director); Mendell Tom (Director); Haghighat Ross (Director); Brad Snow (Executive Officer/Director),021-458016,0001564031-22-000001,https://www.sec.gov/Archives/edgar/data/1564031/000156403122000001/
Angel Medical Systems Inc,1564031,Eatontown,07724,Corporation,overFiveYears,False,Other Health Care,Decline to Disclose,2023-02-15,2023-03-01,False,38007957.0,34252457.0,82,True,False,06b,Victor Whitman (Director); Andrew Taylor (Director); Tom Mendell (Director); Phillip Torrence (Executive Officer); David Keenan (Executive Officer); Joseph Berardo (Director); David Fischell (Director); Ross Haghighat (Executive Officer/Director),021-474604,0001564031-23-000001,https://www.sec.gov/Archives/edgar/data/1564031/000156403123000001/
Anja Life LLC,1970384,Newark,07102,Limited Liability Company,2021,True,Retailing,Decline to Disclose,2023-03-10,2023-03-27,False,250000.0,250000.0,5,True,False,06b,Kirill Satanovsky (Executive Officer/Director); David Kang (Executive Officer/Director); Padmaja Malladi (Executive Officer/Director); Migna Guzman (Executive Officer/Director); Julio Casado (Executive Officer/Director),021-476918,0001970384-23-000001,https://www.sec.gov/Archives/edgar/data/1970384/000197038423000001/
"Anonymous Coach, Inc.",1871388,Morristown,07960,Corporation,2021,True,Other,Decline to Disclose,2021-06-25,2021-07-09,False,1000000.0,150000.0,4,False,False,06b,Timothy Purnell (Executive Officer/Director),021-405723,0001871388-21-000001,https://www.sec.gov/Archives/edgar/data/1871388/000187138821000001/
"Antenna, Inc.",1835880,Chatham,07928,Corporation,2019,True,Other Technology,Decline to Disclose,2022-02-16,2022-02-25,False,10149985.0,10149985.0,24,True,False,06b,Rameez Tase (Executive Officer/Director); Gordon Rubenstein (Director); Jonathan Carson (Director),021-434994,0001835880-22-000001,https://www.sec.gov/Archives/edgar/data/1835880/000183588022000001/
"Antigenix Therapeutics, Inc.",2073993,Princeton,08540,Corporation,2024,True,Other Health Care,Decline to Disclose,2025-10-22,2025-10-24,False,8363695.0,3363695.0,17,True,False,06b,Kwesi Frimpong-Boateng (Director); Christopher Whitfield (Executive Officer/Director); Shaun Hawkins (Director),021-562071,0002073993-25-000001,https://www.sec.gov/Archives/edgar/data/2073993/000207399325000001/
Antios Therapeutics Inc.,1760428,Mendham,07945,Corporation,2018,True,Pharmaceuticals,Decline to Disclose,2021-04-09,2021-04-19,False,100000000.0,32000000.0,29,True,False,06b,Abel De La Rosa (Director); Iyona Rajkomar (Director); Douglas Mayers (Executive Officer); Benjamin Rovinski (Director); Patrick Higgins (Director); Tamra Adams (Executive Officer); Scott Morenstein (Director); David Canner (Director); Gregory Mayes (Executive Officer/Director),021-396286,0001760428-21-000002,https://www.sec.gov/Archives/edgar/data/1760428/000176042821000002/
Antios Therapeutics Inc.,1760428,Mendham,07945,Corporation,2018,True,Pharmaceuticals,Decline to Disclose,2021-11-02,2021-11-16,False,85999993.0,74999993.0,35,True,False,06b,Benjamin Rovinski (Director); Scott Morenstein (Director); Tamra Adams (Executive Officer); Craig Gordon (Director); Gregory Mayes (Executive Officer/Director); Abel De La Rosa (Director); Douglas Mayers (Executive Officer); Patrick Higgins (Director); Iyona Rajkomar (Director),021-421266,0001760428-21-000003,https://www.sec.gov/Archives/edgar/data/1760428/000176042821000003/
"AppWork Technologies, Inc.",2034676,Ramsey,07446,Corporation,overFiveYears,False,Other Technology,Decline to Disclose,2024-08-15,2024-08-22,False,1000000.0,137000.0,1,True,False,06b,Israel Katz (Director/Promoter); Akiva Landsberg (Executive Officer),021-522156,0002034676-24-000001,https://www.sec.gov/Archives/edgar/data/2034676/000203467624000001/
"AppWork Technologies, Inc.",2034676,Ramsey,07446,Corporation,overFiveYears,False,Other Technology,Decline to Disclose,2025-03-31,2025-04-07,False,10000000.0,10000000.0,17,True,False,06b,Akiva Landsberg (Executive Officer/Director); Naftali Halberg (Director); Israel Katz (Director),021-543093,0002034676-25-000002,https://www.sec.gov/Archives/edgar/data/2034676/000203467625000002/
"Apprentice FS, Inc.",1711295,Jersey City,07302,Corporation,overFiveYears,False,Other Technology,Decline to Disclose,2018-07-03,2023-03-27,False,8000000.0,8000000.0,6,True,False,06b,Nikhil Sachdev (Director); Mike Dodd (Director); Gary Pignata (Executive Officer/Director); Angelo Stracquatanio (Executive Officer/Director),021-476954,0001231919-23-000011,https://www.sec.gov/Archives/edgar/data/1711295/000123191923000011/
"Apprentice FS, Inc.",1711295,Jersey City,07302,Corporation,overFiveYears,False,Other Technology,Decline to Disclose,2020-10-16,2023-03-27,False,19999989.0,19999989.0,10,True,False,06b,Mike Dodd (Director); Nikhil Sachdev (Director); Angelo Stracquatanio (Executive Officer/Director); Gary Pignata (Executive Officer/Director),021-476956,0001231919-23-000012,https://www.sec.gov/Archives/edgar/data/1711295/000123191923000012/
"Apprentice FS, Inc.",1711295,Jersey City,07302,Corporation,overFiveYears,False,Other Technology,Decline to Disclose,2021-11-05,2023-03-27,False,139962401.0,139962401.0,24,True,False,06b,Gary Pignata (Executive Officer/Director); Nikhil Sachdev (Director); Mike Dodd (Director); Angelo Stracquatanio (Executive Officer/Director),021-476958,0001231919-23-000013,https://www.sec.gov/Archives/edgar/data/1711295/000123191923000013/
"Arbela Laboratories, Inc.",2013446,Randolph,07869,Corporation,2020,True,Other,Decline to Disclose,2024-03-18,2024-04-01,False,1500000.0,575000.0,12,True,False,"04, 06b, 4a5",Michael LoCascio (Executive Officer/Director/Promoter),021-509259,0002013446-24-000001,https://www.sec.gov/Archives/edgar/data/2013446/000201344624000001/
"Areteia Therapeutics, Inc.",1937542,Short Hills,07078,Corporation,2022,True,Biotechnology,Decline to Disclose,2022-06-15,2022-07-14,False,350000000.0,175000000.0,10,True,False,06b,Jorge Bartolome (Director); Chris Visioli (Executive Officer); Stephen Butts (Director); Benjamin Gomez (Director); Adam Koppel (Director); Ian Read (Director); Paul Berns (Director); Christopher Cox (Executive Officer); Whit Bernard (Executive Officer); Michael Bozik (Director),021-452352,0001937542-22-000001,https://www.sec.gov/Archives/edgar/data/1937542/000193754222000001/
"Arya For Work, Inc.",2024148,Princeton,08540,Corporation,2022,True,Other,Decline to Disclose,2024-05-10,2024-05-24,False,7234996.0,7234996.0,17,True,False,06b,Byron Ling (Director); Arunram Kalaiselvan (Director); Kunal Sarda (Executive Officer/Director/Promoter),021-514283,0002024148-24-000001,https://www.sec.gov/Archives/edgar/data/2024148/000202414824000001/
"Arya For Work, Inc.",2024148,Princeton,08540,Corporation,2022,True,Other,Decline to Disclose,2025-08-18,2025-08-29,False,18179303.0,18079306.0,13,True,False,06b,Kunal Sarda (Executive Officer/Director/Promoter); Aike Ho (Director); Arunram Kalaiselvan (Director); Byron Ling (Director),021-556284,0001231919-25-000174,https://www.sec.gov/Archives/edgar/data/2024148/000123191925000174/
"Ascend Wellness Holdings, Inc.",1756390,Morristown,07960,Corporation,overFiveYears,False,Other,Decline to Disclose,2025-01-10,2025-01-23,False,15000000.0,15000000.0,4,False,True,06b,Scott Swid (Director); Josh Gold (Director); Abner Kurtin (Executive Officer/Director); John Hartmann (Director); Julie Francis (Director); Roman Nemchenko (Executive Officer); Frank Perullo (Director); Samuel Brill (Executive Officer/Director),021-536082,0001756390-25-000001,https://www.sec.gov/Archives/edgar/data/1756390/000175639025000001/
"Ascend Wellness Holdings, Inc.",1756390,Morristown,07960,Corporation,overFiveYears,False,Other,Decline to Disclose,2025-05-27,2025-06-11,False,50000000.0,50000000.0,4,False,True,06b,Abner Kurtin (Executive Officer/Director); Frank Perullo (Executive Officer/Director); Josh Gold (Director); Roman Nemchenko (Executive Officer); Julie Francis (Director); Scott Swid (Director); Samuel Brill (Executive Officer/Director),021-548681,0001756390-25-000002,https://www.sec.gov/Archives/edgar/data/1756390/000175639025000002/
Ashbry Inc.,1857134,Holmdel,07733,Corporation,2020,True,Other,Decline to Disclose,2021-05-17,2021-06-14,True,2500000.0,2375000.0,36,True,False,06b,Howard Margolies (Executive Officer/Director/Promoter); Eric Wood (Executive Officer); Barry Newman (Executive Officer),021-400191,0001857134-21-000002,https://www.sec.gov/Archives/edgar/data/1857134/000185713421000002/
"Aspargo Laboratories, Inc.",1805092,Englewood Cliffs,07632,Corporation,2019,True,Pharmaceuticals,No Revenues,2022-03-25,2022-03-28,False,60000000.0,1531998.0,19,True,False,06b,Michael Rice (Director); Michael Demurjian (Executive Officer/Director/Promoter); Fred Biehl (Director),021-439247,0001753926-22-000348,https://www.sec.gov/Archives/edgar/data/1805092/000175392622000348/
"Aspargo Laboratories, Inc.",1805092,Englewood Cliffs,07632,Corporation,2019,True,Pharmaceuticals,"$1 - $1,000,000",2022-11-28,2022-12-05,False,15000000.0,290000.0,0,True,False,06b,Michael Rice (Director); Fred Biehl (Director); Michael Demurjian (Executive Officer),021-466492,0001753926-22-001525,https://www.sec.gov/Archives/edgar/data/1805092/000175392622001525/
Ataia Holding LLC,2058371,Old Bridge,08857,Limited Liability Company,2023,True,Other,No Revenues,2025-02-26,2025-03-10,False,5000100.0,2300046.0,17,True,False,06b,Gennadiy Shapiro (Director),021-540233,0002058371-25-000002,https://www.sec.gov/Archives/edgar/data/2058371/000205837125000002/
"Atman Labs, Inc.",2001030,Monroe Township,08831,Corporation,2023,True,Other Technology,Decline to Disclose,2023-11-03,2023-11-17,False,1941500.0,1941500.0,12,True,False,06b,Shravan Nageswaran (Executive Officer/Director); Sumon Sadhu (Executive Officer/Director),021-497628,0002001030-23-000001,https://www.sec.gov/Archives/edgar/data/2001030/000200103023000001/
Attentive Mobile Inc.,1730164,Hoboken,07030,Corporation,2016,True,Other Technology,Decline to Disclose,2021-03-09,2021-03-24,False,469999902.0,469999902.0,6,True,False,06b,John Trani (Executive Officer); Patrick Grady (Director); Scott Friend (Director); Andrew Jones (Executive Officer/Director); Brian Long (Executive Officer/Director),021-393350,0001231919-21-000033,https://www.sec.gov/Archives/edgar/data/1730164/000123191921000033/
Attentive Mobile Inc.,1730164,Hoboken,07030,Corporation,2016,True,Other Technology,Decline to Disclose,2021-06-09,2021-06-24,False,59046776.0,59046776.0,68,True,False,06b,Patrick Grady (Director); Scott Friend (Director); Brian Long (Executive Officer/Director); Andrew Jones (Executive Officer/Director); John Trani (Executive Officer),021-404158,0001231919-21-000058,https://www.sec.gov/Archives/edgar/data/1730164/000123191921000058/
Attract Medical LLC,1744074,Medford,08055,Limited Liability Company,overFiveYears,False,Other Health Care,Decline to Disclose,2023-08-07,2024-05-16,True,750000.0,750000.0,1,False,True,06b,Virender Sharma (Director); Hazim Ansari (Director); Gregg Costantino (Executive Officer/Director); Mark Gilreath (Director),021-490262,0001744074-24-000001,https://www.sec.gov/Archives/edgar/data/1744074/000174407424000001/
"Audience Town, Inc.",1822684,Newark,07102,Corporation,2019,True,Other Technology,Decline to Disclose,2020-10-30,2021-02-01,False,2250000.0,2099056.0,11,False,False,06b,Edmund Carey (Executive Officer/Director); Anthony Greco (Executive Officer/Director),021-388023,0001822684-21-000001,https://www.sec.gov/Archives/edgar/data/1822684/000182268421000001/
"Audience Town, Inc.",1822684,Newark,07102,Corporation,2019,True,Other Technology,Decline to Disclose,2021-11-02,2021-11-16,False,3000000.0,1125607.0,11,True,False,06b,Edmund Carey (Executive Officer/Director); Anthony Greco (Executive Officer/Director),021-421348,0001822684-21-000003,https://www.sec.gov/Archives/edgar/data/1822684/000182268421000003/
"Audience Town, Inc.",1822684,Newark,07102,Corporation,2019,True,Other Technology,Decline to Disclose,2023-10-31,2023-11-07,False,2000000.0,2000000.0,1,True,False,06b,Scott Stettler (Director); Anthony Greco (Director); Sloan Gaon (Director); Edmund Carey (Executive Officer/Director),021-496640,0001822684-23-000001,https://www.sec.gov/Archives/edgar/data/1822684/000182268423000001/
Aurelius Partners LLC,2085879,Glen Rock,07452,Limited Liability Company,2021,True,Other,Decline to Disclose,2025-09-01,2025-09-26,False,550000.0,331100.0,47,True,False,06b,Aloysius Donohue (Director),021-558875,0002085879-25-000001,https://www.sec.gov/Archives/edgar/data/2085879/000208587925000001/
"Autism Diagnostic Technologies, Inc.",1769588,Bedminster,07921,Corporation,overFiveYears,False,Other Technology,No Revenues,2023-08-23,2023-09-15,False,600000.0,150000.0,9,True,True,06b,Joerg Klaube (Executive Officer); Andrew Stewart (Executive Officer/Director),021-492216,0001199835-23-000486,https://www.sec.gov/Archives/edgar/data/1769588/000119983523000486/
Avalon GloboCare Corp.,1630212,Freehold,07728,Corporation,overFiveYears,False,Biotechnology,"$25,000,001 - $100,000,000",2023-10-09,2023-10-20,False,700000.0,700000.0,2,False,False,06b,David Jin (Executive Officer/Director); Luisa Ingargiola (Executive Officer),021-495339,0001630212-23-000003,https://www.sec.gov/Archives/edgar/data/1630212/000163021223000003/
Avalon GloboCare Corp.,1630212,Freehold,07728,Corporation,overFiveYears,False,Other Technology,Decline to Disclose,2026-02-27,2026-03-12,False,3250000.0,3250000.0,2,True,False,06b,Michael Mathews (Director); Meng Li (Executive Officer); Wenzhao Lu (Director); Steven Sanders (Director); Lourdes Felix (Director); Luisa Ingargiola (Executive Officer),021-576290,0001213900-26-026724,https://www.sec.gov/Archives/edgar/data/1630212/000121390026026724/
"AvePoint, Inc.",1777921,Jersey City,07310,Corporation,2019,True,Other Technology,Decline to Disclose,2022-09-12,2022-09-21,False,1550000.0,1550000.0,3,True,False,06b,James Caci (Executive Officer); Xunkai Gong (Executive Officer/Director); Janet Schijns (Director); Jeff Epstein (Director); Jeff Teper (Director); Tianyi Jiang (Executive Officer/Director); John Ho (Director); Brian Brown (Executive Officer/Director),021-459502,0001437749-22-022860,https://www.sec.gov/Archives/edgar/data/1777921/000143774922022860/
"Avertix Medical, Inc.",1564031,Eatontown,07724,Corporation,overFiveYears,False,Other Health Care,Decline to Disclose,2023-10-31,2024-05-10,True,15000000.0,13480307.0,53,False,True,06b,Phillip Torrence (Executive Officer); Joseph Berardo (Director); David Fischell (Director); Ross Haghighat (Executive Officer/Director); Victor Whitman (Director); Andrew Taylor (Director); Timothy Moran (Executive Officer); Tom Mendell (Director),021-497064,0001564031-24-000001,https://www.sec.gov/Archives/edgar/data/1564031/000156403124000001/
"Avertix Medical, Inc.",1564031,Eatontown,07724,Corporation,overFiveYears,False,Other Health Care,Decline to Disclose,2024-07-31,2024-08-14,False,28411917.0,7092079.0,59,True,False,06b,Tom Mendell (Director); David Fischell (Director); Andrew Taylor (Director); Phillip Torrence (Executive Officer); Joseph Berardo (Director); Timothy Moran (Executive Officer); Ross Haghighat (Executive Officer/Director); Victor Whitman (Director),021-521481,0001564031-24-000002,https://www.sec.gov/Archives/edgar/data/1564031/000156403124000002/
"Avertix Medical, Inc.",1564031,Eatontown,07724,Corporation,overFiveYears,False,Other Health Care,Decline to Disclose,2024-09-05,2025-03-11,True,22650000.0,14253772.0,40,False,True,06b,Ross Haghighat (Executive Officer/Director); Joseph Berardo (Director); Phillip Tom (Executive Officer); Tom Mendell (Director); David Keenan (Executive Officer); Timothy Moran (Executive Officer/Director),021-523490,0001564031-25-000001,https://www.sec.gov/Archives/edgar/data/1564031/000156403125000001/
"Avertix Medical, Inc.",1564031,Eatontown,07724,Corporation,overFiveYears,False,Other Health Care,Decline to Disclose,2025-09-10,2025-09-23,False,5000000.0,1011667.0,4,True,False,06b,Christopher Pucillo (Director); Sean Cullinan (Director); Richard Schatz (Director); David Keenan (Executive Officer); Joseph Berardo (Director); Timothy Moran (Executive Officer/Director); Tom Mendell (Director); Phillip Tom (Executive Officer),021-558351,0002080612-25-000002,https://www.sec.gov/Archives/edgar/data/1564031/000208061225000002/
Aveta.Life Inc.,1867098,Weehawken,07086,Corporation,2021,True,Other Health Care,No Revenues,2021-06-02,2021-06-14,False,3000000.0,2475000.0,8,True,False,06b,Bezalel Arkush (Executive Officer/Director),021-402748,0001099910-21-000071,https://www.sec.gov/Archives/edgar/data/1867098/000109991021000071/
"Avibra, Inc.",1792135,Iselin,08830,Corporation,2017,True,Other Technology,Decline to Disclose,2021-04-13,2021-04-28,False,7184997.0,7184997.0,7,True,False,06b,Yogesh Shetty (Executive Officer/Director); John Kim (Director),021-397493,0001792135-21-000001,https://www.sec.gov/Archives/edgar/data/1792135/000179213521000001/
"Avibra, Inc.",1792135,Iselin,08830,Corporation,overFiveYears,False,Other Technology,Decline to Disclose,2024-09-19,2024-10-03,False,3159994.0,3159994.0,6,True,False,06b,Yogesh Shetty (Executive Officer/Director); John Kim (Director); Jim Feuille (Director),021-525738,0001792135-24-000001,https://www.sec.gov/Archives/edgar/data/1792135/000179213524000001/
Avidon Health LLC,1918548,Cranford,07016,Limited Liability Company,overFiveYears,False,Other Health Care,"$1,000,001 - $5,000,000",2020-10-22,2022-03-25,False,,0.0,33,True,False,06b,Lagemann Clark (Executive Officer),021-439007,0001918548-22-000001,https://www.sec.gov/Archives/edgar/data/1918548/000191854822000001/
Avina Clean Hydrogen Inc.,1953878,Short Hills,07078,Corporation,2021,True,Other Energy,Decline to Disclose,2022-09-16,2022-11-09,False,30000000.0,10000000.0,1,True,False,06b,Vishal Shah (Executive Officer),021-464402,0001953878-22-000001,https://www.sec.gov/Archives/edgar/data/1953878/000195387822000001/
Avlino Inc.,1935761,Matawan,07747,Corporation,overFiveYears,False,Computers,"$1,000,001 - $5,000,000",2022-01-28,2022-07-14,False,10000000.0,8600000.0,4,True,False,06b,Gauthaman Vasudevan (Executive Officer); Ramana Jampala (Executive Officer),021-452384,0001935761-22-000001,https://www.sec.gov/Archives/edgar/data/1935761/000193576122000001/
Avotres Inc.,1841331,Cedar Knolls,07927,Corporation,2016,True,Biotechnology,Decline to Disclose,2020-12-29,2021-02-24,False,8000000.0,4000000.0,3,True,False,06b,Biao He (Director); Zhongping Sun (Director); Yan Lei (Director); Zihao Zou (Director); Jihong Chen (Director); Xi Qin (Executive Officer); Hong Jiang (Executive Officer/Director),021-390336,0001841331-21-000001,https://www.sec.gov/Archives/edgar/data/1841331/000184133121000001/
Avotres Inc.,1841331,Hanover,07927,Corporation,overFiveYears,False,Biotechnology,Decline to Disclose,2023-05-02,2023-05-04,False,4500000.0,4000000.0,3,False,True,06b,Bruce Cooper (Director); Dan Zhao (Director); Jihong Chen (Director); Xi Qin (Director); Hong Jiang (Director); Alex Li (Director); John Houghton (Executive Officer); Biao He (Director),021-480794,0001841331-23-000001,https://www.sec.gov/Archives/edgar/data/1841331/000184133123000001/
"Axtria, Inc.",1490702,Berkeley Heights,07922,Corporation,overFiveYears,False,Other Technology,Decline to Disclose,2021-04-30,2021-05-17,False,100000000.0,100000000.0,4,True,False,06b,Richard Braddock (Director); Sanjeev Aggarwal (Director); Jaswinder Chadha (Executive Officer/Director); Amarpreet Sawhney (Director),021-399603,0001490702-21-000003,https://www.sec.gov/Archives/edgar/data/1490702/000149070221000003/
"Ayala Pharmaceuticals, Inc.",1100397,Monmouth Junction,08852,Corporation,overFiveYears,False,Biotechnology,Decline to Disclose,2023-10-18,2023-11-02,False,433825.0,433825.0,3,True,False,06b,Andres Gutierrez (Executive Officer); Igor Gitelman (Executive Officer); Pini Orbach (Director); Murray Goldberg (Director); Vered Bisker-Leib (Director); Yuval Cabilly (Director); Bridget Martell (Director); Roy Golan (Executive Officer); Robert Spiegel (Director); David Sidransky (Director); Roni Appel (Director); Ken Berlin (Director/Executive Officer),021-496373,0000929638-23-002985,https://www.sec.gov/Archives/edgar/data/1100397/000092963823002985/
B POSITIVE PLASMA LLC,1717650,Haddonfield,08033,Limited Liability Company,overFiveYears,False,Other Health Care,Decline to Disclose,2025-11-05,2025-11-19,True,6252075.0,163870.0,4,True,False,06b,Benjamin Ruder (Executive Officer/Director),021-564080,0001717650-25-000004,https://www.sec.gov/Archives/edgar/data/1717650/000171765025000004/
"B2C2 Securities, LLC",1886080,Jersey City,07302,Limited Liability Company,2021,True,Other Banking and Financial Services,Decline to Disclose,2022-06-02,2025-11-14,True,,450000.0,4,False,True,06b,Dean Sovolos (Executive Officer/Director); Gino Ercolino (Executive Officer/Director); Mehra Raazi (Executive Officer/Director),021-418197,0001886080-25-000002,https://www.sec.gov/Archives/edgar/data/1886080/000188608025000002/
"B601 Labs, Inc.",1938948,Short Hills,07078,Corporation,2019,True,Other Technology,Decline to Disclose,2022-05-06,2022-08-05,False,3000000.0,3000000.0,15,True,False,06b,Steven Cohn (Executive Officer),021-454992,0001493152-22-021435,https://www.sec.gov/Archives/edgar/data/1938948/000149315222021435/
"BDP Lackawanna Investors II, LLC",1841545,Montclair,07042,Limited Liability Company,2021,True,Construction,Decline to Disclose,2021-01-26,2021-02-03,False,8500000.0,8500000.0,9,True,False,06b,David Placek (Executive Officer),021-388337,0001841545-21-000002,https://www.sec.gov/Archives/edgar/data/1841545/000184154521000002/
BDP Lackawanna Investors. LLC,1839043,Montclair,07042,Limited Liability Company,2020,True,Construction,Decline to Disclose,2020-12-01,2021-01-20,False,3500000.0,1500000.0,16,True,False,06b,David Placek (Executive Officer),021-386832,0001839043-21-000001,https://www.sec.gov/Archives/edgar/data/1839043/000183904321000001/
"BDS Parent Holdings, Inc.",2003006,Hackensack,07601,Corporation,2023,True,Restaurants,Decline to Disclose,2023-11-14,2023-12-04,False,,1067277.0,12,False,True,06b,Robert Cummins (Executive Officer/Director); David Thomas (Director); Stratis Morfogen (Director),021-498719,0002003006-23-000002,https://www.sec.gov/Archives/edgar/data/2003006/000200300623000002/
BED BATH & BEYOND INC,886158,Union,07083,Corporation,overFiveYears,False,Retailing,"Over $100,000,000",2022-11-14,2022-12-06,False,10331540.0,10331540.0,1,True,False,06c,Joshua Schechter (Director); Mara Sirhal (Executive Officer); Shelly Lombard (Director); Anu Gupta (Executive Officer); Patty Wu (Executive Officer); Sue Gove (Executive Officer/Director); Jeffrey Kirwan (Director); Minesh Shah (Director); Bart Sichel (Executive Officer); Benjamin Rosenzweig (Director); Harriet Edelman (Director); Ann Yerger (Director); Laura Crossen (Executive Officer); Lynda Markoe (Executive Officer); Marjorie Bowen (Director); Andrea Weiss (Director),021-466625,0001209191-22-059935,https://www.sec.gov/Archives/edgar/data/886158/000120919122059935/
BED BATH & BEYOND INC,886158,Union,07083,Corporation,overFiveYears,False,Retailing,"Over $100,000,000",2022-11-16,2022-12-06,False,40717903.0,40717903.0,7,True,False,06c,Andrea Weiss (Director); Ann Yerger (Director); Jeffrey Kirwan (Director); Mara Sirhal (Executive Officer); Marjorie Bowen (Director); Laura Crossen (Executive Officer); Sue Gove (Executive Officer/Director); Minesh Shah (Director); Benjamin Rosenzweig (Director); Harriet Edelman (Director); Bart Sichel (Executive Officer); Anu Gupta (Executive Officer); Lynda Markoe (Executive Officer); Joshua Schechter (Director); Shelly Lombard (Director); Patty Wu (Executive Officer),021-466626,0001209191-22-059937,https://www.sec.gov/Archives/edgar/data/886158/000120919122059937/
BEVERAGE USA HOLDINGS INC.,1822277,Freehold,08527,Corporation,2020,True,Retailing,Decline to Disclose,2020-10-26,2021-03-12,False,2052550.0,2052550.0,37,True,False,06b,Howard Davner (Executive Officer/Director); Rocco LaVista (Executive Officer/Director),021-392111,0001822277-21-000001,https://www.sec.gov/Archives/edgar/data/1822277/000182227721000001/
BEVERAGE USA HOLDINGS INC.,1822277,Freehold,07728,Corporation,2020,True,Retailing,Decline to Disclose,2021-04-15,2021-11-10,False,1500000.0,510000.0,6,True,False,06b,Rocco LaVista (Executive Officer/Director),021-420697,0001822277-21-000002,https://www.sec.gov/Archives/edgar/data/1822277/000182227721000002/
BEVERAGE USA HOLDINGS INC.,1822277,Freehold,08527,Corporation,2020,True,Retailing,Decline to Disclose,2021-06-30,2022-05-19,False,1785000.0,1785000.0,29,True,False,06b,Rocco LaVista (Executive Officer/Director),021-446276,0001822277-22-000001,https://www.sec.gov/Archives/edgar/data/1822277/000182227722000001/
"BFI Holder, LLC",1846280,Lambertville,08530,Limited Liability Company,2020,True,Other Technology,Decline to Disclose,2021-03-05,2021-03-09,False,465000.0,465000.0,8,True,False,06b,Maurice Kerins (Executive Officer/Director),021-391556,0001515971-21-000020,https://www.sec.gov/Archives/edgar/data/1846280/000151597121000020/
BGS S1 LLC,2070912,Belle Mead,08502,Limited Liability Company,2023,True,Other,Decline to Disclose,,2025-06-13,False,250000.0,0.0,0,False,True,06b,Anand Shahi (Director),021-548891,0002070912-25-000001,https://www.sec.gov/Archives/edgar/data/2070912/000207091225000001/
BHAV Acquisition Corp,2097288,Piscataway,08854,Other,2025,True,Other,Decline to Disclose,2026-03-18,2026-03-31,False,2004225.0,2004225.0,13,True,False,06b,Balaji Swaminathan (Director); John O'Connell (Director); Piyush Sadana (Director); Giri Devanur (Executive Officer/Director); Chaitanya Setti (Executive Officer/Director),021-578612,0001213900-26-037584,https://www.sec.gov/Archives/edgar/data/2097288/000121390026037584/
BIO KEY INTERNATIONAL INC,1019034,Holmdel,07733,Corporation,overFiveYears,False,Other Technology,Decline to Disclose,2023-12-20,2024-01-04,False,547730.0,547730.0,1,True,False,06b,Mira LaCous (Executive Officer); Robert Michel (Director); Jim Sullivan (Executive Officer); Cecilia Welch (Executive Officer); Emmanuel Alia (Director); Michael DePasquale (Executive Officer/Director); Kwok Wong (Director); Cameron Williams (Director),021-501538,0001790300-24-000001,https://www.sec.gov/Archives/edgar/data/1019034/000179030024000001/
BLISS CO.,2045824,Mount Laurel,08054,Corporation,2022,True,Other,Decline to Disclose,2024-04-29,2024-11-22,False,3000000.0,2550000.0,16,True,False,06b,"Joseph Buonadonna, Sr. (Director); Matthew Stevens (Director); Joseph Buonadonna, Jr. (Executive Officer/Director)",021-530211,0002045824-24-000002,https://www.sec.gov/Archives/edgar/data/2045824/000204582424000002/
BLONDER TONGUE LABORATORIES INC,1000683,Old Bridge,08857,Corporation,overFiveYears,False,Manufacturing,Decline to Disclose,2021-03-04,2021-03-17,False,600000.0,600000.0,2,False,True,06b,Edward Grauch (Executive Officer); Rick Briggs (Director); Michael Hawkey (Director); John Burke (Director); Stephen Necessary (Director); James Williams (Director); Steven Shea (Director); Gary Scharmett (Director); Robert Palle (Director); Charles Dietz (Director); James Williams (Director); Anthony Bruno (Director); Eric Skolnik (Executive Officer),021-392616,0001567619-21-006500,https://www.sec.gov/Archives/edgar/data/1000683/000156761921006500/
BLUE OAK NJ 1 LLC,1971733,Bloomfield,07003,Limited Liability Company,2021,True,Other,No Revenues,2023-03-31,2023-04-10,False,1000000.0,282000.0,6,True,False,06b,Danielle Wildstein (Executive Officer),021-478317,0001971733-23-000001,https://www.sec.gov/Archives/edgar/data/1971733/000197173323000001/
BOKKSU INC.,1768977,Carlstadt,07072,Corporation,2018,True,Retailing,Decline to Disclose,2021-07-30,2022-01-25,False,22460495.0,22460469.0,40,True,False,06b,Danny Taing (Executive Officer/Director); Jonathan Shulkin (Director),021-430648,0001768977-22-000001,https://www.sec.gov/Archives/edgar/data/1768977/000176897722000001/
"Balcony Technology Group, Inc.",1996120,Hoboken,07030,Corporation,2021,True,Other,Decline to Disclose,2023-09-29,2026-01-30,True,,12032575.0,38,True,False,06b,Greggory Lester (Executive Officer/Director); Alexander McGee (Executive Officer/Director); Michael Reichel (Executive Officer/Director); Daniel Silverman (Executive Officer/Director),021-493878,0001996120-26-000001,https://www.sec.gov/Archives/edgar/data/1996120/000199612026000001/
Barcade Holdings LLC,2080156,Jersey City,07032,Limited Liability Company,overFiveYears,False,Restaurants,Decline to Disclose,2025-07-14,2025-10-29,False,1400000.0,1400000.0,3,True,False,06b,Scott Beard (Director); Paul Kermizian (Executive Officer/Director); Kevin Beard (Director); Peter Langway (Director),021-562353,0002080156-25-000015,https://www.sec.gov/Archives/edgar/data/2080156/000208015625000015/
BarnLight Studios,2114259,Wantage,07461,Limited Liability Company,2025,True,Other,No Revenues,2025-09-16,2026-03-09,False,,100000.0,2,True,False,06b,Nicole Vives (Executive Officer); Lauren Magura (Executive Officer),021-575817,0002114259-26-000001,https://www.sec.gov/Archives/edgar/data/2114259/000211425926000001/
BeYu Labs LLC,1925982,Jersey City,07304,Limited Liability Company,2022,True,Other Technology,Decline to Disclose,2022-04-22,2022-05-06,False,1000000.0,45000.0,2,False,True,06b,Benjamin Yurcisin (Executive Officer/Director),021-444877,0001925982-22-000002,https://www.sec.gov/Archives/edgar/data/1925982/000192598222000002/
"Beam Health, Inc.",1859546,Holmdel,07733,Corporation,2020,True,Other Technology,Decline to Disclose,2021-04-20,2021-05-05,False,2768013.0,2513011.0,31,True,False,06b,Sasikant Ponnapalli (Executive Officer/Director); Ranga Jayawardena (Executive Officer),021-398289,0001859546-21-000001,https://www.sec.gov/Archives/edgar/data/1859546/000185954621000001/
"Beam Health, Inc.",1859546,Red Bank,07701,Corporation,2020,True,Other Technology,Decline to Disclose,2025-07-11,2025-07-25,False,2249999.0,2049626.0,6,True,False,06b,Sasikant Ponnapalli (Executive Officer/Director); Shawn Merani (Director),021-552827,0001859546-25-000003,https://www.sec.gov/Archives/edgar/data/1859546/000185954625000003/
Beam Inc. /DE/,1897953,Sparta,07871,Corporation,2020,True,Other Technology,Decline to Disclose,2021-11-12,2021-12-10,False,18290000.0,14221464.0,56,True,False,06b,Etwaru Dharmendra (Director); Steven Oesterle (Director); Carla Pickens (Director); R Wang (Director); Michael Sutcliff (Executive Officer/Director),021-424577,0001897953-21-000001,https://www.sec.gov/Archives/edgar/data/1897953/000189795321000001/
Beaver Lake Cold Storage Development Co LLC,1860868,Cranford,07016,Limited Liability Company,2021,True,Construction,No Revenues,,2021-05-19,False,92000000.0,0.0,1,False,True,06b,THOMAS TUCKER (Executive Officer); FRED GIFFORD (Executive Officer),021-399853,0001861208-21-000003,https://www.sec.gov/Archives/edgar/data/1860868/000186120821000003/
"BehaviorFlow, Inc.",2075797,Bridgewater,08807,Corporation,2025,True,Other Technology,"$1 - $1,000,000",2025-06-17,2025-07-07,False,35000.0,35000.0,1,False,True,06b,Marguerite McFadden (Executive Officer),021-550879,0002075797-25-000001,https://www.sec.gov/Archives/edgar/data/2075797/000207579725000001/
Bella Ray Beverage LLC,2024038,Colts Neck,07722,Limited Liability Company,2023,True,Other,Decline to Disclose,2024-04-15,2024-06-27,False,600000.0,600000.0,5,True,False,06b,Philip Petracca (Executive Officer),021-517163,0002024038-24-000001,https://www.sec.gov/Archives/edgar/data/2024038/000202403824000001/
BetMGM Maryland Sports LLC,1947973,Jersey City,07311,Limited Liability Company,2022,True,Other,Decline to Disclose,2022-10-18,2022-10-28,False,25100.0,25100.0,2,True,False,06b,Adam Greenblatt (Executive Officer),021-463211,0001947973-22-000001,https://www.sec.gov/Archives/edgar/data/1947973/000194797322000001/
"BioAegis Therapeutics, Inc.",1546604,Morristown,07960,Corporation,overFiveYears,False,Biotechnology,Decline to Disclose,2021-12-23,2022-05-11,False,21770592.0,21770592.0,27,True,False,06b,Valerie Ceva (Executive Officer/Director); Mark DiNubile (Executive Officer/Director); Susan Levinson (Executive Officer/Director),021-445247,0001546604-22-000001,https://www.sec.gov/Archives/edgar/data/1546604/000154660422000001/
"BioStream Technologies, LLC",1716551,Moorestown,08057,Limited Liability Company,overFiveYears,False,Other Technology,Decline to Disclose,2018-12-14,2021-08-13,True,1000000.0,800000.0,4,True,False,06b,Harry Schiavi (Executive Officer/Director); Stephen Clark (Executive Officer/Director); Michael Farber (Executive Officer/Director),021-338112,0001192482-21-000664,https://www.sec.gov/Archives/edgar/data/1716551/000119248221000664/
Black Buffalo 3D Corp,1919806,Union,07083,Corporation,2020,True,Other,Decline to Disclose,2022-03-11,2024-01-30,True,3999992.0,3999992.0,8,True,False,06b,Heidi Cha (Executive Officer); Michael Miceli (Executive Officer/Director); Michael Galego (Director); Richard Kessler (Director); George Perry (Executive Officer); June Hee Han (Director),021-439005,0001062993-24-001560,https://www.sec.gov/Archives/edgar/data/1919806/000106299324001560/
Black Buffalo 3D Corp,1919806,Union,07083,Corporation,2020,True,Other,Decline to Disclose,2022-05-20,2024-01-30,False,24993.0,24993.0,1,True,False,06b,Michael Miceli (Executive Officer/Director); Michael Galego (Director); Richard Kessler (Director); June Hee Han (Director); Heidi Cha (Executive Officer); George Perry (Executive Officer),021-503871,0001062993-24-001559,https://www.sec.gov/Archives/edgar/data/1919806/000106299324001559/
Black Buffalo 3D Corp,1919806,Union,07083,Corporation,2020,True,Other,Decline to Disclose,2022-07-14,2024-01-30,False,250000.0,250000.0,1,True,False,06b,Michael Galego (Director); George Perry (Executive Officer); Richard Kessler (Director); June Hee Han (Director); Heidi Cha (Executive Officer); Michael Miceli (Executive Officer/Director),021-503869,0001062993-24-001558,https://www.sec.gov/Archives/edgar/data/1919806/000106299324001558/
BlockFi Inc.,1726072,Jersey City,07302,Corporation,2017,True,Other Technology,Decline to Disclose,,2022-11-07,False,,0.0,0,False,False,06c,Robert Loban (Executive Officer); Jennifer Hill (Director); Tony Lauro II (Director); Amit Cheela (Executive Officer); Zachary Prince (Executive Officer/Director); Florencia Marquez (Executive Officer/Director); Jonathan Mayers (Executive Officer),021-464000,0001209191-22-055880,https://www.sec.gov/Archives/edgar/data/1726072/000120919122055880/
"BlockScience Labs, Inc.",1873950,Laurel Springs,08021,Corporation,2021,True,Other Technology,Decline to Disclose,2021-07-14,2021-11-18,True,,940.0,7,True,True,06c,Michael Zargham (Director); Christopher Frazier (Executive Officer/Director); Nick Hirannet (Executive Officer/Director),021-407064,0001756638-21-000004,https://www.sec.gov/Archives/edgar/data/1873950/000175663821000004/
"Blockchain Technologies, Inc.",1897520,Jersey City,07311,Corporation,2021,True,Other,Decline to Disclose,2021-11-19,2021-12-06,False,2125018.0,2125018.0,17,True,False,06b,Owen Colegrove (Executive Officer/Director); John Clarke (Executive Officer/Director),021-423863,0001897520-21-000001,https://www.sec.gov/Archives/edgar/data/1897520/000189752021000001/
Blue Care Homes LLC,1956562,Lakewood,08701,Limited Liability Company,2022,True,Other Health Care,Decline to Disclose,2022-11-15,2022-12-01,False,5217199.0,5217199.0,2,True,False,06b,Shmuel Haikins (Executive Officer),021-466269,0001956562-22-000001,https://www.sec.gov/Archives/edgar/data/1956562/000195656222000001/
Blue Logistics TopCo LLC,2015079,Madison,07940,Limited Liability Company,2024,True,Business Services,Decline to Disclose,2024-03-01,2024-03-19,False,74330926.0,74330926.0,4,True,False,06b,Scott Melcher (Executive Officer); Conor Cook (Executive Officer); Kirby Fine (Executive Officer/Director); Rick Campbell (Executive Officer/Director); Todd Soiefer (Executive Officer/Director),021-507982,0002015099-24-000003,https://www.sec.gov/Archives/edgar/data/2015079/000201509924000003/
Blue Planet Training Inc,1674474,Montclair,07043,Corporation,overFiveYears,False,Other,"$5,000,001 - $25,000,000",2018-03-12,2021-03-23,False,3145410.0,3145410.0,67,True,False,04,John Nugent (Director); Cherita McIntye (Director); Eddie Leung (Executive Officer); Douglas Melder (Executive Officer/Director); William Hoogterp Jr (Executive Officer/Director); Janina Kugel (Director); Bill Moran (Director),021-393242,0001674474-21-000001,https://www.sec.gov/Archives/edgar/data/1674474/000167447421000001/
Blue Planet Training Inc,1674474,Montclair,07043,Corporation,overFiveYears,False,Other,"$5,000,001 - $25,000,000",2020-07-15,2021-03-24,False,816852.0,816852.0,39,True,False,04,William Hoogterp Jr (Executive Officer/Director); Douglas Melder (Executive Officer/Director); Eddie Leung (Executive Officer); Cherita McIntye (Director); John Nugent (Director); Janina Kugel (Director); Bill Moran (Director),021-393250,0001674474-21-000002,https://www.sec.gov/Archives/edgar/data/1674474/000167447421000002/
Blue Planet Training Inc,1674474,Montclair,07043,Corporation,overFiveYears,False,Other,"$5,000,001 - $25,000,000",2021-08-24,2025-08-05,True,6463421.0,6118712.0,103,True,False,04,Adam Grant (Director); Giancarlo Esposito (Director); Michelle Lee (Director); Panagiotis Gianopoulos (Director); William Moran (Director); Molly Ringwald (Director); Cathy Wong (Executive Officer); Cherita McIntye (Director); Chris Varelas (Director); William Hoogterp Jr (Executive Officer/Director); Joanne Mallia-Barsati (Director); Kim Polese (Director); John Nugent (Director); Zhenguo Yao (Director); Jia Jiang (Director); Eddie Leung (Executive Officer); Jamie Merisotis (Director); David Fizdale (Director); Brian Boland (Director),021-411791,0001674474-25-000002,https://www.sec.gov/Archives/edgar/data/1674474/000167447425000002/
Blue Sage Solutions LLC,1839280,Englewood Cliffs,07632,Limited Liability Company,overFiveYears,False,Computers,"$5,000,001 - $25,000,000",2020-12-23,2021-01-08,False,35000000.0,35000000.0,3,True,False,"06b, 4a5",David Aach (Executive Officer),021-385699,0001839280-21-000001,https://www.sec.gov/Archives/edgar/data/1839280/000183928021000001/
"Blue Sky Stones, Inc.",1981570,North Brunswick,08902,Corporation,2022,True,Other,"$1 - $1,000,000",2023-05-25,2023-06-14,False,15750.0,15750.0,1,True,False,06b,Mayank Jhanjhri (Director/Promoter),021-484256,0001981570-23-000001,https://www.sec.gov/Archives/edgar/data/1981570/000198157023000001/
"Blue Stripes, Inc.",1819153,Closter,07624,Corporation,overFiveYears,False,Other,Decline to Disclose,2022-12-22,2023-01-25,False,6150000.0,6150000.0,21,True,False,06b,Oren Maor (Director); Ofer Koren (Director); Nir Caspi (Director); Scott Collier (Director); Kristoffel Meulen (Director); Aviv Schwietzer (Executive Officer); Oded Brenner (Executive Officer/Director); Ricky Neumann (Director),021-471757,0001819153-23-000003,https://www.sec.gov/Archives/edgar/data/1819153/000181915323000003/
"Borobabi, Co.",1826274,Ridgewood,07450,Corporation,2020,True,Retailing,Decline to Disclose,2020-10-04,2021-03-11,True,1300000.0,1100000.0,63,False,False,06b,Butler Carolyn (Executive Officer/Director); Rich Amsinger (Director),021-377473,0001826274-21-000001,https://www.sec.gov/Archives/edgar/data/1826274/000182627421000001/
Boxcar Inc.,1945555,Chatham,07928,Corporation,overFiveYears,False,Business Services,Decline to Disclose,2022-07-21,2022-10-25,False,1781457.0,1651333.0,20,True,False,06b,Joseph Colangelo (Executive Officer/Director/Promoter); Dan Kelly (Executive Officer/Director/Promoter); Owen Lee (Executive Officer/Director/Promoter),021-462673,0001567619-22-018735,https://www.sec.gov/Archives/edgar/data/1945555/000156761922018735/
Boxcar Inc.,1945555,Chatham,07928,Corporation,overFiveYears,False,Business Services,Decline to Disclose,2024-04-26,2024-09-24,False,5486790.0,2466857.0,18,True,False,06b,Owen Lee (Director/Executive Officer/Promoter); Dan Kelly (Director/Executive Officer/Promoter); Joseph Colangelo (Director/Executive Officer/Promoter),021-524789,0000929638-24-003209,https://www.sec.gov/Archives/edgar/data/1945555/000092963824003209/
"Brain Temp, Inc.",2045340,"Montclair,",07042,Corporation,overFiveYears,False,Other Technology,Decline to Disclose,2024-11-04,2024-11-19,False,6595338.0,6595338.0,1,True,False,06b,Bryan Grulke (Director); Jeffrey Carr (Director); Terry Wall (Executive Officer/Director),021-529802,0002045340-24-000001,https://www.sec.gov/Archives/edgar/data/2045340/000204534024000001/
BrainKube Inc,2087565,Edgewater,07020,Corporation,2025,True,Other Technology,No Revenues,,2025-10-02,False,10000000.0,0.0,0,False,False,06c,Rishabh Singh (Executive Officer/Promoter); Minshic Kim (Executive Officer/Promoter); Jirook Kim (Director/Promoter),021-559588,0002087565-25-000003,https://www.sec.gov/Archives/edgar/data/2087565/000208756525000003/
"Brooklyn Dumpling Parent Holdings, Inc.",2003006,Hackensack,07601,Corporation,2023,True,Other,Decline to Disclose,2024-10-24,2024-11-07,False,400000.0,400000.0,4,True,False,06b,Ashley Davis (Director); Rose Registre (Director); Jeff Galletly (Executive Officer/Director); Tim Driscoll (Director); Igor Kostioutchenko (Executive Officer); Claudia Lezcano (Director); Pat Carey (Director); Daniel Nauth (Director),021-528855,0001062993-24-018551,https://www.sec.gov/Archives/edgar/data/2003006/000106299324018551/
"Brooklyn Dumpling Parent Holdings, Inc.",2003006,Hackensack,07601,Corporation,2023,True,Other,Decline to Disclose,2024-12-27,2025-01-06,False,225000.0,225000.0,3,True,False,06b,Rose Registre (Director); Igor Kostioutchenko (Executive Officer); Ashley Davis (Director); Pat Carey (Director); Tim Driscoll (Director); Claudia Lezcano (Director); Daniel Nauth (Director); Jeff Galletly (Executive Officer/Director),021-534324,0001062993-25-000371,https://www.sec.gov/Archives/edgar/data/2003006/000106299325000371/
"Brooklyn Dumpling Parent Holdings, Inc.",2003006,Hackensack,07601,Corporation,2023,True,Other,Decline to Disclose,2025-03-31,2025-04-11,False,200000.0,200000.0,3,False,True,06b,Claudia Lezcano (Director); Igor Kostioutchenko (Director); Ashley Davis (Director); Pat Carey (Director); Rose Registre (Director); Tim Driscoll (Director); Jeff Galletly (Executive Officer/Director); Daniel Nauth (Director),021-543432,0001062993-25-007331,https://www.sec.gov/Archives/edgar/data/2003006/000106299325007331/
"Brooklyn Dumpling Parent Holdings, Inc.",2003006,Hackensack,07601,Corporation,2023,True,Other,Decline to Disclose,2025-04-16,2025-05-20,False,100000.0,100000.0,1,True,False,06b,Claudia Lezcano (Director); Igor Kostioutchenko (Executive Officer); Jeff Galletly (Executive Officer/Director); Tim Driscoll (Director); Ashley Davis (Director); Daniel Nauth (Director); Rose Registre (Director); Pat Carey (Director),021-546663,0001062993-25-009844,https://www.sec.gov/Archives/edgar/data/2003006/000106299325009844/
"Brooklyn Dumpling Parent Holdings, Inc.",2003006,Hackensack,07601,Corporation,2023,True,Other,Decline to Disclose,2025-05-12,2025-05-20,False,25000.0,25000.0,1,False,True,06b,Ashley Davis (Director); Pat Carey (Director); Jeff Galletly (Executive Officer/Director); Daniel Nauth (Director); Rose Registre (Director); Tim Driscoll (Director); Claudia Lezcano (Director); Igor Kostioutchenko (Executive Officer),021-546662,0001062993-25-009843,https://www.sec.gov/Archives/edgar/data/2003006/000106299325009843/
"Brooklyn Dumpling Parent Holdings, Inc.",2003006,Hackensack,07601,Corporation,2023,True,Other,Decline to Disclose,2025-05-21,2025-05-30,False,30000.0,30000.0,1,True,False,06b,Ashley Davis (Director); Rose Registre (Director); Claudia Lezcano (Director); Pat Carey (Director); Daniel Nauth (Director); Tim Driscoll (Director); Igor Kostioutchenko (Executive Officer); Jeff Galletly (Executive Officer/Director),021-547647,0001062993-25-010532,https://www.sec.gov/Archives/edgar/data/2003006/000106299325010532/
"Brooklyn Dumpling Parent Holdings, Inc.",2003006,Hackensack,07601,Corporation,2023,True,Other,Decline to Disclose,2025-07-02,2025-07-07,False,25000.0,25000.0,1,False,True,06b,Rose Registre (Director); Jeff Galletly (Executive Officer/Director); Daniel Nauth (Director); Claudia Lezcano (Director); Ashley Davis (Director); Pat Carey (Director); Tim Driscoll (Director); Igor Kostioutchenko (Executive Officer),021-550858,0001062993-25-012584,https://www.sec.gov/Archives/edgar/data/2003006/000106299325012584/
"Brooklyn Dumpling Parent Holdings, Inc.",2003006,Hackensack,07601,Corporation,2023,True,Other,Decline to Disclose,2025-07-10,2025-09-08,False,1000000.0,1000000.0,1,False,True,06b,Jeff Galletly (Executive Officer/Director); Ashley Davis (Director); Igor Kostioutchenko (Executive Officer); Pat Carey (Director); Daniel Nauth (Director); Rose Registre (Director); Tim Driscoll (Director); Claudia Lezcano (Director),021-556905,0001062993-25-015377,https://www.sec.gov/Archives/edgar/data/2003006/000106299325015377/
"Brooklyn Dumpling Parent Holdings, Inc.",2003006,Hackensack,07601,Corporation,2023,True,Other,Decline to Disclose,2025-07-10,2025-09-08,False,75000.0,0.0,2,False,False,06b,Daniel Nauth (Director); Claudia Lezcano (Director); Pat Carey (Director); Igor Kostioutchenko (Executive Officer); Tim Driscoll (Director); Ashley Davis (Director); Jeff Galletly (Executive Officer/Director); Rose Registre (Director),021-556899,0001062993-25-015376,https://www.sec.gov/Archives/edgar/data/2003006/000106299325015376/
"Brooklyn Dumpling Parent Holdings, Inc.",2003006,Hackensack,07601,Corporation,2023,True,Other,Decline to Disclose,2025-10-08,2025-10-14,False,350000.0,350000.0,1,True,False,06b,Daniel Nauth (Director); Rose Registre (Director); Claudia Lezcano (Director); Pat Carey (Director); Igor Kostioutchenko (Executive Officer); Ashley Davis (Director); Jeff Galletly (Executive Officer/Director); Tim Driscoll (Director),021-560666,0001062993-25-016042,https://www.sec.gov/Archives/edgar/data/2003006/000106299325016042/
"Brooklyn Dumpling Parent Holdings, Inc.",2003006,Hackensack,07601,Corporation,2023,True,Other,Decline to Disclose,2025-10-09,2025-10-14,False,100000.0,100000.0,1,True,False,06b,Igor Kostioutchenko (Executive Officer); Ashley Davis (Director); Rose Registre (Director); Jeff Galletly (Executive Officer/Director); Claudia Lezcano (Director); Daniel Nauth (Director); Pat Carey (Director); Tim Driscoll (Director),021-560663,0001062993-25-016041,https://www.sec.gov/Archives/edgar/data/2003006/000106299325016041/
"Brooklyn Dumpling Parent Holdings, Inc.",2003006,Hackensack,07601,Corporation,2023,True,Other,Decline to Disclose,2025-11-05,2025-11-05,False,166667.0,166667.0,1,True,False,06b,Rose Registre (Director); Tim Driscoll (Director); Ashley Davis (Director); Claudia Lezcano (Director); Igor Kostioutchenko (Executive Officer); Jeff Galletly (Executive Officer/Director); Daniel Nauth (Director); Pat Carey (Director),021-563219,0001062993-25-016506,https://www.sec.gov/Archives/edgar/data/2003006/000106299325016506/
"Brooklyn Dumpling Parent Holdings, Inc.",2003006,Hackensack,07601,Corporation,2023,True,Other,Decline to Disclose,2025-11-28,2025-12-10,False,25000.0,25000.0,1,False,True,06b,Pat Carey (Director); Daniel Nauth (Director); Ashley Davis (Director); Claudia Lezcano (Director); Jeff Galletly (Executive Officer/Director); Rose Registre (Director); Igor Kostioutchenko (Executive Officer); Tim Driscoll (Director),021-566393,0001062993-25-017266,https://www.sec.gov/Archives/edgar/data/2003006/000106299325017266/
"Brooklyn Dumpling Parent Holdings, Inc.",2003006,Hackensack,07601,Corporation,2023,True,Other,Decline to Disclose,2025-12-08,2025-12-10,False,30000.0,30000.0,1,False,True,06b,Tim Driscoll (Director); Ashley Davis (Director); Rose Registre (Director); Jeff Galletly (Executive Officer/Director); Pat Carey (Director); Igor Kostioutchenko (Executive Officer); Claudia Lezcano (Director); Daniel Nauth (Director),021-566398,0001062993-25-017269,https://www.sec.gov/Archives/edgar/data/2003006/000106299325017269/
"Brooklyn Dumpling Parent Holdings, Inc.",2003006,Hackensack,07601,Corporation,2023,True,Other,Decline to Disclose,2025-12-24,2025-12-29,False,25000.0,25000.0,1,False,True,06b,Tim Driscoll (Director); Ashley Davis (Director); Rose Registre (Director); Igor Kostioutchenko (Executive Officer); Daniel Nauth (Director); Claudia Lezcano (Director); Jeff Galletly (Executive Officer/Director); Pat Carey (Director),021-568112,0001062993-25-017477,https://www.sec.gov/Archives/edgar/data/2003006/000106299325017477/
"Brooklyn Dumpling Parent Holdings, Inc.",2003006,Hackensack,07601,Corporation,2023,True,Other,Decline to Disclose,2026-01-09,2026-01-14,False,126750.0,126750.0,1,True,False,06b,Claudia Lezcano (Director); Daniel Nauth (Director); Rose Registre (Director); Ashley Davis (Director); Pat Carey (Director); Jeff Galletly (Executive Officer/Director); Tim Driscoll (Director); Igor Kostioutchenko (Executive Officer),021-569942,0001062993-26-000250,https://www.sec.gov/Archives/edgar/data/2003006/000106299326000250/
"Brooklyn Dumpling Parent Holdings, Inc.",2003006,Hackensack,07601,Corporation,2023,True,Other,Decline to Disclose,2026-01-29,2026-01-29,False,75000.0,75000.0,2,True,False,06b,Daniel Nauth (Director); Ashley Davis (Director); Claudia Lezcano (Director); Jeff Galletly (Executive Officer/Director); Rose Registre (Director); Pat Carey (Director); Tim Driscoll (Director); Igor Kostioutchenko (Executive Officer),021-571742,0001062993-26-000486,https://www.sec.gov/Archives/edgar/data/2003006/000106299326000486/
"Brooklyn Dumpling Parent Holdings, Inc.",2003006,Hackensack,07601,Corporation,2023,True,Other,Decline to Disclose,2026-03-04,2026-03-12,False,257000.0,257000.0,4,True,False,06b,Jeff Galletly (Executive Officer/Director); Igor Kostioutchenko (Executive Officer); Ashley Davis (Director); Pat Carey (Director); Tim Driscoll (Director); Rose Registre (Director); Claudia Lezcano (Director); Daniel Nauth (Director),021-576307,0001062993-26-001399,https://www.sec.gov/Archives/edgar/data/2003006/000106299326001399/
"Brooklyn Dumpling Parent Holdings, Inc.",2003006,Hackensack,07601,Corporation,2023,True,Other,Decline to Disclose,2026-03-04,2026-03-12,False,212500.0,212500.0,4,True,False,06b,Pat Carey (Director); Jeff Galletly (Executive Officer/Director); Rose Registre (Director); Claudia Lezcano (Director); Ashley Davis (Director); Daniel Nauth (Director); Igor Kostioutchenko (Executive Officer); Tim Driscoll (Director),021-576305,0001062993-26-001398,https://www.sec.gov/Archives/edgar/data/2003006/000106299326001398/
"Brooklyn Dumpling Parent Holdings, Inc.",2003006,Hackensack,07601,Corporation,2023,True,Other,Decline to Disclose,2026-03-06,2026-03-18,False,100000.0,100000.0,1,True,False,06b,Tim Driscoll (Director); Ashley Davis (Director); Daniel Nauth (Director); Claudia Lezcano (Director); Igor Kostioutchenko (Executive Officer); Pat Carey (Director); Rose Registre (Director); Jeff Galletly (Executive Officer/Director),021-576906,0001062993-26-001514,https://www.sec.gov/Archives/edgar/data/2003006/000106299326001514/
"Bryn Pharma, Inc.",1746919,Lebanon,08833,Corporation,overFiveYears,False,Other Health Care,Decline to Disclose,2025-04-10,2025-08-14,False,4692830.0,4692830.0,105,False,False,06b,Anne Whitaker (Director); Michael Kaseta (Director); Jeff Hartness (Director); Steven Hartman (Director); Joshua Ziel (Executive Officer); Michelle Lobel (Director); Steven Killmeyer (Executive Officer); Marc Rapaport (Director); Lisa Licht (Director); Sandra Loreaux (Director); James Borneman (Executive Officer); Kate Soper Diaz (Director),021-554789,0001746919-25-000007,https://www.sec.gov/Archives/edgar/data/1746919/000174691925000007/
Buckle Corp.,1818302,Jersey City,07310,Corporation,2019,True,Other Technology,Decline to Disclose,2021-07-16,2021-11-04,False,59999965.0,59999965.0,36,True,False,06b,Vikas Singhal (Director); Dustin Walsey (Executive Officer/Director); Jonathan Kalman (Director); Kristi Matus (Executive Officer); Jeffrey Nash (Executive Officer); Cort Ahl (Director); Andrew Rear (Director); Bryson Koehler (Director); Marty Young (Executive Officer/Director),021-419802,0001193805-21-001529,https://www.sec.gov/Archives/edgar/data/1818302/000119380521001529/
"Business Tools, LLC",1871522,Pine Brook,07058,Limited Liability Company,2021,True,Other Technology,Decline to Disclose,2021-06-08,2021-07-30,False,150000.0,150000.0,1,True,False,06b,Gallant Dill (Executive Officer),021-408281,0000908834-21-000030,https://www.sec.gov/Archives/edgar/data/1871522/000090883421000030/
"CALADRIUS BIOSCIENCES, INC.",320017,Basking Ridge,07920,Corporation,overFiveYears,False,Biotechnology,Decline to Disclose,2021-01-25,2021-02-01,False,25000000.0,25000000.0,23,True,False,06b,Steven Klosk (Director); Gregory Brown (Director); Steven Myers (Director); Cynthia Schwalm (Director); Peter Traber (Director); Anne Whitaker (Director); David Mazzo (Executive Officer/Director); Michael Davidson (Director),021-388000,0000320017-21-000010,https://www.sec.gov/Archives/edgar/data/320017/000032001721000010/
"CANCER GENETICS, INC",1349929,Rutherford,07070,Corporation,overFiveYears,False,Biotechnology,Decline to Disclose,2021-02-01,2021-02-03,False,10000000.0,10000000.0,6,True,False,06b,John Roberts (Executive Officer); Howard McLeod (Director); Geoffrey Harris (Director); Franklyn Prendergast (Director); Edmund Cannon (Director),021-388238,0001493152-21-002458,https://www.sec.gov/Archives/edgar/data/1349929/000149315221002458/
CB World Management LLC,1926549,Iselin,08830,Limited Liability Company,2020,True,Other,Decline to Disclose,,2023-11-08,False,,0.0,0,True,False,06b,David Sheffer (Director); Anthony Arnold (Director); Mutian Rui (Director); Michael Choe (Director); Lee Becker (Director); David Katz (Director); Tom Ealy (Director); Richard Eknoian (Executive Officer/Director),021-496828,0001926549-23-000004,https://www.sec.gov/Archives/edgar/data/1926549/000192654923000004/
CB World Management LLC,1926549,Iselin,08830,Limited Liability Company,2020,True,Other,Decline to Disclose,2024-11-01,2024-11-08,False,,19008599.0,3,True,False,06b,David Katz (Director); Thomas Ealy (Director); Beat Cabiallavetta (Director); Michael Choe (Director); Richard Eknoian (Executive Officer/Director); Anthony Arnold (Director); David Sheffer (Director); Mutian Rui (Director),021-528979,0001926549-24-000001,https://www.sec.gov/Archives/edgar/data/1926549/000192654924000001/
CENNTRO ELECTRIC GROUP Ltd,1707919,Freehold,07728,Corporation,2017,True,Manufacturing,Decline to Disclose,2022-07-20,2022-08-04,False,,58300000.0,5,True,True,06b,Peter Wang (Executive Officer/Director); Tony Tsai (Executive Officer); Joe Tong (Director); Chris Thorne (Director); Wei Zhong (Executive Officer); Benjamin Ge (Director); Edmond Cheng (Executive Officer); Marianne McInerney (Executive Officer); Justin Davis-Rice (Director),021-454939,0001567619-22-014942,https://www.sec.gov/Archives/edgar/data/1707919/000156761922014942/
"CERTIFICIAL, INC.",1867626,Jersey City,07302,Corporation,2021,True,Other Technology,Decline to Disclose,2021-05-20,2021-06-21,False,5805082.0,5805082.0,8,True,False,06b,ROBERT BLANCHETTE (Executive Officer/Director); PETER TERESI (Executive Officer/Director); MATTHEW PERLMAN (Director); TOBIAS WALTER (Director),021-403522,0001867626-21-000001,https://www.sec.gov/Archives/edgar/data/1867626/000186762621000001/
"CHP Cedar SPV II, LLC",1850925,Summit,07901,Limited Liability Company,2021,True,Other,Decline to Disclose,2021-03-04,2021-03-16,False,2247192.0,2247192.0,15,True,False,06b,"James Olsen (Executive Officer); -- Concord Management Services, LLC (Promoter)",021-392399,0000897069-21-000151,https://www.sec.gov/Archives/edgar/data/1850925/000089706921000151/
CHURCH & DWIGHT CO INC /DE/,313927,Ewing,08628,Corporation,overFiveYears,False,Other,"Over $100,000,000",,2022-09-15,False,,0.0,0,True,False,06b,Bradley Irwin (Director); Ravichandra Saligram (Director); Barry Bruno (Executive Officer); Arthur Winkleblack (Director); Brian Buchert (Executive Officer); Rene Hemsey (Executive Officer); Bradlen Cashaw (Director); Susan Saideman (Director); Kevin Gokey (Executive Officer); Michael Read (Executive Officer); Richard Dierker (Executive Officer); Rick Spann (Executive Officer); Robert Shearer (Director); Paul Wood (Executive Officer); Patrick de Maynadier (Executive Officer); Laurie Yoler (Director); James Craigie (Director); Surabhi Pokhriyal (Executive Officer); Janet Vergis (Director); Carlos Linares (Executive Officer); Penry Price (Director); Joseph Longo (Executive Officer); Matthew Farrell (Executive Officer/Director),021-459036,0001012975-22-000401,https://www.sec.gov/Archives/edgar/data/313927/000101297522000401/
CHURCH & DWIGHT CO INC /DE/,313927,Ewing,08628,Corporation,overFiveYears,False,Other,"Over $100,000,000",2025-05-11,2025-05-27,False,50000000.0,50000000.0,1,True,False,06b,Ravichandra Saligram (Director); Patrick de Maynadier (Executive Officer); Matthew Farrell (Director); Robert Shearer (Director); Carlos Ruiz (Executive Officer); Lee McChesney (Executive Officer); Richard Dierker (Executive Officer/Director); Laurie Yoler (Director); Michael Read (Executive Officer); Mark Magazine (Executive Officer); Michael Smith (Director); Brian Buchert (Executive Officer); Kevin Gokey (Executive Officer); Penry Price (Director); Joseph Longo (Executive Officer); Bradlen Cashaw (Director); Carlen Hooker (Executive Officer); Janet Vergis (Director); Rene Hemsey (Executive Officer); Surabhi Pokhriyal (Executive Officer); Carlos Linares (Executive Officer); Arthur Winkleback (Director); Susan Saideman (Director); Bradley Irwin (Director),021-547254,0001012975-25-000270,https://www.sec.gov/Archives/edgar/data/313927/000101297525000270/
CISTUS MEDIA INC.,2032316,Montclair,07043,Corporation,2024,True,Other,Decline to Disclose,2024-07-19,2024-08-01,False,1000000.0,250000.0,3,True,False,06b,CANDI CARTER (Executive Officer/Director),021-520357,0002032316-24-000001,https://www.sec.gov/Archives/edgar/data/2032316/000203231624000001/
CISTUS MEDIA INC.,2032316,Montclair,07043,Corporation,2024,True,Other,Decline to Disclose,2025-05-06,2025-06-16,False,750000.0,50000.0,1,True,False,06b,CANDI CARTER (Executive Officer/Director),021-549012,0002032316-25-000002,https://www.sec.gov/Archives/edgar/data/2032316/000203231625000002/
CLIO LLC,1745657,Piscataway,08854,Limited Liability Company,overFiveYears,False,Other,Decline to Disclose,2022-09-09,2022-09-26,False,20014890.0,17810913.0,13,True,False,06b,Julian Steinberg (Director); Rafael Rodas (Executive Officer); John Bush (Director); John Thompson (Executive Officer); Alyssa Ferenz (Director); John McGuckin (Executive Officer); Sergey Konchakovskiy (Executive Officer/Director/Promoter),021-459818,0001745657-22-000001,https://www.sec.gov/Archives/edgar/data/1745657/000174565722000001/
"CLMB, Inc.",1838786,Basking Ridge,07920,Corporation,2020,True,Other,Decline to Disclose,2021-01-11,2021-02-16,False,750000.0,100000.0,1,True,False,06b,Benjamin Silvey (Executive Officer/Director),021-389467,0001838786-21-000001,https://www.sec.gov/Archives/edgar/data/1838786/000183878621000001/
COMPREHENSIVE HEALTHCARE SYSTEMS INC. (CANADA),1889352,Edison,08817,Corporation,overFiveYears,False,Other Technology,"$1,000,001 - $5,000,000",2025-03-07,2025-04-17,False,103883.0,103883.0,4,True,False,06b,Chris Cosgrove (Executive Officer/Director); Indranil Chowdhury (Executive Officer); Vikas Ranjan (Director); Amit Dutta (Director),021-543998,0001727689-25-000026,https://www.sec.gov/Archives/edgar/data/1889352/000172768925000026/
"CONTAINIQ, INC.",1853478,Hoboken,07030,Corporation,2020,True,Other Technology,Decline to Disclose,2021-03-17,2021-10-12,True,2580000.0,2580000.0,30,False,False,"04, 06b",NATHANIEL MATHERSON (Executive Officer/Director); MATTHEW LENHARD (Executive Officer/Director),021-393551,0001853478-21-000002,https://www.sec.gov/Archives/edgar/data/1853478/000185347821000002/
CORE CONSUMER HEALTHCARE LLC,1865847,Somerville,08876,Limited Liability Company,2020,True,Other Health Care,Decline to Disclose,,2021-08-03,False,1500000.0,0.0,0,True,False,06b,KANIKA WAHI (Director); DENNIS O'DONNELL (Executive Officer/Director),021-408532,0001865847-21-000001,https://www.sec.gov/Archives/edgar/data/1865847/000186584721000001/
"CRB Group, Inc.",1688431,Fort Lee,07024,Corporation,overFiveYears,False,Other Banking and Financial Services,Decline to Disclose,2021-02-01,2021-02-16,False,6000000.0,6000000.0,62,True,False,06b,Phillip Riese (Director); Drew Parker (Director); Shimshon Gross (Director); David Nachbar (Executive Officer); Michael Raff (Executive Officer); Noah Cooper (Executive Officer); Arlen Gelbard (Executive Officer); Adam Goller (Executive Officer); Israel Sendrovic (Director); Charles Scharf (Director); David Cotney (Director); Scott Tobin (Director); Mark Wagener (Director); Kris Pease (Executive Officer); Julie Schechter (Director); K. Waterman (Director); Kathy Nelson (Executive Officer); Gilles Gade (Executive Officer/Director),021-389551,0001688431-21-000001,https://www.sec.gov/Archives/edgar/data/1688431/000168843121000001/
"CRB Group, Inc.",1688431,Fort Lee,07024,Corporation,overFiveYears,False,Other Banking and Financial Services,Decline to Disclose,2022-01-28,2022-02-11,False,,344120148.0,29,True,False,06b,David Nachbar (Executive Officer); K. Waterman (Director); David Cotney (Director); Kathy Nelson (Executive Officer); Shimon Eisikowicz (Executive Officer); Israel Sendrovic (Director); Karan Mehta (Executive Officer); Kristopher Pease (Executive Officer); Charles Scharf (Director); Arlen Gelbard (Executive Officer); Mark Wagener (Director); Shimshon Gross (Director); Noah Cooper (Executive Officer); Julie Schechter (Director); Gilles Gade (Executive Officer/Director); Drew Parker (Director); Michael Raff (Executive Officer); Adam Goller (Executive Officer); Scott Tobin (Director); Phillip Riese (Director),021-433433,0001688431-22-000001,https://www.sec.gov/Archives/edgar/data/1688431/000168843122000001/
CRETech 5th Wall Climate LLC,1876384,Gladstone,07934,Limited Liability Company,2021,True,Other Technology,Decline to Disclose,2021-08-10,2021-08-13,False,2375000.0,2375000.0,21,True,False,"06b, 3C, 3C.1",CRETech 5th Wall Climate Manager LLC (Director); Ira Bergstein (Executive Officer); Michael Beckerman (Executive Officer/Director/Promoter),021-409954,0001876384-21-000001,https://www.sec.gov/Archives/edgar/data/1876384/000187638421000001/
"CS Renewables, Inc.",2000783,Fort Lee,07024,Corporation,2023,True,Other Energy,Decline to Disclose,2023-08-21,2023-11-14,False,1000000.0,1000000.0,2,True,False,06b,HAKBIN KIM (Director); CHANGHUN KIM (Director); ILWOO CHOI (Executive Officer/Director),021-497111,0002000783-23-000002,https://www.sec.gov/Archives/edgar/data/2000783/000200078323000002/
"CS Renewables, Inc.",2000783,Fort Lee,07024,Corporation,2023,True,Other Energy,Decline to Disclose,2023-10-31,2023-11-13,False,1000000.0,1000000.0,2,True,False,06b,CHANGHUN KIM (Director); ILWOO CHOI (Executive Officer/Director); HAKBIN KIM (Director),021-497109,0002000783-23-000001,https://www.sec.gov/Archives/edgar/data/2000783/000200078323000001/
Calamu Technologies Corp,1906454,Asbury,08802,Corporation,2019,True,Other Technology,Decline to Disclose,2022-01-12,2022-01-27,False,19475002.0,19475002.0,41,True,False,06b,John Stewart (Director); Steve Ward (Director); Paul Lewis (Executive Officer/Director); Lou Ryan (Director),021-431080,0001231919-22-000005,https://www.sec.gov/Archives/edgar/data/1906454/000123191922000005/
Candlestick Inc.,1899132,Nutley,07110,Corporation,2020,True,Other Technology,Decline to Disclose,2021-11-24,2021-12-15,False,1000000.0,650000.0,1,True,False,06b,Anthony DiMaggio (Executive Officer/Director); George Eilender (Executive Officer/Director); Karl Kanhai (Executive Officer/Director),021-424994,0001899132-21-000001,https://www.sec.gov/Archives/edgar/data/1899132/000189913221000001/
Canned Goods Productions LLC,2041256,Tenafly,07670,Limited Liability Company,2023,True,Other,Decline to Disclose,2024-10-08,2024-10-21,False,1000000.0,275000.0,7,False,False,06b,Erik Kahn (Executive Officer),021-527354,0002041256-24-000001,https://www.sec.gov/Archives/edgar/data/2041256/000204125624000001/
"CaraVan Biologix, Inc.",1837437,Andover,07821,Corporation,2020,True,Biotechnology,Decline to Disclose,2022-03-07,2022-03-22,False,5000000.0,1718840.0,12,True,False,06b,Michael Martino (Director); Thomas Malcolm (Executive Officer/Director); Jeffrey Riley (Executive Officer/Director); Llew Keltner (Director),021-438398,0001837437-22-000003,https://www.sec.gov/Archives/edgar/data/1837437/000183743722000003/
Caregility Corp,2099983,Wall Township,07753,Corporation,overFiveYears,False,Telecommunications,Decline to Disclose,2025-05-30,2025-12-15,False,8764711.0,7486010.0,39,True,False,06b,Bruce Eatroff (Director); York Wang (Director); Tod Nestor (Executive Officer); Ronald Gaboury (Executive Officer/Director); David Shulkin (Director); Michael Brandofino (Executive Officer),021-566761,0002099983-25-000001,https://www.sec.gov/Archives/edgar/data/2099983/000209998325000001/
Carry: Athlete Investing Inc.,1892241,Glen Rock,07452,Corporation,2021,True,Other,Decline to Disclose,2021-10-21,2021-11-05,False,1100000.0,10000.0,1,False,False,06b,Donald Dotson (Executive Officer/Director),021-420070,0001892241-21-000001,https://www.sec.gov/Archives/edgar/data/1892241/000189224121000001/
"Cash Mgt Solutions, LLC",1940714,Summit,07901,Limited Liability Company,2022,True,Other,Decline to Disclose,2022-07-25,2022-08-02,False,425000.0,425000.0,4,True,False,06b,"Annie Lan (Executive Officer/Director); Francis Leto (Director); Mark McGrath, Sr. (Executive Officer/Director); E. Bissell (Executive Officer/Director); Robert Chefitz (Executive Officer/Director); Thomas Raftery (Executive Officer)",021-454556,0001940714-22-000001,https://www.sec.gov/Archives/edgar/data/1940714/000194071422000001/
"Cash Mgt Solutions, LLC",1940714,Summit,07901,Limited Liability Company,2022,True,Other,Decline to Disclose,2025-12-19,2026-01-12,False,450000.0,450000.0,6,True,False,06b,"Mark McGrath, Sr. (Executive Officer/Director); Annie Lan (Executive Officer/Director); Robert Chefitz (Executive Officer/Director); Francis Leto (Director)",021-569620,0001940714-26-000001,https://www.sec.gov/Archives/edgar/data/1940714/000194071426000001/
"Cellectar Biosciences, Inc.",1279704,Florham Park,07932,Corporation,overFiveYears,False,Pharmaceuticals,No Revenues,2020-12-28,2021-01-08,False,20499993.0,20499993.0,16,True,False,06b,Dov Elefant (Executive Officer); James Caruso (Executive Officer/Director); Frederick Driscoll (Director); Stephen Hill (Director); John Friend (Director); John Neis (Director); Douglas Swirsky (Director); Jarrod Longcor (Executive Officer); Stefan Loren (Director),021-385736,0001279704-21-000001,https://www.sec.gov/Archives/edgar/data/1279704/000127970421000001/
"Cellectar Biosciences, Inc.",1279704,Florham Park,07932,Corporation,overFiveYears,False,Biotechnology,Decline to Disclose,2023-09-08,2023-09-22,False,24500000.0,24500000.0,21,True,False,06b,Chad Kolean (Executive Officer); Jarrod Longcor (Executive Officer); Darrell Lea (Executive Officer); Frederick Driscoll (Director); James Caruso (Executive Officer/Director); Stefan Loren (Director); John Neis (Director); Asher Chanan-Kahn (Director); Douglas Swirsky (Director); Andrei Shustov (Executive Officer),021-492849,0001104659-23-103209,https://www.sec.gov/Archives/edgar/data/1279704/000110465923103209/
"Cellix Biosciences, Inc.",1772419,Newark,07103,Corporation,2017,True,Other,Decline to Disclose,2019-03-20,2021-03-18,True,3000000.0,1490000.0,8,False,True,06b,Mahesh Kandula (Director); Subramaniam Apparsundaram (Executive Officer/Director/Promoter); Jaideep Khanna (Director),021-336224,0001772419-21-000001,https://www.sec.gov/Archives/edgar/data/1772419/000177241921000001/
Celsius Network LLC,1923159,Hoboken,07030,Limited Liability Company,2021,True,Other Banking and Financial Services,Decline to Disclose,,2022-04-13,False,,0.0,0,False,False,06c,"Ron Deutsch (Executive Officer); Alexander Mashinsky (Executive Officer); Rod Bolger (Executive Officer); ""Shlomi """"Daniel"""""" Leon (Director); Oren Blonstein (Executive Officer)",021-441693,0001923159-22-000001,https://www.sec.gov/Archives/edgar/data/1923159/000192315922000001/
Celularity Inc,1752828,Florham Park,07932,Corporation,2018,True,Biotechnology,Decline to Disclose,2022-05-20,2022-05-27,False,30000007.0,30000007.0,1,True,False,06c,Bradley Glover (Executive Officer); Andrew Pecora (Executive Officer); Lim Thay (Director); John Sculley (Director); Dean Kehler (Director); Robin Smith (Director); Peter Diamandis (Director); John Haines (Executive Officer); Andrew von Eschenbach (Director); David Beers (Executive Officer); Marc Mazur (Director); Jay Bloom (Director); Robert Hariri (Executive Officer/Director); Keary Dunn (Executive Officer); Stephen Brigido (Executive Officer); Anne Jones (Executive Officer),021-447394,0001752828-22-000005,https://www.sec.gov/Archives/edgar/data/1752828/000175282822000005/
Celularity Inc,1752828,Florham Park,07932,Corporation,overFiveYears,False,Biotechnology,Decline to Disclose,2025-07-21,2025-08-05,False,6812230.0,6812230.0,1,False,True,06b,Vincent LeVien (Director); Robert Hariri (Executive Officer/Director); Joseph DosSantos (Executive Officer); Peter Diamandis (Director); John Haines (Executive Officer); Geoffrey Ling (Director); Stephen Brigido (Executive Officer); Diane Parks (Director),021-553691,0001641172-25-022138,https://www.sec.gov/Archives/edgar/data/1752828/000164117225022138/
Celularity Inc,1752828,Florham Park,07932,Corporation,overFiveYears,False,Biotechnology,Decline to Disclose,2025-07-22,2025-08-05,False,1035000.0,1035000.0,14,True,False,06b,Peter Diamandis (Director); Diane Parks (Director); Geoffrey Ling (Director); Robert Hariri (Executive Officer/Director); Stephen Brigido (Executive Officer); John Haines (Executive Officer); Joseph DosSantos (Executive Officer); Vincent LeVien (Director),021-553689,0001641172-25-022135,https://www.sec.gov/Archives/edgar/data/1752828/000164117225022135/
Celularity Inc,1752828,Florham Park,07932,Corporation,overFiveYears,False,Biotechnology,Decline to Disclose,2025-07-30,2025-08-05,False,2000000.0,2000000.0,1,True,False,06b,Robert Hariri (Executive Officer/Director); Stephen Brigido (Executive Officer); John Haines (Executive Officer); Diane Parks (Director); Vincent LeVien (Director); Peter Diamandis (Director); Joseph DosSantos (Executive Officer); Geoffrey Ling (Director),021-553690,0001641172-25-022137,https://www.sec.gov/Archives/edgar/data/1752828/000164117225022137/
Celularity Inc,1752828,Florham Park,07932,Corporation,overFiveYears,False,Biotechnology,Decline to Disclose,2025-10-24,2025-11-03,False,6666667.0,2000000.0,1,True,False,06c,Diane Parks (Director); Peter Diamandis (Director); John Haines (Executive Officer); Vincent LeVien (Director); Joseph DosSantos (Executive Officer); Robert Hariri (Executive Officer/Director); Geoffrey Ling (Director); Stephen Brigido (Executive Officer),021-562871,0001493152-25-020624,https://www.sec.gov/Archives/edgar/data/1752828/000149315225020624/
Cenntro Automotive Group Ltd,1895651,Freehold,07728,Other,overFiveYears,False,Other Technology,"$5,000,001 - $25,000,000",2021-11-05,2021-11-29,False,50000000.0,50000000.0,5,False,True,06b,Ming He (Executive Officer/Director); Peter Wang (Executive Officer/Director); Higashi Michihiro (Director); Liu Yun (Director); Yeung Yeung (Director),021-422647,0001895651-21-000001,https://www.sec.gov/Archives/edgar/data/1895651/000189565121000001/
"Centry Pharma, Inc.",1859637,Fort Lee,07024,Corporation,2020,True,Pharmaceuticals,Decline to Disclose,2021-05-23,2021-10-29,True,15299999.0,15299999.0,43,True,False,06b,Kenneth Hoberman (Director); Uri Ben-Or (Executive Officer); Ron Bentsur (Executive Officer/Director); Shay Shemesh (Executive Officer); James Oliviero (Director); Matthew Kaplan (Director); Enrique Poradosu (Executive Officer),021-406723,0001104659-21-131756,https://www.sec.gov/Archives/edgar/data/1859637/000110465921131756/
"Ceptur Therapeutics, Inc.",1810375,Hillsborough,08844,Corporation,2021,True,Biotechnology,Decline to Disclose,2021-12-22,2022-03-09,False,74999978.0,21499994.0,9,True,False,06b,Aaron Kantoff (Director); Paiman Ghoroghchian (Executive Officer/Director); Daniel Heller (Director); Samuel Gunderson (Director),021-436411,0001810375-22-000005,https://www.sec.gov/Archives/edgar/data/1810375/000181037522000005/
CerebrumX Labs Inc.,1853016,Princeton,08540,Corporation,2020,True,Other Technology,Decline to Disclose,2021-03-01,2021-03-24,False,5499998.0,5499998.0,2,True,False,06b,Sumit Chauhan (Executive Officer/Director); Kapil Arora (Executive Officer); Sandip Ranjhan (Executive Officer/Director); Michael Falcon (Director); Amit Gupta (Executive Officer); Prateek Kathpal (Director); Anuradha Gupta (Executive Officer),021-393358,0001567619-21-006853,https://www.sec.gov/Archives/edgar/data/1853016/000156761921006853/
"Certara, Inc.",1827090,Princeton,08540,Corporation,2017,True,Biotechnology,Decline to Disclose,,2021-09-29,False,,0.0,0,True,False,06b,Jieun Choe (Executive Officer); Richard Traynor (Executive Officer); Craig Rayner (Executive Officer); Nancy Killefer (Director); Carol Gallagher (Director); Eric Liu (Director); Robert Aspbury (Executive Officer); Justin Edge (Executive Officer); Leif Pedersen (Executive Officer); Ethan Waxman (Director); Nicolette Sherman (Executive Officer); Cynthia Collins (Director); Michael Andrew Schemick (Executive Officer); Sherilyn McCoy (Executive Officer); Mason Slaine (Director); Matthew Walsh (Director); James Cashman III (Director); Stephen McLean (Director); William Feehery (Executive Officer/Director),021-415092,0001827090-21-000001,https://www.sec.gov/Archives/edgar/data/1827090/000182709021000001/
"Certara, Inc.",1827090,Princeton,08540,Corporation,overFiveYears,False,Biotechnology,Decline to Disclose,,2024-03-27,False,,0.0,0,True,False,06b,Cynthia Collins (Director); Patrick Smith (Executive Officer); Rosemary Crane (Director); Nancy Killefer (Director); Nicolette Sherman (Executive Officer); Eran Broshy (Director); Matthew Walsh (Director); Stephen McLean (Director); John Gallagher III (Executive Officer); Robert Aspbury (Executive Officer); David Spaight (Director); William Feehery (Executive Officer/Director); Leif Pedersen (Executive Officer); James Cashman III (Director); Richard Traynor (Executive Officer),021-508857,0001104659-24-039702,https://www.sec.gov/Archives/edgar/data/1827090/000110465924039702/
"Character Biosciences, Inc.",2066192,Jersey City,07302,Corporation,overFiveYears,False,Biotechnology,Decline to Disclose,2025-03-20,2025-05-12,False,110500000.0,48174992.0,16,True,False,06b,Peter DiLaura (Director); Vivek Garipalli (Director); Nick Olsen (Director); Cheng Zhang (Executive Officer/Director),021-545759,0002066192-25-000001,https://www.sec.gov/Archives/edgar/data/2066192/000206619225000001/
"Character Biosciences, Inc.",2066192,Jersey City,07311,Corporation,overFiveYears,False,Biotechnology,Decline to Disclose,2025-09-02,2025-09-17,False,19649993.0,8855499.0,4,True,False,06b,Reut Shema (Director); Vivek Garipalli (Director); Mayssa Attar (Director); James Kasuboski (Director); Cheng Zhang (Executive Officer/Director); Peter DiLaura (Director); Jason Hafler (Director); Nick Olsen (Director),021-557774,0002066192-25-000003,https://www.sec.gov/Archives/edgar/data/2066192/000206619225000003/
"Chatkick, Inc.",1869211,Hoboken,07030,Corporation,2021,True,Other Technology,Decline to Disclose,2021-06-11,2021-08-05,False,2000000.0,280000.0,5,True,False,06b,Daniel Jakaitis (Executive Officer/Director),021-408977,0001869211-21-000001,https://www.sec.gov/Archives/edgar/data/1869211/000186921121000001/
"ChemoMouthpiece, LLC",1977151,Closter,07624,Limited Liability Company,overFiveYears,False,Other Health Care,No Revenues,2024-02-23,2024-03-04,False,34069098.0,10000000.0,1,True,False,06b,David Yoskowitz (Executive Officer),021-506591,0001977151-24-000001,https://www.sec.gov/Archives/edgar/data/1977151/000197715124000001/
Chicago Football Club P.B.C.,1847574,Hoboken,07030,Corporation,2020,True,Other,"$1 - $1,000,000",,2023-10-11,False,3000000.0,0.0,0,True,False,06c,Peter Wilt (Executive Officer),021-494473,0001847574-23-000002,https://www.sec.gov/Archives/edgar/data/1847574/000184757423000002/
Chicago Football Club P.B.C.,1847574,Hoboken,07030,Corporation,2020,True,Other,"$1 - $1,000,000",,2025-03-03,False,1000000.0,0.0,0,True,False,06c,Peter Wilt (Executive Officer),021-539633,0001847574-25-000001,https://www.sec.gov/Archives/edgar/data/1847574/000184757425000001/
Chinah USA LLC,1815612,East Brunswick,08816,Limited Liability Company,2020,True,Restaurants,"$1 - $1,000,000",,2021-08-20,False,500000.0,0.0,0,False,True,06b,Henry Meng (Executive Officer); Hegel Hei (Executive Officer),021-410720,0001815612-21-000002,https://www.sec.gov/Archives/edgar/data/1815612/000181561221000002/
Chinah USA LLC,1815612,East Brunswick,08816,Limited Liability Company,2020,True,Restaurants,"$1 - $1,000,000",2021-04-01,2021-08-20,False,700000.0,551500.0,22,False,True,06b,Henry Meng (Executive Officer); Hegel Hei (Executive Officer),021-410717,0001815612-21-000001,https://www.sec.gov/Archives/edgar/data/1815612/000181561221000001/
Chinah USA LLC,1815612,East Brunswick,08816,Limited Liability Company,2020,True,Restaurants,"$1 - $1,000,000",2023-02-01,2023-03-20,False,500000.0,250000.0,8,False,True,06b,Hegel Hei (Executive Officer); Henry Meng (Executive Officer),021-476294,0001815612-23-000001,https://www.sec.gov/Archives/edgar/data/1815612/000181561223000001/
Chromocell Therapeutics Corp,1919246,Freehold,07728,Corporation,2021,True,Pharmaceuticals,No Revenues,,2024-08-06,False,30000000.0,0.0,1,True,False,06b,Ezra Friedberg (Director); Chia-Lin Simmons (Director); Richard Malamut (Director); Francis Knuettel (Executive Officer); Eric Lang (Executive Officer); Todd Davis (Director),021-520633,0001919246-24-000002,https://www.sec.gov/Archives/edgar/data/1919246/000191924624000002/
Chromocell Therapeutics Corp,1919246,Freehold,07728,Corporation,2021,True,Pharmaceuticals,No Revenues,2024-07-24,2024-08-06,False,750000.0,750000.0,1,False,True,06b,Francis Knuettel (Executive Officer); Todd Davis (Director); Ezra Friedberg (Director); Richard Malamut (Director); Chia-Lin Simmons (Director); Eric Lang (Executive Officer),021-520632,0001919246-24-000001,https://www.sec.gov/Archives/edgar/data/1919246/000191924624000001/
"Chronic Care Management, Inc.",1722987,Moorestown,08057,Corporation,2017,True,Other Health Care,Decline to Disclose,2021-03-05,2021-03-18,False,7287010.0,5695301.0,17,True,False,06b,Mark Douglas (Executive Officer); Arnold Whitman (Director); John Hopper (Director); Robert Sowislo (Director); Dale Wollschleger (Director); David Hunt (Director); Daniel Hirschfeld (Executive Officer/Director),021-392674,0001722987-21-000002,https://www.sec.gov/Archives/edgar/data/1722987/000172298721000002/
"Chronic Care Management, Inc.",1722987,Moorestown,08057,Corporation,2017,True,Other Health Care,Decline to Disclose,2021-08-27,2021-12-29,True,3000000.0,1887443.0,15,False,True,06b,Alex Washburn (Director); John Hopper (Director); Dale Wollschleger (Director); Russell Hirsch (Director); Mark Douglas (Executive Officer); David Hunt (Executive Officer/Director); Robert Sowislo (Director); Mitchell Daitz (Director),021-412518,0001722987-21-000004,https://www.sec.gov/Archives/edgar/data/1722987/000172298721000004/
"Chronic Care Management, Inc.",1722987,Moorestown,08057,Corporation,2017,True,Other Health Care,Decline to Disclose,2022-08-10,2022-08-22,False,6512597.0,6398523.0,24,True,False,06b,Mitchell Daitz (Director); Dale Wollschleger (Director); John Hopper (Director); David Hunt (Executive Officer/Director); Mark Douglas (Executive Officer); Alex Washburn (Director); Russell Hirsch (Director); Andrew Schoenthal (Director),021-456464,0001722987-22-000001,https://www.sec.gov/Archives/edgar/data/1722987/000172298722000001/
"Cinematic Health Education, Inc.",1819975,Green Brook,08812,Corporation,2018,True,Other Technology,Decline to Disclose,2022-03-29,2022-04-07,False,5000000.0,2967996.0,2,True,False,06b,Richard Segal (Director); Charly Adler (Executive Officer); Dennis Brooks (Executive Officer); Joseph Schneier (Director); Timothy Murray (Executive Officer/Director); Chad Schaedler (Executive Officer),021-440840,0001819975-22-000002,https://www.sec.gov/Archives/edgar/data/1819975/000181997522000002/
"Ciphero AI Technologies, Inc.",2084004,Shrewsbury,07702,Corporation,2025,True,Other Technology,Decline to Disclose,2025-08-29,2025-09-11,False,3000000.0,60000.0,3,False,False,06b,Robert Gross (Executive Officer); Saoud Khalifah (Executive Officer/Director); Sen Tian (Executive Officer),021-557335,0002084004-25-000001,https://www.sec.gov/Archives/edgar/data/2084004/000208400425000001/
"Ciphero AI Technologies, Inc.",2084004,Shrewsbury,07702,Corporation,2025,True,Other Technology,Decline to Disclose,2025-12-14,2025-12-29,False,3000000.0,50000.0,2,False,False,06b,Sen Tian (Executive Officer); Robert Gross (Executive Officer); Saoud Khalifah (Executive Officer/Director),021-568127,0002084004-25-000002,https://www.sec.gov/Archives/edgar/data/2084004/000208400425000002/
"CircleBlack, Inc.",1816802,Kingston,08528,Corporation,overFiveYears,False,Other Technology,Decline to Disclose,2021-10-28,2021-12-07,False,5000000.0,4323790.0,6,True,False,06b,Chad Cutcliff (Executive Officer); Alex Sauickie (Executive Officer),021-423906,0001816802-21-000003,https://www.sec.gov/Archives/edgar/data/1816802/000181680221000003/
"CircleBlack, Inc.",1816802,Jersey City,07302,Corporation,overFiveYears,False,Other Technology,Decline to Disclose,2023-05-31,2023-06-13,False,8250000.0,8250000.0,1,True,False,06b,Lincoln Ross (Executive Officer/Director); Kipp Nelson (Director); Gaurav Bhandari (Director); Susan Michel (Director); W. Whamond (Director); Ranu Dayal (Director); Aron Miodownik (Director),021-484035,0001816802-23-000001,https://www.sec.gov/Archives/edgar/data/1816802/000181680223000001/
"Citius Pharmaceuticals, Inc.",1506251,Cranford,07016,Corporation,overFiveYears,False,Pharmaceuticals,Decline to Disclose,2021-01-27,2021-02-01,False,20000012.0,20000012.0,7,True,False,06b,Carol Webb (Director); Suren Dutia (Director); Leonard Mazur (Executive Officer/Director); Myron Holubiak (Executive Officer/Director); Eugene Holuka (Director); Jaime Bartushak (Executive Officer); William Kane (Director); Howard Safir (Director),021-387992,0001213900-21-005652,https://www.sec.gov/Archives/edgar/data/1506251/000121390021005652/
"Claim Genius, Inc.",1819689,Iselin,08830,Limited Liability Company,2019,True,Other Technology,Decline to Disclose,2021-10-08,2021-10-15,False,6050278.0,6050278.0,0,True,False,06b,Subba Arumilli (Director); Rajesh Pofale (Executive Officer/Director); Cheam Seong (Director); Sanjiv Sahni (Executive Officer/Director),021-417129,0001819689-21-000003,https://www.sec.gov/Archives/edgar/data/1819689/000181968921000003/
"Claris Biotherapeutics, Inc.",1809726,Jersey City,07302,Corporation,2018,True,Biotechnology,Decline to Disclose,2020-04-13,2023-10-24,True,44499994.0,44499994.0,6,True,False,06b,Meredith Fisher (Director); Marc de Garidel (Director); Kenneth Harrison (Director); Clarke Atwell (Executive Officer/Director); Reza Dana (Director),021-365789,0001809726-23-000001,https://www.sec.gov/Archives/edgar/data/1809726/000180972623000001/
"Claris Biotherapeutics, Inc.",1809726,Jersey City,07302,Corporation,overFiveYears,False,Biotechnology,Decline to Disclose,2023-12-28,2024-01-08,False,9999998.0,9999998.0,3,True,False,06b,Henry Rath (Executive Officer); Kenneth Harrison (Director); Marc de Garidel (Director); Meredith Fisher (Director); Reza Dana (Director); Clarke Atwell (Executive Officer/Director); Susan Orr (Executive Officer),021-501855,0001809726-24-000001,https://www.sec.gov/Archives/edgar/data/1809726/000180972624000001/
"Claris Biotherapeutics, Inc.",1809726,Jersey City,07302,Corporation,overFiveYears,False,Biotechnology,Decline to Disclose,2025-02-26,2025-03-07,False,3300000.0,3299999.0,6,False,True,06b,Kenneth Harrison (Director); Henry Rath (Executive Officer); Marc de Garidel (Director); Meredith Fisher (Director); Susan Orr (Executive Officer); Clarke Atwell (Executive Officer/Director); Reza Dana (Director),021-540201,0001809726-25-000001,https://www.sec.gov/Archives/edgar/data/1809726/000180972625000001/
"Claris Biotherapeutics, Inc.",1809726,Jersey City,07302,Corporation,overFiveYears,False,Biotechnology,Decline to Disclose,2025-09-12,2025-09-22,False,2300000.0,2300000.0,6,False,True,06b,Meredith Fisher (Director); Reza Dana (Director); Kenneth Harrison (Director); Henry Rath (Executive Officer); Susan Orr (Executive Officer); Clarke Atwell (Executive Officer/Director); Marc de Garidel (Director),021-558173,0001809726-25-000004,https://www.sec.gov/Archives/edgar/data/1809726/000180972625000004/
Coastal Administrative Holdings LLC,2105670,Northfield,08225,Limited Liability Company,2024,True,Other Health Care,Decline to Disclose,2025-12-12,2026-01-16,False,400000.0,400000.0,9,True,False,06b,Arkady Finkel (Director); Joseph Lemaire (Director); James Frazzetta (Executive Officer); Charlee Feeney (Director); Douglas Tiesi (Director); Alicia Daniels (Director); Laura Cogar (Executive Officer); Thomas Yu (Executive Officer/Director); Nicholas Perosi (Director); N/A Goldfinch Holdings Group LLC (Promoter),021-570259,0001104659-26-004430,https://www.sec.gov/Archives/edgar/data/2105670/000110465926004430/
Cognitive Network Solutions Inc,2060335,Ridgefield Park,07660,Corporation,2024,True,Telecommunications,No Revenues,,2025-09-22,False,1500000.0,0.0,0,False,False,06c,Michael Chiaramonte (Executive Officer); Terence Li (Executive Officer),021-558134,0002060335-25-000003,https://www.sec.gov/Archives/edgar/data/2060335/000206033525000003/
Cognitive Network Solutions Inc,2060335,Ridgefield Park,07660,Corporation,2024,True,Telecommunications,No Revenues,2025-03-03,2025-03-13,False,200000.0,155000.0,4,False,False,06b,Michael Chiaramonte (Executive Officer/Director); Terence Li (Executive Officer/Director),021-540726,0002060335-25-000001,https://www.sec.gov/Archives/edgar/data/2060335/000206033525000001/
CollX Inc.,1911101,Haddonfield,08033,Corporation,2021,True,Other Technology,Decline to Disclose,2023-02-17,2023-03-13,False,3499998.0,3424998.0,7,True,False,06b,Frederick Barnes (Director); Kostas Nasis (Executive Officer/Promoter); Wesley Gottesman (Director); Theodore Mann (Executive Officer/Director/Promoter),021-475690,0001911101-23-000002,https://www.sec.gov/Archives/edgar/data/1911101/000191110123000002/
CollX Inc.,1911101,Haddonfield,08033,Corporation,2021,True,Other Technology,Decline to Disclose,2024-01-31,2024-03-28,False,2500000.0,1327780.0,10,True,False,06b,Theodore Mann (Executive Officer/Director/Promoter); Wesley Gottesman (Director); Kostas Nasis (Executive Officer/Promoter),021-509007,0001911101-24-000001,https://www.sec.gov/Archives/edgar/data/1911101/000191110124000001/
CollX Inc.,1911101,Haddonfield,08033,Corporation,2021,True,Other,Decline to Disclose,2024-11-01,2024-11-05,False,10000000.0,8214999.0,10,True,False,06b,Theodore Mann (Executive Officer/Director); Wesley Gottesman (Director),021-528646,0001911101-24-000002,https://www.sec.gov/Archives/edgar/data/1911101/000191110124000002/
CollX LLC,1911101,Haddonfield,08033,Limited Liability Company,2021,True,Other Technology,Decline to Disclose,2021-11-17,2022-02-16,False,1000000.0,470000.0,14,False,False,06b,Kostas Nasis (Promoter); Theodore Mann (Executive Officer/Director/Promoter),021-433877,0001911101-22-000001,https://www.sec.gov/Archives/edgar/data/1911101/000191110122000001/
"Colliers Engineering & Design, Inc.",1982980,Holmdel,07733,Corporation,overFiveYears,False,Other,Decline to Disclose,2023-05-05,2023-07-13,False,16955994.0,16955994.0,11,True,False,06b,Kevin Haney (Executive Officer/Director); Brian Curtis (Executive Officer); George Schwab IV (Director); Elias Mulamoottil (Director); Matthew Hawkins (Director); Leonardo Ponzio (Executive Officer/Director),021-486808,0001982980-23-000001,https://www.sec.gov/Archives/edgar/data/1982980/000198298023000001/
"Colliers Engineering & Design, Inc.",1982980,Holmdel,07733,Corporation,overFiveYears,False,Other,Decline to Disclose,2024-07-01,2024-08-29,False,1428408.0,1428408.0,9,True,False,06b,George Schwab IV (Director); Leonardo Ponzio (Executive Officer/Director); Matthew Hawkins (Director); Elias Mulamoottil (Director); Kevin Haney (Executive Officer/Director); Brian Curtis (Executive Officer),021-522781,0001982980-24-000001,https://www.sec.gov/Archives/edgar/data/1982980/000198298024000001/
"Colliers Engineering & Design, Inc.",1982980,Holmdel,07733,Corporation,overFiveYears,False,Other,Decline to Disclose,2024-12-02,2024-12-05,False,13585819.0,13585819.0,15,True,False,06b,George Schwab IV (Director); Elias Mulamoottil (Director); Matthew Hawkins (Director); Kevin Haney (Executive Officer/Director); Brian Curtis (Executive Officer); Leonardo Ponzio (Executive Officer/Director),021-531164,0001982980-24-000002,https://www.sec.gov/Archives/edgar/data/1982980/000198298024000002/
Comprehensive Healthcare Systems Inc.,1838086,Edison,08817,Corporation,overFiveYears,False,Other Health Care,Decline to Disclose,2021-01-08,2021-01-14,False,50000.0,50000.0,1,False,True,06b,Amit Dutta (Director); Mariam Cather (Director); Hassan Mohaideen (Executive Officer/Director),021-386388,0000899797-21-000002,https://www.sec.gov/Archives/edgar/data/1838086/000089979721000002/
Concours Pharmaceuticals LLC,1851678,Ewing,08628,Limited Liability Company,2018,True,Biotechnology,Decline to Disclose,2021-03-05,2021-03-19,False,2725000.0,2725000.0,10,True,False,06b,Mark Ridall (Executive Officer),021-392864,0001567619-21-006672,https://www.sec.gov/Archives/edgar/data/1851678/000156761921006672/
Conjupro Biotherapeutics Inc.,1993155,Princeton,08540,Corporation,overFiveYears,False,Other,Decline to Disclose,2023-09-01,2023-09-12,False,67454852.0,9321686.0,1,True,False,06b,Haixing Wang (Executive Officer); Qingxi Wang (Executive Officer/Director),021-491870,0001993155-23-000001,https://www.sec.gov/Archives/edgar/data/1993155/000199315523000001/
Connectifi Corp.,1975164,Montclair,07042,Corporation,2022,True,Other Technology,Decline to Disclose,2023-05-05,2023-05-10,False,3400000.0,3400000.0,2,True,False,06b,Brian Schwinn (Director); Nicholas Kolba (Executive Officer/Director); Stanton Green (Director),021-481352,0001975164-23-000001,https://www.sec.gov/Archives/edgar/data/1975164/000197516423000001/
Consumer Retail Tech Solutions Corp.,1887455,Plainsboro,08536,Corporation,2020,True,Other,Decline to Disclose,2021-10-05,2024-05-31,True,,720000.0,10,False,False,06b,Manikanth Subrahmanyam (Executive Officer),021-416495,0001887455-24-000002,https://www.sec.gov/Archives/edgar/data/1887455/000188745524000002/
"CoreWeave, Inc.",1769628,Springfield,07081,Corporation,2018,True,Other Technology,Decline to Disclose,2020-12-14,2021-03-03,False,15000000.0,3792000.0,17,False,True,06b,Stephen Jamison (Director); Michael Intrrator (Executive Officer/Director); Brannin McBee (Executive Officer); Brian Venturo (Executive Officer/Director); Jack Cogen (Director); Gregory Hersch (Director),021-391085,0001769628-21-000001,https://www.sec.gov/Archives/edgar/data/1769628/000176962821000001/
"CoreWeave, Inc.",1769628,Springfield,07081,Corporation,2018,True,Other Technology,Decline to Disclose,2021-04-30,2021-05-07,False,15000000.0,4390904.0,19,False,True,06b,Evan Meagher (Executive Officer); Evan Meager (Executive Officer); Michael Intrrator (Executive Officer/Director); Jack Cogen (Director); Brian Venturo (Executive Officer/Director); Stephen Jamison (Director); Gregory Hersch (Director); Brannin McBee (Executive Officer),021-398580,0001769628-21-000002,https://www.sec.gov/Archives/edgar/data/1769628/000176962821000002/
"CoreWeave, Inc.",1769628,Roseland,07068,Corporation,overFiveYears,False,Other Technology,Decline to Disclose,2024-05-16,2024-05-30,False,1149999332.0,1149999332.0,46,True,False,06b,Brannin McBee (Executive Officer); Michael Intrator (Executive Officer/Director); Jack Cogen (Director); Brian Venturo (Executive Officer/Director); Ernie Rogers (Director); Nitin Agrawal (Executive Officer),021-514571,0001769628-24-000001,https://www.sec.gov/Archives/edgar/data/1769628/000176962824000001/
"Corfigo, Inc.",1702709,Montclair,07042,Corporation,overFiveYears,False,Other Health Care,Decline to Disclose,2025-12-17,2026-01-08,False,2960158.0,2388489.0,10,True,False,06b,Deron Siddons (Executive Officer/Director); Jason Sperling (Executive Officer/Director); Stephen Doyle (Director),021-569315,0001437749-26-000855,https://www.sec.gov/Archives/edgar/data/1702709/000143774926000855/
Couple.com Inc.,1836114,Basking Ridge,07920,Corporation,2020,True,Other Technology,Decline to Disclose,2021-03-17,2023-04-28,False,3000000.0,2000000.0,7,True,False,06b,Gerald Gorman (Director); Ryan Beswick (Executive Officer/Director),021-480336,0001836114-23-000001,https://www.sec.gov/Archives/edgar/data/1836114/000183611423000001/
Couple.com Inc.,1836114,Basking Ridge,07920,Corporation,2020,True,Other Technology,Decline to Disclose,2022-03-13,2023-05-12,False,5000000.0,2165000.0,1,False,False,06b,Gerald Gorman (Director); Ryan Beswick (Executive Officer/Director),021-481572,0001836114-23-000002,https://www.sec.gov/Archives/edgar/data/1836114/000183611423000002/
Couple.com Inc.,1836114,Basking Ridge,07920,Corporation,2020,True,Other Technology,Decline to Disclose,2025-01-10,2025-01-16,False,2000000.0,1500000.0,1,True,False,06b,Gerald Gorman (Director); Ryan Beswick (Executive Officer/Director),021-535492,0001836114-25-000001,https://www.sec.gov/Archives/edgar/data/1836114/000183611425000001/
"Couragene, Inc.",1945169,Edison,08820,Corporation,2022,True,Biotechnology,Decline to Disclose,2022-08-24,2022-09-06,False,4000000.0,2600000.0,7,True,False,06b,Jinlin Wang (Director); Jiangbing Zhou (Director); Guojuan Liao (Executive Officer/Director/Promoter),021-458035,0001567619-22-017043,https://www.sec.gov/Archives/edgar/data/1945169/000156761922017043/
"Couragene, Inc.",1945169,Edison,08820,Corporation,2022,True,Biotechnology,Decline to Disclose,2024-04-03,2024-05-22,False,1000000.0,1000000.0,1,True,False,06b,Mike Hanrahan (Director); Guojuan Liao (Director/Executive Officer/Promoter); Jiangbing Zhou (Director); Jinlin Wang (Director),021-513948,0000929638-24-001860,https://www.sec.gov/Archives/edgar/data/1945169/000092963824001860/
"Covera Health, Inc.",1722373,North Bergen,07047,Corporation,2017,True,Other Health Care,Decline to Disclose,2021-08-04,2021-08-19,False,24999990.0,22395814.0,7,True,False,06b,Allyson White (Director); Ron Vianu (Executive Officer/Director); Raz Winiarsky (Executive Officer/Director),021-410648,0001722373-21-000002,https://www.sec.gov/Archives/edgar/data/1722373/000172237321000002/
"Cranium Al, Inc.",1969474,Short Hills,07078,Corporation,2022,True,Other Technology,Decline to Disclose,2023-03-06,2023-03-15,False,7000000.0,7000000.0,3,True,False,06b,Felix Knoll (Executive Officer/Director); Jay Leek (Director); Jonathan Dambrot (Executive Officer/Director),021-475968,0001969474-23-000001,https://www.sec.gov/Archives/edgar/data/1969474/000196947423000001/
"Cranium Al, Inc.",1969474,Short Hills,07078,Corporation,2022,True,Other Technology,Decline to Disclose,2023-05-10,2023-07-20,False,6000000.0,4650000.0,28,True,True,06b,Gerhard Eschelbeck (Director); Jay Leek (Director); Felix Knoll (Director); Jonathan Dambrot (Executive Officer/Director),021-487467,0001969474-23-000002,https://www.sec.gov/Archives/edgar/data/1969474/000196947423000002/
"Cranium Al, Inc.",1969474,Short Hills,07078,Corporation,2022,True,Other Technology,Decline to Disclose,2023-10-16,2023-10-30,False,19649998.0,19649998.0,30,True,False,06b,Jay Leek (Director); Jonathan Dambrot (Executive Officer/Director); Felix Knoll (Executive Officer/Director); Gerhard Eschelbeck (Director); Marcus Bartram (Director),021-495996,0001969474-23-000003,https://www.sec.gov/Archives/edgar/data/1969474/000196947423000003/
"Creatd, Inc.",1357671,Fort Lee,07024,Corporation,overFiveYears,False,Other,"$1 - $1,000,000",2021-01-04,2021-01-19,False,7777778.0,7777778.0,33,True,False,06b,Mark Patterson (Director); LaBrena Martin (Director); Laurie Weisberg (Executive Officer/Director); Leonard Schiller (Director); Justin Maury (Executive Officer); Chelsea Pullano (Executive Officer); Jeremy Frommer (Executive Officer/Director); Mark Standish (Director),021-386638,0001213900-21-002690,https://www.sec.gov/Archives/edgar/data/1357671/000121390021002690/
Creator Page Inc.,1918545,East Brunswick,08816,Corporation,2021,True,Other Technology,Decline to Disclose,2022-03-16,2022-03-31,False,1000000.0,100000.0,2,False,False,06b,Adrian Grant (Executive Officer/Director/Promoter),021-439913,0001918545-22-000001,https://www.sec.gov/Archives/edgar/data/1918545/000191854522000001/
"Credit Union of New Jersey, A Federal Credit Union",1930836,Ewing,08628,Other,overFiveYears,False,Other Banking and Financial Services,Decline to Disclose,2022-05-20,2022-05-31,False,8000000.0,7000000.0,2,False,True,06b,Andrew Jaeger (Executive Officer),021-447527,0000919574-22-003671,https://www.sec.gov/Archives/edgar/data/1930836/000091957422003671/
Critical Response Group Inc.,1895416,Hamilton,08619,Corporation,overFiveYears,False,Other,Decline to Disclose,2022-09-06,2022-09-08,False,5000000.0,2750000.0,1,True,False,06b,Kyle Rodgers (Executive Officer); Frank Rodgers (Executive Officer/Director); Philip Coyne (Executive Officer/Director); Alexander Carney (Executive Officer/Director); Ethan Killeen (Executive Officer/Director); Michael Rodgers (Executive Officer/Director); Glenn Edwards (Director); Barry Leistner (Director),021-458371,0001895416-22-000002,https://www.sec.gov/Archives/edgar/data/1895416/000189541622000002/
Critical Response Group Inc.,1895416,Hamilton Township,08619,Corporation,overFiveYears,False,Other,Decline to Disclose,2024-05-03,2024-05-17,False,54000000.0,49000000.0,1,True,False,06b,Frank Rodgers (Executive Officer/Director); Ethan Killeen (Executive Officer/Director); Tom Burt (Director); Alexander Carney (Executive Officer); Chase Meyer (Director); Mary Beth Brosnihan (Director); Michael Rodgers (Executive Officer/Director); Philip Coyne (Executive Officer); Barry Leistner (Director),021-513664,0001895416-24-000002,https://www.sec.gov/Archives/edgar/data/1895416/000189541624000002/
"Critical Response Group, Inc.",1895416,Ewing Township,08628,Corporation,overFiveYears,False,Other,Decline to Disclose,2017-09-28,2021-11-29,False,1325000.0,1325000.0,2,True,False,06b,Michael Rodgers (Executive Officer); Frank Rodgers (Director); Phillip Coyne (Director); Ethan Killeen (Director),021-422758,0001895416-21-000001,https://www.sec.gov/Archives/edgar/data/1895416/000189541621000001/
"Cyclacel Pharmaceuticals, Inc.",1130166,Berkeley Heights,07922,Corporation,overFiveYears,False,Biotechnology,Decline to Disclose,,2025-02-14,False,25000000.0,0.0,1,True,False,06b,Paul McBarron (Director); Avraham Ben-Tzvi (Director); David Natan (Director); Spiro Rombotis (Director); David Lazar (Executive Officer); Samuel Barker (Director),021-538390,0001829126-25-001007,https://www.sec.gov/Archives/edgar/data/1130166/000182912625001007/
"Cyclacel Pharmaceuticals, Inc.",1130166,Berkeley Heights,07922,Corporation,overFiveYears,False,Biotechnology,Decline to Disclose,2020-12-18,2021-01-04,False,7000000.0,7000000.0,1,True,False,06b,Karin Walker (Director); Brian Schwartz (Director); Christopher Henney (Director); Gregory Hradsky (Director); Spiro Rombotis (Executive Officer/Director); Robert Speigel (Director); Samuel Barker (Director); Paul McBarron (Executive Officer/Director); Mark Kirschbaum (Executive Officer); Lloyd Sems (Director),021-385046,0001780314-21-000001,https://www.sec.gov/Archives/edgar/data/1130166/000178031421000001/
"Cyclacel Pharmaceuticals, Inc.",1130166,Berkeley Heights,07922,Corporation,overFiveYears,False,Biotechnology,Decline to Disclose,2024-05-02,2024-05-17,False,8000000.0,8000000.0,1,True,False,06b,Christopher Henney (Director); Karin Walker (Director); Spiro Rombotis (Executive Officer/Director); Robert Spiegel (Director); Kenneth Ferguson (Director); Brian Schwartz (Director); Paul McBarron (Executive Officer/Director); Samuel Barker (Director),021-513589,0001104659-24-062806,https://www.sec.gov/Archives/edgar/data/1130166/000110465924062806/
"Cyclacel Pharmaceuticals, Inc.",1130166,Berkeley Heights,07922,Corporation,overFiveYears,False,Biotechnology,Decline to Disclose,2024-11-14,2024-11-26,False,2062112.0,2062112.0,1,True,False,06b,Spiro Rombotis (Executive Officer/Director); Robert Spiegel (Director); Karin Walker (Director); Christopher Henney (Director); Samuel Barker (Director); Brian Schwartz (Director); Paul McBarron (Executive Officer/Director); Kenneth Ferguson (Director),021-530477,0001104659-24-122795,https://www.sec.gov/Archives/edgar/data/1130166/000110465924122795/
"Cyclacel Pharmaceuticals, Inc.",1130166,Berkeley Heights,07922,Corporation,overFiveYears,False,Biotechnology,Decline to Disclose,2025-02-06,2025-02-14,False,0.0,0.0,1,True,False,06b,David Natan (Director); David Lazar (Executive Officer); Avraham Ben-Tzvi (Director); Paul McBarron (Director); Samuel Barker (Director); Spiro Rombotis (Director),021-538389,0001829126-25-001006,https://www.sec.gov/Archives/edgar/data/1130166/000182912625001006/
"Cyclacel Pharmaceuticals, Inc.",1130166,Berkeley Heights,07922,Corporation,overFiveYears,False,Biotechnology,Decline to Disclose,2025-03-21,2025-03-25,False,1000000.0,1000000.0,4,True,False,06b,Avraham Ben-Tzvi (Director); Kiu Seng (Executive Officer); David Natan (Director); Kwang Chong (Director); Datuk Dr. Doris Wong Sing Ee (Executive Officer),021-542076,0001829126-25-002044,https://www.sec.gov/Archives/edgar/data/1130166/000182912625002044/
"Cyware Labs, Inc.",1786699,Jersey City,07310,Corporation,overFiveYears,False,Other Technology,Decline to Disclose,2023-06-21,2023-07-21,False,30000000.0,28027030.0,10,True,False,06b,Alexander Doll (Director); Charles Collins (Director); Jain Akshat (Executive Officer/Director); Anthony Belfiore (Director); Anuj Goel (Executive Officer/Director); Eric Noeth (Director),021-487536,0001104659-23-082843,https://www.sec.gov/Archives/edgar/data/1786699/000110465923082843/
"DATAROOMHQ, INC.",1972871,Old Bridge,08857,Corporation,2021,True,Other Technology,Decline to Disclose,2023-04-07,2023-04-17,False,3960000.0,3960000.0,10,True,False,06b,JEFFREY SCHWARTZ (Executive Officer/Director/Promoter),021-479129,0001972871-23-000001,https://www.sec.gov/Archives/edgar/data/1972871/000197287123000001/
DEAL DRIVER HOLDINGS LLC,2016685,Westfield,07090,Limited Liability Company,2023,True,Other Technology,Decline to Disclose,2024-03-21,2025-10-08,True,625000.0,525000.0,11,True,False,06b,Conrad Everhard (Executive Officer); Leonard Nuara (Executive Officer),021-508336,0001814554-25-000134,https://www.sec.gov/Archives/edgar/data/2016685/000181455425000134/
DIGITALLY LEVERAGED ASSETS & RESOURCES INC.,1938393,Willingboro,08046,Corporation,2022,True,Other Technology,"$1 - $1,000,000",,2025-02-19,True,5000000.0,0.0,0,True,False,06c,Ricardo Datts (Executive Officer),021-535878,0001938393-25-000003,https://www.sec.gov/Archives/edgar/data/1938393/000193839325000003/
"DLCC, LLC",1790567,Jersey City,07310,Limited Liability Company,2019,True,Other Technology,"$1 - $1,000,000",2021-03-31,2021-04-02,False,8500000.0,320240.0,10,True,False,06b,David Luci (Director); James Runnels (Executive Officer/Director); Jeanine Hightower-Sellitto (Executive Officer/Director),021-394584,0001213900-21-019922,https://www.sec.gov/Archives/edgar/data/1790567/000121390021019922/
DML Beam LLC,1932554,Morganville,07751,Limited Liability Company,2022,True,Other,Decline to Disclose,2022-03-24,2022-06-15,False,215000.0,215000.0,12,True,False,06b,Devon Levesque (Executive Officer),021-449272,0001932554-22-000001,https://www.sec.gov/Archives/edgar/data/1932554/000193255422000001/
DP Montgomery Self Storage LLC,1963385,Montville,07045,Limited Liability Company,2022,True,Construction,"$1,000,001 - $5,000,000",2022-08-17,2023-01-27,False,3200000.0,2305000.0,56,True,False,06c,Nicholas Minoia (Executive Officer),021-471968,0001963385-23-000001,https://www.sec.gov/Archives/edgar/data/1963385/000196338523000001/
Dashverse Corp.,1973726,Jersey City,07302,Corporation,2022,True,Other Technology,Decline to Disclose,2023-04-07,2023-04-18,False,4879913.0,2239928.0,7,True,False,06b,Soumyadeep Mukherjee (Director); Lalith Gudipati (Director); Sanidhya Narain (Executive Officer/Director); Naman Lahoty (Director),021-479154,0001973726-23-000001,https://www.sec.gov/Archives/edgar/data/1973726/000197372623000001/
Dashverse Corp.,1973726,Jersey City,07302,Corporation,2022,True,Other Technology,Decline to Disclose,2024-09-17,2024-10-02,False,12816695.0,12816695.0,3,True,False,06b,Sanidhya Narain (Executive Officer/Director); LALITH GUDIPATI (Director); NAMAN LAHOTY (Director); SOUMYADEEP MUKHERJEE (Director),021-525594,0001973726-24-000001,https://www.sec.gov/Archives/edgar/data/1973726/000197372624000001/
"DatChat, Inc.",1648960,New Brunswick,08901,Corporation,overFiveYears,False,Other Technology,Decline to Disclose,2022-06-29,2022-07-13,False,1160000.0,1160000.0,5,True,False,06b,Darin Myman (Executive Officer/Director); Carly Schumer (Director); Joseph Nelson (Director); Peter Shelus (Executive Officer/Director); Wayne Linsley (Director),021-452234,0001520138-22-000295,https://www.sec.gov/Archives/edgar/data/1648960/000152013822000295/
Data Vault Holdings Inc.,1882356,East Brunswick,08816,Corporation,2021,True,Other Technology,Decline to Disclose,,2023-05-11,True,,33040355.0,145,True,False,06b,Constantine Potamianos (Executive Officer); Nathaniel Bradley (Executive Officer); Joseph Battiato (Executive Officer); Sonia Choi (Executive Officer),021-444040,0001882356-23-000003,https://www.sec.gov/Archives/edgar/data/1882356/000188235623000003/
"DataBiologics, LLC",1913930,Cedar Knolls,07927,Limited Liability Company,2018,True,Other Health Care,Decline to Disclose,2022-02-16,2022-12-02,True,2000000.0,120000.0,4,False,False,06b,Leah Braddell (Executive Officer); Jay Bowen (Director); Luke Malanga (Executive Officer); Christopher Rogers (Director),021-435475,0001913930-22-000003,https://www.sec.gov/Archives/edgar/data/1913930/000191393022000003/
"Decimal Digital Currency I, LLC",1874860,South Orange,07079,Limited Liability Company,2021,True,Other,Decline to Disclose,,2021-08-12,False,10500000.0,0.0,0,True,False,06b,Roshan Shah (Executive Officer/Promoter); Henry Robinson (Executive Officer/Promoter),021-409810,0001874860-21-000001,https://www.sec.gov/Archives/edgar/data/1874860/000187486021000001/
"Decision Accelerator, Inc.",1942096,Long Valley,07853,Corporation,2022,True,Other Technology,Decline to Disclose,2022-07-27,2022-08-10,False,100000.0,100000.0,3,True,False,06b,Nathan Snook (Director); Lars Nordman (Director); Victor Izmaylov (Executive Officer/Director),021-455451,0001942096-22-000001,https://www.sec.gov/Archives/edgar/data/1942096/000194209622000001/
DeliSwift Inc.,1895239,Bayonne,07002,Corporation,2018,True,Other Technology,"$1 - $1,000,000",2021-07-08,2021-12-10,True,,0.0,0,False,False,06b,Christopher Cowell (Executive Officer),021-422337,0001895239-21-000002,https://www.sec.gov/Archives/edgar/data/1895239/000189523921000002/
Developing Zenzile LLC,1839256,Princeton,08540,Limited Liability Company,2020,True,Other,Decline to Disclose,2020-11-24,2021-01-11,False,1000000.0,250000.0,2,True,False,06b,Mara Isaacs (Executive Officer/Director); Octopus Theatricals LLC (Director),021-385861,0001839256-21-000001,https://www.sec.gov/Archives/edgar/data/1839256/000183925621000001/
Developing Zenzile LLC,1839256,Princeton,08540,Limited Liability Company,2020,True,Other,Decline to Disclose,2020-11-24,2022-09-09,False,1000000.0,275000.0,3,True,False,06b,Mara Isaacs (Executive Officer/Director); Octopus Theatricals LLC (Director),021-458424,0001839256-22-000001,https://www.sec.gov/Archives/edgar/data/1839256/000183925622000001/
Devron Corp,1833400,North Brunswick,08902,Corporation,2020,True,Other Technology,Decline to Disclose,2022-02-01,2022-03-04,False,13814999.0,13814999.0,14,True,False,06b,Matthew Levinson (Director); Kartik Chopra (Executive Officer/Director),021-436024,0000925421-22-000005,https://www.sec.gov/Archives/edgar/data/1833400/000092542122000005/
"DiRx, Inc.",1914245,East Brunswick,08816,Corporation,2020,True,Business Services,Decline to Disclose,2020-09-18,2022-03-07,False,5000000.0,5000000.0,5,True,False,06b,Benjamin Maizel (Executive Officer); Dimitrios Angeles (Executive Officer); Naveen Paladugu (Director); Nagaraj Shagrithaya (Executive Officer/Director); Simone Grapini-Goodman (Executive Officer); Peter Licata (Executive Officer); Satish Srinivasan (Executive Officer/Director); George Thomas (Director); Ravishanker Kovi (Director),021-436032,0001709409-22-000003,https://www.sec.gov/Archives/edgar/data/1914245/000170940922000003/
"DiRx, Inc.",1914245,East Brunswick,08816,Corporation,2020,True,Business Services,Decline to Disclose,2021-09-24,2022-03-07,False,9009600.0,9009600.0,43,True,False,06b,Dimitrios Angeles (Executive Officer); Naveen Paladugu (Director); Ravishanker Kovi (Director); Simone Grapini-Goodman (Executive Officer); George Thomas (Director); Guarav Abroal (Executive Officer); Benjamin Maizel (Executive Officer); Nagaraj Shagrithaya (Executive Officer/Director); Peter Licata (Executive Officer); Satish Srinivasan (Executive Officer/Director),021-436163,0001709409-22-000004,https://www.sec.gov/Archives/edgar/data/1914245/000170940922000004/
"DiRx, Inc.",1914245,East Brunswick,08816,Corporation,2020,True,Business Services,Decline to Disclose,2021-12-16,2022-03-07,False,1000320.0,1000320.0,1,False,False,06b,Peter Licata (Executive Officer); Simone Grapini-Goodman (Executive Officer); Satish Srinivasan (Executive Officer/Director); Guarav Abroal (Executive Officer); Benjamin Maizel (Executive Officer); Dimitrios Angeles (Executive Officer); Ravishanker Kovi (Director); Nagaraj Shagrithaya (Executive Officer/Director); George Thomas (Director); Naveen Paladugu (Director),021-436179,0001709409-22-000005,https://www.sec.gov/Archives/edgar/data/1914245/000170940922000005/
"Digital Prime Technologies, Inc.",1790567,Jersey City,07310,Corporation,overFiveYears,False,Other Technology,No Revenues,2025-12-15,2025-12-18,False,7000000.0,5000000.0,1,True,False,06b,Robert Sherry (Executive Officer/Director); James Runnels (Executive Officer/Director); David Luci (Director),021-567273,0001213900-25-123084,https://www.sec.gov/Archives/edgar/data/1790567/000121390025123084/
"Digital Prime Technologies, LLC",1790567,Jersey City,07310,Limited Liability Company,2019,True,Other Technology,"$1 - $1,000,000",2022-01-31,2022-04-05,True,970760.0,325000.0,3,True,False,06b,Jeanine Hightower-Sellitto (Director); Matthew Baldassano (Director); James Runnels (Director); David Luci (Director),021-433575,0001213900-22-018045,https://www.sec.gov/Archives/edgar/data/1790567/000121390022018045/
"Digital Prime Technologies, LLC",1790567,Jersey City,07310,Limited Liability Company,2019,True,Other Technology,No Revenues,2023-07-07,2023-07-11,False,4000021.0,1025000.0,3,True,False,06b,Jeanine Hightower-Sellitto (Director); Matthew Baldassano (Director); David Luci (Director); James Runnels (Executive Officer/Director),021-486442,0001213900-23-056056,https://www.sec.gov/Archives/edgar/data/1790567/000121390023056056/
"Diligent Pharma, Inc.",1965661,Princeton,08542,Corporation,2018,True,Other Technology,Decline to Disclose,2023-02-02,2023-02-16,False,9250000.0,3500000.0,2,True,False,06b,Patricia Leuchten (Executive Officer),021-473674,0001965661-23-000001,https://www.sec.gov/Archives/edgar/data/1965661/000196566123000001/
Disruptive Rain Corp.,2093253,Mantoloking,08738,Corporation,2023,True,Other Technology,Decline to Disclose,2025-09-30,2025-10-22,False,,27000.0,2,False,False,06b,Manuel Bello (Executive Officer),021-561692,0002093253-25-000001,https://www.sec.gov/Archives/edgar/data/2093253/000209325325000001/
Distinct Dermatology Inc.,1849547,Hanover,07981,Corporation,2021,True,Other Health Care,Decline to Disclose,2021-02-22,2021-03-05,False,3240000.0,1200000.0,16,True,False,04,Jeff Strauss (Executive Officer/Director); Mario Rigolio (Executive Officer/Director),021-391375,0001849547-21-000001,https://www.sec.gov/Archives/edgar/data/1849547/000184954721000001/
Distinct Dermatology Inc.,1849547,Parsippany,07054,Corporation,2021,True,Other Technology,Decline to Disclose,2024-03-04,2024-03-11,False,1800000.0,1025000.0,6,True,False,06b,Neil Sadick (Director); Jeff Moscoe (Director); Jeff Strauss (Executive Officer/Director); Michael Kahn (Executive Officer/Director),021-507176,0001849547-24-000001,https://www.sec.gov/Archives/edgar/data/1849547/000184954724000001/
Distinct Dermatology Inc.,1849547,Parsippany,07054,Corporation,2021,True,Other Technology,Decline to Disclose,2024-06-06,2024-06-13,False,826714.0,826714.0,4,False,False,06b,Michael Kahn (Executive Officer); Kelly Smith (Director); Robert Grossman (Director); Ryan Weldon (Director); Christopher Khorsandi (Director); Jeffrey Strauss (Executive Officer/Director); Jeffrey Moscoe (Executive Officer/Director),021-516009,0001849547-24-000002,https://www.sec.gov/Archives/edgar/data/1849547/000184954724000002/
"Distinct Holdings Group, LLC",1662722,Kenilworth,07033,Limited Liability Company,overFiveYears,False,Other Technology,"Over $100,000,000",2015-12-23,2022-12-08,True,,40966623.0,63,True,False,06b,Dave Calamai (Director); Alfred D'Allesandro (Director); Michael Long (Director); Louis Alterman (Director); Douglas Traver (Director); Eric Hutto (Executive Officer/Director); Peter Pettit (Director); William Fleder (Director); A. Perfall (Director); Jim Hoch (Director); Mike Elliott (Director),021-254657,0000950103-22-020861,https://www.sec.gov/Archives/edgar/data/1662722/000095010322020861/
"Do a Huddle, Inc.",1851161,Manalapan,07726,Corporation,2020,True,Other Technology,Decline to Disclose,2020-10-15,2021-04-07,False,3000000.0,2276969.0,17,False,False,06b,Dan Vykhopen (Executive Officer/Director/Promoter); John Kuveke (Executive Officer/Director/Promoter); Kevin Wang (Executive Officer/Director/Promoter),021-394903,0001851161-21-000001,https://www.sec.gov/Archives/edgar/data/1851161/000185116121000001/
Doceree Inc,1920505,Parsippany,07004,Corporation,2019,True,Other Technology,Decline to Disclose,2022-03-15,2022-03-30,False,10565021.0,10565021.0,3,True,False,06b,Ashish Venkataramani (Director); Silky Jain (Director); Rahul Gupta (Director); Harshit Jain (Executive Officer/Director),021-439681,0001920505-22-000001,https://www.sec.gov/Archives/edgar/data/1920505/000192050522000001/
Doceree Inc,1920505,Short Hills,07078,Corporation,overFiveYears,False,Other Technology,Decline to Disclose,2024-10-03,2024-10-17,False,4213014.0,4213014.0,2,True,False,06b,Ashish Venkataramani (Director); Pulkit Jain (Executive Officer); Harshit Jain (Executive Officer/Director); Silky Jain (Director); Prakash Parthasarathy (Director); Rahul Gupta (Director),021-527125,0000897069-24-001975,https://www.sec.gov/Archives/edgar/data/1920505/000089706924001975/
"Docuverus, Inc.",2037079,Mullica Hill,08062,Corporation,overFiveYears,False,Other Technology,Decline to Disclose,2024-09-05,2024-09-17,False,1880000.0,1880000.0,11,True,False,06b,Jamie Borodin (Executive Officer/Director); Jeffrey Tench (Director); Bill Evick (Director),021-524262,0002037079-24-000001,https://www.sec.gov/Archives/edgar/data/2037079/000203707924000001/
"Docuverus, Inc.",2037079,Mullica Hill,08062,Corporation,overFiveYears,False,Other Technology,Decline to Disclose,2025-11-10,2025-11-13,False,500000.0,500000.0,1,True,False,06b,Ameya Sharma (Director); Brian Kroker (Director); Jamie Borodin (Executive Officer/Director); Jeffrey Tench (Director),021-563929,0002037079-25-000002,https://www.sec.gov/Archives/edgar/data/2037079/000203707925000002/
"Dragon Interact, Inc.",2018293,New Brunswick,08901,Corporation,2022,True,Other,Decline to Disclose,2024-09-09,2024-09-30,False,1000000.0,55000.0,2,True,False,06b,Darin Myman (Executive Officer/Director),021-525330,0001213900-24-082948,https://www.sec.gov/Archives/edgar/data/2018293/000121390024082948/
Dragon Interactive Corp,2018293,New Brunswick,08901,Corporation,2022,True,Other,Decline to Disclose,2024-04-08,2024-06-06,False,2000000.0,235998.0,2,True,False,06b,Darin Myman (Executive Officer/Director),021-515371,0001213900-24-050404,https://www.sec.gov/Archives/edgar/data/2018293/000121390024050404/
DriveMind Inc.,1876789,Sparta,07871,Corporation,2021,True,Other Technology,No Revenues,2021-06-22,2021-08-04,False,200000.0,200000.0,2,True,False,06b,Howard Stark (Executive Officer/Director),021-408843,0001876789-21-000001,https://www.sec.gov/Archives/edgar/data/1876789/000187678921000001/
"Drone Express, Inc.",1897956,East Hanover,07936,Corporation,2021,True,Other Technology,Decline to Disclose,2021-11-24,2021-12-09,False,6500000.0,3697000.0,9,True,False,06b,Gloria Sharret (Executive Officer/Director); Igal Sharret (Executive Officer/Director); Beth Flippo (Executive Officer/Director),021-424387,0001897956-21-000001,https://www.sec.gov/Archives/edgar/data/1897956/000189795621000001/
"Drop Fitness, Inc.",1879143,Montvale,07645,Corporation,2017,True,Other,Decline to Disclose,2021-03-08,2021-08-23,False,7333856.0,7333856.0,45,False,False,06b,James Balise III (Executive Officer),021-410934,0000905718-21-001132,https://www.sec.gov/Archives/edgar/data/1879143/000090571821001132/
Duality Technologies Inc.,1790904,Maplewood,07040,Corporation,2016,True,Other Technology,Decline to Disclose,2021-07-12,2021-10-07,True,30000000.0,30000000.0,6,True,False,06b,George Kadifa (Director); Alon Kaufman (Executive Officer/Director); Vinod Vaikuntanathan (Executive Officer); Shafi Goldwasser (Executive Officer); Kurt Rohloff (Executive Officer); Roi Bar-Kat (Director); Rina Shainski (Executive Officer/Director); Taejoon Park (Director); Yuval Shachar (Director),021-408003,0001790904-21-000003,https://www.sec.gov/Archives/edgar/data/1790904/000179090421000003/
"Duet Therapeutics, Inc.",1968644,Skillman,08558,Corporation,2020,True,Biotechnology,Decline to Disclose,2022-12-16,2023-03-08,False,1000000.0,200000.0,1,True,True,06b,Simon Tomlinson (Executive Officer/Director),021-475265,0001968644-23-000001,https://www.sec.gov/Archives/edgar/data/1968644/000196864423000001/
"Durin Life Sciences, Inc.",1797306,Stratford,08084,Corporation,overFiveYears,False,Biotechnology,Decline to Disclose,2021-03-16,2025-03-18,True,5499900.0,5499900.0,3,True,False,06b,Robert Nagele (Director); Rene Chaze (Director); Mert Sahin (Executive Officer),021-393159,0001797306-25-000002,https://www.sec.gov/Archives/edgar/data/1797306/000179730625000002/
"Durin Life Sciences, Inc.",1797306,Stratford,08084,Corporation,overFiveYears,False,Biotechnology,Decline to Disclose,2023-10-17,2025-07-21,True,10000000.0,6200000.0,2,False,True,06b,Maribeth Bluyus (Executive Officer); Robert Nagele (Director); Rene Chaze (Director),021-495830,0001797306-25-000004,https://www.sec.gov/Archives/edgar/data/1797306/000179730625000004/
ELV8 INC.,1833365,West New York,07093,Corporation,2020,True,Other Technology,Decline to Disclose,2022-02-04,2022-02-11,False,3027628.0,2577624.0,42,True,False,06b,Michael Haddix (Executive Officer/Director),021-433217,0001833365-22-000001,https://www.sec.gov/Archives/edgar/data/1833365/000183336522000001/
ELV8 INC.,1833365,West New York,07093,Corporation,2020,True,Other Technology,Decline to Disclose,2023-03-21,2023-04-03,False,1500000.0,25000.0,1,False,False,06b,Michael Haddix (Executive Officer/Director),021-477714,0001833365-23-000001,https://www.sec.gov/Archives/edgar/data/1833365/000183336523000001/
ELV8 INC.,1833365,West New York,07093,Corporation,2020,True,Other Technology,Decline to Disclose,2023-04-12,2023-05-12,False,100000.0,100000.0,1,False,True,06b,Michael Haddix (Executive Officer/Director),021-481597,0001833365-23-000002,https://www.sec.gov/Archives/edgar/data/1833365/000183336523000002/
ELV8 INC.,1833365,West New York,07093,Corporation,2020,True,Other Technology,Decline to Disclose,2023-05-23,2023-05-30,False,120000.0,120000.0,1,True,True,06b,Michael Haddix (Executive Officer/Director),021-482888,0001833365-23-000003,https://www.sec.gov/Archives/edgar/data/1833365/000183336523000003/
"EV Tractor III Series I, LLC",1970100,Demarest,07627,Limited Liability Company,2023,True,Other,Not Applicable,2023-02-27,2023-03-20,False,730000.0,0.0,18,False,False,"06b, 3C, 3C.1",Jonathan Kestenbaum (Director),021-476255,0001970100-23-000001,https://www.sec.gov/Archives/edgar/data/1970100/000197010023000001/
Eatsy Orders Corp.,2104149,Fort Lee,07024,Corporation,2023,True,Other Technology,Decline to Disclose,2025-12-23,2026-01-07,False,100000.0,100000.0,1,False,False,06b,Fabio Marin Jimenez (Executive Officer/Director); Mauricio Ramirez (Director),021-569220,0002104149-26-000001,https://www.sec.gov/Archives/edgar/data/2104149/000210414926000001/
Ecopreneur Media Inc.,1993992,West Orange,07052,Corporation,2019,True,Other,"$1 - $1,000,000",2023-10-20,2023-10-23,False,500000.0,20000.0,1,False,False,06b,Philip Toussaint (Executive Officer),021-495442,0001993992-23-000001,https://www.sec.gov/Archives/edgar/data/1993992/000199399223000001/
Edible Garden AG Inc,1809750,Belvidere,07823,Corporation,2020,True,Agriculture,Decline to Disclose,2021-10-07,2022-03-23,True,3200000.0,3100000.0,1,False,True,06b,James Kras (Executive Officer/Director); Michael James (Executive Officer/Director),021-417148,0000891839-22-000003,https://www.sec.gov/Archives/edgar/data/1809750/000089183922000003/
Eion Corp.,1959159,Princeton,08542,Corporation,2020,True,Other Technology,Decline to Disclose,2022-12-08,2022-12-20,False,16276149.0,13064976.0,10,True,False,06b,Ian Sedgman (Director); Tom Shields (Director); Elliot Chang (Executive Officer/Director/Promoter); Lawrence Wolf (Executive Officer/Director/Promoter); Ryan Clinton (Director),021-468133,0001959159-22-000001,https://www.sec.gov/Archives/edgar/data/1959159/000195915922000001/
Eleison Pharmaceuticals Inc,1880047,Princeton,08540,Corporation,2020,True,Pharmaceuticals,Decline to Disclose,2022-04-28,2022-09-14,False,1000000.0,980000.0,20,False,True,"06b, 4a5",Michael Otto (Director); Patrick Maguire (Executive Officer); Edwin Thomas (Executive Officer/Director); Matthew Cromie (Executive Officer); Frank Seidman (Director); Joel Morganroth (Director); William Fricker (Executive Officer); Bryan Wood (Director); Michael Lusty (Executive Officer),021-458772,0001682220-22-000001,https://www.sec.gov/Archives/edgar/data/1880047/000168222022000001/
"Elligint Health, Inc.",2051403,Edison,08837,Corporation,2024,True,Other Technology,Decline to Disclose,2024-12-27,2025-06-27,True,,13123838.0,56,True,False,06b,Adam Sabloff (Director); Gregg Michaelson (Director); Chris Caramanico (Executive Officer/Director); Ashish Kapoor (Director); Sumesh Poyil (Executive Officer); Lenard Marcus (Director); Enrico Picozza (Director); Michael Ludwig (Director); Steven Tolle (Director); Danielle Bellanger (Director),021-534675,0002051403-25-000003,https://www.sec.gov/Archives/edgar/data/2051403/000205140325000003/
"Elligint Health, Inc.",2051403,Edison,08837,Corporation,2024,True,Other Technology,Decline to Disclose,2024-12-27,2025-01-10,False,4200000.0,3200000.0,2,True,False,06b,Sumesh Poyil (Executive Officer); Adam Sabloff (Director); Enrico Picozza (Director); Steven Tolle (Director); Chris Caramanico (Executive Officer/Director); Michael Ludwig (Director); Ashish Kapoor (Director); Lenard Marcus (Director); Danielle Bellanger (Director); Gregg Michaelson (Director),021-534670,0002051403-25-000001,https://www.sec.gov/Archives/edgar/data/2051403/000205140325000001/
"Elucida Oncology, Inc.",1704594,Monmouth Junction,08852,Corporation,overFiveYears,False,Biotechnology,No Revenues,2020-10-28,2021-01-12,True,35000000.0,35000000.0,328,True,False,06b,Tim Boris (Director); Michael Smith (Director); Robert Essner (Executive Officer/Director); Teresa Ressel (Director); Robert Ruffolo (Director); Gregory Adams (Executive Officer); Kai Ma (Executive Officer); Eliel Bayever (Executive Officer); Geno Germano (Executive Officer/Director); Ulrich Wiesner (Director),021-380142,0001567619-21-000896,https://www.sec.gov/Archives/edgar/data/1704594/000156761921000896/
"Elucida Oncology, Inc.",1704594,Monmouth Junction,08852,Corporation,overFiveYears,False,Biotechnology,No Revenues,2022-03-11,2022-03-28,False,22284600.0,22284600.0,107,False,True,06b,Kai Ma (Executive Officer); Eliel Bayever (Executive Officer); Gary Sender (Director); Geno Germano (Executive Officer/Director); Robert Ruffolo (Director); Somaiya Ian (Executive Officer); Tim Boris (Director); Robert Essner (Executive Officer/Director); David Zacardelli (Director); Gregory Adams (Executive Officer); Ulrich Wiesner (Director); Natalie MacDonald (Director),021-439279,0001567619-22-007581,https://www.sec.gov/Archives/edgar/data/1704594/000156761922007581/
"Elucida Oncology, Inc.",1704594,Monmouth Junction,08852,Corporation,overFiveYears,False,Biotechnology,No Revenues,2023-05-24,2023-08-03,True,22284600.0,22284600.0,107,False,True,06b,Tim Boris (Director); Robert Ruffolo (Director); David Zacardelli (Director); Ulrich Wiesner (Director); Gary Sender (Director); Robert Essner (Executive Officer/Director); Natalie MacDonald (Director); Geno Germano (Executive Officer/Director),021-484316,0001567619-23-006748,https://www.sec.gov/Archives/edgar/data/1704594/000156761923006748/
Emerald Tea Supply Co LLC,1914506,Montclair,07042,Limited Liability Company,2021,True,Other,Decline to Disclose,2022-03-01,2022-03-08,False,70000.0,70000.0,4,True,False,06b,Jason Leisey (Executive Officer/Director/Promoter),021-436373,0001914506-22-000001,https://www.sec.gov/Archives/edgar/data/1914506/000191450622000001/
Emergegen AI US Inc,2003875,Rumson,07760,Corporation,2023,True,Other Technology,No Revenues,,2023-12-08,False,1000000.0,200000.0,1,False,False,04,Christopher Harrison (Executive Officer),021-499193,0002003875-23-000002,https://www.sec.gov/Archives/edgar/data/2003875/000200387523000002/
"EnaChip, Inc.",1881155,Jamesburg,08831,Corporation,2016,True,Other Technology,Decline to Disclose,2021-08-16,2021-09-02,False,10000000.0,7100000.0,7,True,False,06b,Michael Cassidy (Director); Trifon Liakopoulos (Executive Officer/Director/Promoter); Michael Burychka (Director); Michael Poisel (Director); Mark Allen (Promoter),021-412242,0001881155-21-000001,https://www.sec.gov/Archives/edgar/data/1881155/000188115521000001/
Enalare Therapeutics Inc.,1835701,Princeton,08540,Corporation,2018,True,Pharmaceuticals,Decline to Disclose,2022-02-07,2022-02-07,False,10000000.0,1025875.0,12,False,True,06b,Gino Santini (Director); Daniel Motto (Executive Officer); Robert Yedid (Director); Mark Coleman (Director); Joseph Pergolizzi (Executive Officer/Director); Herman Cukier (Executive Officer/Director); Joseph Petko (Director),021-432646,0001835701-22-000001,https://www.sec.gov/Archives/edgar/data/1835701/000183570122000001/
Enalare Therapeutics Inc.,1835701,Princeton,08540,Corporation,2018,True,Pharmaceuticals,Decline to Disclose,2022-08-08,2022-08-15,False,55000000.0,12500000.0,1,True,False,06b,Robert Yedid (Director); Mark Coleman (Director); Daniel Motto (Executive Officer); Joseph Pergolizzi (Executive Officer/Director); Gino Santini (Director); Joseph Petko (Director); Herman Cukier (Executive Officer/Director),021-456016,0001835701-22-000002,https://www.sec.gov/Archives/edgar/data/1835701/000183570122000002/
Endex Inc.,1920596,Jersey City,07302,Corporation,2021,True,Other Technology,Decline to Disclose,2021-06-28,2022-09-28,False,,285500.0,23,False,False,06b,Kevin Loo (Director); Brittany Wright (Executive Officer/Director),021-460137,0001920596-22-000003,https://www.sec.gov/Archives/edgar/data/1920596/000192059622000003/
Endolynx Inc.,1967540,Jersey City,07302,Corporation,overFiveYears,False,Other Health Care,Decline to Disclose,2021-11-04,2023-03-06,False,30000.0,30000.0,3,False,False,06b,Robert Jenkins (Executive Officer/Director); Felek Jachimowicz (Executive Officer/Director); David Schaner (Executive Officer/Director),021-474945,0001967540-23-000001,https://www.sec.gov/Archives/edgar/data/1967540/000196754023000001/
"Ensho Therapeutics, Inc.",2032849,Woodcliff Lake,07677,Corporation,2024,True,Biotechnology,Decline to Disclose,2026-01-20,2026-02-09,False,20000000.0,0.0,9,True,False,06b,Carlos Solorzano (Director); Danielle Fry (Executive Officer); Gerhard Hagn (Executive Officer); Eric Pham (Director); Arash Rassoulpour (Director),021-572987,0002032849-26-000001,https://www.sec.gov/Archives/edgar/data/2032849/000203284926000001/
"Eos Energy Enterprises, Inc.",1805077,Edison,08820,Corporation,2019,True,Other Energy,Decline to Disclose,2023-01-18,2023-02-02,False,13750000.0,13750000.0,7,False,True,06b,Randall Gonzales (Executive Officer); Audrey Zibelman (Director); Joe Mastrangelo (Executive Officer/Director); Nathan Kroeker (Executive Officer); Jeffrey Bornstein (Director); Melissa Berube (Executive Officer); Marian Walters (Director); Russell Stidolph (Director); Claude Demby (Director); Alex Dimitrief (Director),021-472414,0001805077-23-000003,https://www.sec.gov/Archives/edgar/data/1805077/000180507723000003/
"Eos Energy Enterprises, Inc.",1805077,Edison,08820,Corporation,2019,True,Other Energy,Decline to Disclose,2023-04-12,2023-04-25,False,50240000.0,0.0,2,True,False,06b,Nathan Kroeker (Executive Officer); Melissa Berube (Executive Officer); Claude Demby (Director); Audrey Zibelman (Director); Alexander Dimitrief (Director); Jeffrey Bornstein (Director); Marian Walters (Director); Russell Stidolph (Director); Joe Mastrangelo (Executive Officer/Director),021-479931,0001805077-23-000011,https://www.sec.gov/Archives/edgar/data/1805077/000180507723000011/
"Eos Energy Enterprises, Inc.",1805077,Edison,08820,Corporation,2019,True,Other Energy,Decline to Disclose,2023-05-12,2023-05-24,False,9004950.0,0.0,2,True,False,06b,Alexander Dimitrief (Director); Claude Demby (Director); Joe Mastrangelo (Executive Officer/Director); Marian Walters (Director); Audrey Zibelman (Director); Jeffrey Bornstein (Director); Russell Stidolph (Director); Melissa Berube (Executive Officer); Nathan Kroeker (Executive Officer),021-482553,0001805077-23-000021,https://www.sec.gov/Archives/edgar/data/1805077/000180507723000021/
"Essex Finishing Holding Company, LLC",1905998,Avenel,07001,Limited Liability Company,2021,True,Manufacturing,"$1 - $1,000,000",2021-12-28,2022-03-04,False,9762615.0,9762615.0,54,True,False,06b,Dave Rubenstein (Executive Officer),021-435854,0001905998-22-000001,https://www.sec.gov/Archives/edgar/data/1905998/000190599822000001/
Estee Capital LLC,1654493,Millburn,07041,Limited Liability Company,overFiveYears,False,Other Banking and Financial Services,Decline to Disclose,2012-02-14,2021-08-26,False,,8455530.0,1,True,False,06b,GAURAV SAHNI (Director); SANDEEP TYAGI (Director),021-411383,0001654493-21-000001,https://www.sec.gov/Archives/edgar/data/1654493/000165449321000001/
Estee Capital LLC,1654493,Millburn,07041,Limited Liability Company,overFiveYears,False,Other Banking and Financial Services,Decline to Disclose,2012-02-14,2022-08-23,False,,8455530.0,1,True,False,06b,SANDEEP TYAGI (Director); GAURAV SAHNI (Director),021-456653,0001654493-22-000001,https://www.sec.gov/Archives/edgar/data/1654493/000165449322000001/
Estee Capital LLC,1654493,Millburn,07041,Limited Liability Company,overFiveYears,False,Other Banking and Financial Services,Decline to Disclose,2012-02-14,2023-08-18,False,,8455530.0,1,True,False,06b,SANDEEP TYAGI (Director); GAURAV SAHNI (Director),021-490100,0001654493-23-000001,https://www.sec.gov/Archives/edgar/data/1654493/000165449323000001/
Estee Capital LLC,1654493,Short Hills,07078,Limited Liability Company,overFiveYears,False,Other Banking and Financial Services,Decline to Disclose,2012-02-14,2024-08-26,False,,8455530.0,1,True,False,06b,GAURAV SAHNI (Director); SANDEEP TYAGI (Director),021-522390,0001654493-24-000001,https://www.sec.gov/Archives/edgar/data/1654493/000165449324000001/
Estee Capital LLC,1654493,Short Hills,07078,Limited Liability Company,overFiveYears,False,Other Banking and Financial Services,Decline to Disclose,2012-02-14,2025-08-20,False,,8455530.0,1,True,False,06b,SANDEEP TYAGI (Director); GAURAV SAHNI (Director),021-555276,0001654493-25-000001,https://www.sec.gov/Archives/edgar/data/1654493/000165449325000001/
Estee Capital LLC,1654493,Millburn,07041,Limited Liability Company,overFiveYears,False,Other Banking and Financial Services,Decline to Disclose,2014-04-04,2021-08-26,False,,18975007.0,24,False,True,06b,Sandeep Tyagi (Director); Gaurav Sahni (Director),021-411387,0001654493-21-000002,https://www.sec.gov/Archives/edgar/data/1654493/000165449321000002/
Estee Capital LLC,1654493,Millburn,07041,Limited Liability Company,overFiveYears,False,Other Banking and Financial Services,Decline to Disclose,2014-04-04,2022-08-23,False,,25035007.0,25,False,True,06b,Sandeep Tyagi (Director); Gaurav Sahni (Director),021-456654,0001654493-22-000002,https://www.sec.gov/Archives/edgar/data/1654493/000165449322000002/
Estee Capital LLC,1654493,Millburn,07041,Limited Liability Company,overFiveYears,False,Other Banking and Financial Services,Decline to Disclose,2014-04-04,2023-08-18,False,,27125007.0,27,False,True,06b,SANDEEP TYAGI (Director); GAURAV SAHNI (Director),021-490101,0001654493-23-000002,https://www.sec.gov/Archives/edgar/data/1654493/000165449323000002/
Estee Capital LLC,1654493,Short Hills,07078,Limited Liability Company,overFiveYears,False,Other Banking and Financial Services,Decline to Disclose,2014-04-04,2024-08-26,False,,30833007.0,29,False,True,06b,SANDEEP TYAGI (Director); GAURAV SAHNI (Director),021-522394,0001654493-24-000002,https://www.sec.gov/Archives/edgar/data/1654493/000165449324000002/
Estee Capital LLC,1654493,Short Hills,07078,Limited Liability Company,overFiveYears,False,Other Banking and Financial Services,Decline to Disclose,2014-04-04,2025-08-20,False,,39819890.0,32,False,True,06b,SANDEEP TYAGI (Director); GAURAV SAHNI (Director),021-555283,0001654493-25-000002,https://www.sec.gov/Archives/edgar/data/1654493/000165449325000002/
Ethical Brands Inc.,1799550,Red Bank,07700,Corporation,overFiveYears,False,Other,Decline to Disclose,2022-05-20,2023-03-29,False,2000000.0,2000000.0,9,False,True,06b,Josef Spronz (Director); Henrik Svennas (Director); Marc Buehler (Executive Officer); Melissa Feldman (Executive Officer/Director),021-477310,0001799550-23-000001,https://www.sec.gov/Archives/edgar/data/1799550/000179955023000001/
EuropaXi Mercantile Corp.,1861856,Jersey City,07310,Corporation,2020,True,Other Banking and Financial Services,No Revenues,,2021-05-17,False,,0.0,0,False,True,06c,ALEXANDER CHAO (Executive Officer),021-399581,0001861856-21-000001,https://www.sec.gov/Archives/edgar/data/1861856/000186185621000001/
Eve Nexus Inc.,2106025,Parsippany,07054,Corporation,overFiveYears,False,Manufacturing,Decline to Disclose,2025-12-08,2026-02-19,False,60330000.0,58304989.0,82,True,False,06b,John McCormick (Director); Alexander Menzel (Director); Jason Castriota (Executive Officer/Director),021-574031,0002106025-26-000001,https://www.sec.gov/Archives/edgar/data/2106025/000210602526000001/
Evergreen Theragnostics Inc.,1816034,Springfield,07081,Corporation,2019,True,Pharmaceuticals,Decline to Disclose,2022-12-15,2023-08-18,False,15461652.0,15461652.0,58,True,False,06b,Serge Lyashchenko (Director); Sharon Roded (Director); Enrico De Maria (Director); Gerard Ber (Director); James Cook (Executive Officer/Director),021-490203,0001493152-23-029466,https://www.sec.gov/Archives/edgar/data/1816034/000149315223029466/
Evermore Technologies Inc.,2039120,Princeton,08540,Corporation,2023,True,Other Technology,Decline to Disclose,2024-09-20,2024-10-03,False,3500000.0,1995000.0,7,True,False,06b,MICHAEL RHEE (Executive Officer/Director); JESSICA LEE (Director),021-525753,0002039120-24-000002,https://www.sec.gov/Archives/edgar/data/2039120/000203912024000002/
"Everyone Must Use, Inc.",1886730,Netcong,07875,Corporation,2020,True,Other,"$1 - $1,000,000",2021-09-27,2021-10-13,False,2500000.0,75000.0,3,False,True,06b,ERNEST PEIA (Director); MICHAEL SZEWCZYK (Director); RYAN TEDDER (Director); JUSTIN ORGEL (Executive Officer),021-416648,0001886730-21-000001,https://www.sec.gov/Archives/edgar/data/1886730/000188673021000001/
"Exafluence, Inc.",1964950,South Brunswick,08852,Corporation,2020,True,Computers,Decline to Disclose,2023-02-01,2023-02-15,False,5694761.0,2000000.0,1,True,False,06b,RAVIKIRAN DHARMAVARAM (Executive Officer/Director); NAINA DHARMAVARAM (Executive Officer/Director),021-473574,0001964950-23-000001,https://www.sec.gov/Archives/edgar/data/1964950/000196495023000001/
"Experic, LLC",2038894,Cranbury,08512,Limited Liability Company,overFiveYears,False,Other,Decline to Disclose,2024-09-10,2025-05-02,True,15000001.0,15000001.0,8,True,False,06b,Thomas Weller (Director); Derek Hennecke (Director); William Mitchell (Director); Andrew Frazier (Director); Matthew Reber (Director); David Wood (Executive Officer/Director),021-524972,0002038894-25-000001,https://www.sec.gov/Archives/edgar/data/2038894/000203889425000001/
"Exxat, Inc.",1844245,Warren,07059,Corporation,overFiveYears,False,Other Technology,Decline to Disclose,2026-01-14,2026-01-29,False,45000202.0,45000202.0,3,True,False,06b,Aarti Vaishnav (Executive Officer/Director); Kunal Vaishnav (Executive Officer/Director); Mike Salfity (Director),021-571676,0001844245-26-000001,https://www.sec.gov/Archives/edgar/data/1844245/000184424526000001/
"Eyeguide, Inc.",1731377,Sewell,08080,Corporation,overFiveYears,False,Other Technology,Decline to Disclose,2023-06-21,2023-07-05,False,50000.0,50000.0,1,True,False,06b,Geoffrey Gardner (Director); James Mackey (Director); Albert Charpentier (Director); Brian Still (Director),021-485902,0001731377-23-000005,https://www.sec.gov/Archives/edgar/data/1731377/000173137723000005/
"FDLCL Holdings, Inc.",1722834,Edison,08817,Corporation,2017,True,Other,Decline to Disclose,2020-01-31,2021-01-28,True,6000000.0,6000000.0,13,True,False,06b,Ivan Hofman (Director); Jess Ball (Director); Joseph Choorapuzha (Director); Bradley Phillips (Director); Justin Bertram (Director); Ted Chan (Director); Mark Duffy (Executive Officer),021-385959,0001722834-21-000002,https://www.sec.gov/Archives/edgar/data/1722834/000172283421000002/
FL Club Holdings LLC,2014993,Florham Park,07932,Limited Liability Company,2021,True,Other,Decline to Disclose,,2024-03-11,False,,0.0,0,True,False,06b,Michael Arougheti (Executive Officer),021-507197,0002014993-24-000001,https://www.sec.gov/Archives/edgar/data/2014993/000201499324000001/
FLORENCE PRIVATE LENDING TR,2064158,Jersey City,07302,Other,2024,True,Other Banking and Financial Services,No Revenues,,2025-08-11,True,5000000000.0,0.0,0,False,False,"06b, 3C, 3C.7",Rosetta Brinson (Executive Officer),021-543892,0002064158-25-000005,https://www.sec.gov/Archives/edgar/data/2064158/000206415825000005/
FPG Inc.,1882174,Hoboken,07030,Corporation,2018,True,Other Technology,Decline to Disclose,2021-08-30,2021-09-14,False,14211000.0,10429122.0,50,True,False,06b,John Peurifoy (Executive Officer/Director); Van Phuong Phu (Executive Officer/Director); Kevin March (Executive Officer/Director),021-413261,0001882174-21-000001,https://www.sec.gov/Archives/edgar/data/1882174/000188217421000001/
"FWD Care, Inc.",2007284,Colts Neck,07722,Corporation,2023,True,Other Technology,Decline to Disclose,2023-12-22,2024-01-08,False,2000000.0,100000.0,3,False,False,06b,McKenzie Hagan (Director); Samir Khoja (Director); Imran Patel (Executive Officer/Director); Robert Horowitz (Executive Officer/Director),021-501802,0002007284-24-000001,https://www.sec.gov/Archives/edgar/data/2007284/000200728424000001/
Fabalish Inc.,1859519,Wallington,07057,Corporation,2019,True,Retailing,Decline to Disclose,2021-04-15,2021-04-29,False,,275000.0,2,False,True,06c,Paul Majcherczyk (Executive Officer/Director); Jessica Gebel (Executive Officer/Director),021-397625,0001859519-21-000001,https://www.sec.gov/Archives/edgar/data/1859519/000185951921000001/
"Fairly, Inc.",1841967,Princeton,08540,Corporation,2020,True,Other Technology,Decline to Disclose,2021-01-11,2021-01-25,False,1595000.0,1595000.0,4,True,False,06b,James Burns (Executive Officer/Director); Prajay Tipre (Executive Officer/Director),021-387234,0001841967-21-000001,https://www.sec.gov/Archives/edgar/data/1841967/000184196721000001/
Fancaster Inc,1443811,Fort Lee,07024,Corporation,overFiveYears,False,Telecommunications,No Revenues,2019-09-03,2025-09-15,True,,232910.0,5,True,False,06b,Craig Krueger (Executive Officer),021-349093,0001443811-25-000002,https://www.sec.gov/Archives/edgar/data/1443811/000144381125000002/
"Fandex, Inc.",1734986,Bedminster,07291,Corporation,2017,True,Other,Decline to Disclose,2021-03-24,2021-04-07,False,2218563.0,274996.0,1,True,False,06b,Ed Tiryakian (Executive Officer/Director); Jerome Ley (Director); Matthew D'Alessandro (Executive Officer/Director),021-394919,0001734986-21-000002,https://www.sec.gov/Archives/edgar/data/1734986/000173498621000002/
"Felicity AI, Inc.",2068138,Ledgewood,07852,Corporation,2024,True,Other Technology,Decline to Disclose,2025-04-18,2025-05-13,False,6000000.0,5750000.0,5,False,False,06b,Paul Chang (Executive Officer/Director); Saahil Madge (Executive Officer/Director),021-545897,0001559076-25-000001,https://www.sec.gov/Archives/edgar/data/2068138/000155907625000001/
Fidelis Animal Health Inc.,1869472,North Brunswick,08902,Corporation,overFiveYears,False,Pharmaceuticals,Decline to Disclose,2024-02-16,2024-02-28,False,2000001.0,1000017.0,10,True,False,06b,Andrew Midler (Director); Michael Wells (Executive Officer/Director/Promoter); Susan Witham (Executive Officer); Dennis Steadman (Director); Steven Leary (Executive Officer); Barry Levinson (Executive Officer/Director/Promoter); Cynthia Davis (Executive Officer),021-506247,0001869472-24-000002,https://www.sec.gov/Archives/edgar/data/1869472/000186947224000002/
"Fidelis Pharmaceuticals, Inc.",1869472,North Brunswick,08902,Corporation,overFiveYears,False,Pharmaceuticals,Decline to Disclose,2021-04-26,2021-07-21,False,5129692.0,5129692.0,8,True,False,06b,Barry Levinson (Executive Officer/Director/Promoter); Dennis Steadman (Director); Cynthia Davis (Executive Officer); Susan Witham (Executive Officer); Steven Leary (Executive Officer); Andrew Midler (Director); Kenneth Sylvester (Executive Officer); Eric Schreiber (Executive Officer); Michael Wells (Executive Officer/Director/Promoter),021-407114,0001869472-21-000001,https://www.sec.gov/Archives/edgar/data/1869472/000186947221000001/
"Fiducioso Advisors, Inc.",1576896,Liberty Corner,07938,Corporation,overFiveYears,False,Other Technology,Decline to Disclose,2022-02-18,2022-03-21,False,1000000.0,880000.0,11,False,True,06b,Shankar Iyer (Director); Manish Malhotra (Executive Officer/Director); Rakesh Kaul (Director),021-438128,0001576896-22-000001,https://www.sec.gov/Archives/edgar/data/1576896/000157689622000001/
"Fiducioso Advisors, Inc.",1576896,Liberty Corner,07938,Corporation,overFiveYears,False,Other Technology,Decline to Disclose,2022-09-27,2023-11-03,True,2000000.0,1167000.0,20,False,True,06b,Manish Malhotra (Executive Officer/Director); Rakesh Kaul (Director); Shankar Iyer (Director),021-461395,0001576896-23-000001,https://www.sec.gov/Archives/edgar/data/1576896/000157689623000001/
Figure Inc.,2065065,Englewood Cliffs,07632,Corporation,overFiveYears,False,Other Technology,Decline to Disclose,2025-02-25,2025-05-15,False,609226.0,609226.0,1,True,False,06b,Jin Woo Park (Executive Officer/Director),021-546289,0002065065-25-000001,https://www.sec.gov/Archives/edgar/data/2065065/000206506525000001/
"Finance Forward Automotive, Inc.",1983796,Parsippany,07054,Corporation,2022,True,Other Technology,No Revenues,2023-06-30,2023-07-06,False,,100000.0,2,True,False,06b,Michael LaMotta (Executive Officer/Director); Daniel Boller (Executive Officer/Director); Edvie Castro (Executive Officer/Director); Steven Spillane (Executive Officer/Director),021-486110,0001983796-23-000001,https://www.sec.gov/Archives/edgar/data/1983796/000198379623000001/
"First Commerce Bancorp, Inc./NJ",2105285,Lakewood,08701,Corporation,overFiveYears,False,Other Banking and Financial Services,Decline to Disclose,2025-12-30,2026-01-23,False,40000000.0,40000000.0,15,False,True,06b,Stanley Koreyva (Director); Danny Beagle (Executive Officer); Thomas Bovino (Director); Eliezer Weinman (Director); Donald Mindiak (Executive Officer/Director); LaTifa Sciscoe (Executive Officer); Rhiannon Williams (Executive Officer); Gershon Biegeleisen (Director); Abraham Penzer (Director); Debra Morgan (Executive Officer); Gregory Garcia (Executive Officer); Aaron Bookman (Director); Eli Rennert (Executive Officer); David Onderko (Executive Officer); Mary Malec (Executive Officer); Tonia Thompson (Executive Officer); Aaron Sussman (Director); Salvatore Alfieri (Director); Michael Merkin (Director),021-571053,0001437749-26-001940,https://www.sec.gov/Archives/edgar/data/2105285/000143774926001940/
"Five Springs, LLC",2052910,Sparta,07871,Limited Liability Company,2024,True,Other,No Revenues,2025-01-07,2025-01-27,False,2000000.0,475000.0,8,False,False,06b,Lisa Derman (Executive Officer),021-536316,0002052910-25-000001,https://www.sec.gov/Archives/edgar/data/2052910/000205291025000001/
"Folk Revival, LLC",1992951,Tenafly,07670,Limited Liability Company,2021,True,Retailing,Decline to Disclose,2024-10-01,2024-10-15,False,750000.0,45000.0,1,False,True,06b,David Cantor (Executive Officer),021-526847,0001992951-24-000001,https://www.sec.gov/Archives/edgar/data/1992951/000199295124000001/
"Food Architects, LLC",2073602,Hoboken,07030,Limited Liability Company,2025,True,Other,Not Applicable,2025-06-25,2025-06-25,False,850000.0,850000.0,9,True,False,06b,Michael Farrell (Executive Officer),021-549912,0002073602-25-000001,https://www.sec.gov/Archives/edgar/data/2073602/000207360225000001/
"Fractal31, Inc.",1971537,Short Hills,07078,Corporation,2022,True,Other,Decline to Disclose,2023-03-16,2023-03-31,False,1500000.0,500000.0,1,False,True,06b,Kushagra Saxena (Director); Nilesh Modi (Executive Officer),021-477653,0001080368-23-000013,https://www.sec.gov/Archives/edgar/data/1971537/000108036823000013/
"Freedom Dental Funding, LLC",1981274,Montclair,07043,Limited Liability Company,2023,True,Other,No Revenues,,2023-06-13,False,100000000.0,0.0,0,True,False,06c,Bradford Frank (Executive Officer); Avi Weisfogel (Executive Officer),021-484047,0001981274-23-000001,https://www.sec.gov/Archives/edgar/data/1981274/000198127423000001/
"Freedom Princeton Retail Partners, LLC",2043928,Manasquan,08736,Limited Liability Company,2024,True,Other,No Revenues,,2024-12-13,False,6000000.0,0.0,0,True,False,06c,Lyndon Hansen (Executive Officer); Nikki Fusilli (Executive Officer); Nikki Fusilli (Executive Officer),021-532017,0002043928-24-000003,https://www.sec.gov/Archives/edgar/data/2043928/000204392824000003/
"Freedom Princeton Retail Partners, LLC",2043928,Manasquan,08736,Limited Liability Company,2024,True,Other,No Revenues,,2024-11-21,True,6000000.0,0.0,0,True,False,06b,Nicholas Fusilli (Executive Officer); Nikki Fusilli (Executive Officer); Lyndon Hansen (Executive Officer),021-528758,0002043928-24-000002,https://www.sec.gov/Archives/edgar/data/2043928/000204392824000002/
Fria Inc.,2046143,Avenel,07001,Corporation,overFiveYears,False,Other,Decline to Disclose,2024-11-19,2024-11-27,False,1000000.0,30000.0,4,False,False,06b,Sheilisa McNeal (Executive Officer/Director),021-530721,0002046143-24-000001,https://www.sec.gov/Archives/edgar/data/2046143/000204614324000001/
Friend2Meet Inc,1949037,Tenafly,07670,Corporation,2022,True,Other Technology,No Revenues,2022-09-05,2022-09-30,False,888000.0,888000.0,8,True,False,06c,Amihay Birenboim (Executive Officer/Director),021-460462,0001949037-22-000002,https://www.sec.gov/Archives/edgar/data/1949037/000194903722000002/
Friendly Honey Inc.,1926542,Holmdel,07733,Limited Liability Company,2022,True,Other,No Revenues,2022-04-27,2022-05-11,False,2000000.0,2000000.0,9,True,False,06b,Derek Damiano (Executive Officer); Valerie Del Vecchio (Executive Officer),021-445315,0001926542-22-000001,https://www.sec.gov/Archives/edgar/data/1926542/000192654222000001/
"Friendly HoneyVault, LLC",1987347,Holmdel,07733,Limited Liability Company,2023,True,Other,Decline to Disclose,2023-07-20,2023-08-24,False,,1365000.0,8,True,False,06b,Robert Damiano (Director); Kelly Del Vecchio (Director); Rachel Cordasco (Director),021-490597,0001987347-23-000001,https://www.sec.gov/Archives/edgar/data/1987347/000198734723000001/
"Futurestay, Inc.",1625942,New Brunswick,08901,Corporation,overFiveYears,False,Other Technology,Decline to Disclose,2021-10-13,2021-10-28,False,11965026.0,11965026.0,52,True,False,06b,Thomas Wisniewski (Director); Jonathan Fabio (Director); S. Philip Kennard (Executive Officer/Director),021-419002,0001625942-21-000003,https://www.sec.gov/Archives/edgar/data/1625942/000162594221000003/
"FwdSlash, Inc.",1986220,East Brunswick,08816,Other,2022,True,Other,Decline to Disclose,2023-07-07,2023-07-19,False,500000.0,250000.0,1,False,True,06b,Sameer Sood (Executive Officer/Director); Joshua Prasad (Executive Officer),021-487388,0001986220-23-000001,https://www.sec.gov/Archives/edgar/data/1986220/000198622023000001/
G3 Esports LLC,1870869,Egg Harbor Twp.,08234,Limited Liability Company,2019,True,Other Technology,Decline to Disclose,2021-07-21,2021-08-27,True,5000000.0,1350000.0,2,True,False,06b,James Hammerstedt (Executive Officer); Anthony Gaud (Executive Officer),021-408450,0001870869-21-000002,https://www.sec.gov/Archives/edgar/data/1870869/000187086921000002/
G3 Esports LLC,1870869,Egg Harbor Twp.,08234,Limited Liability Company,2019,True,Other Technology,Decline to Disclose,2022-04-15,2023-07-26,False,5510000.0,5510000.0,21,True,False,06b,James Hammerstedt (Executive Officer); Luis Gaud (Executive Officer),021-487901,0001870869-23-000001,https://www.sec.gov/Archives/edgar/data/1870869/000187086923000001/
GAXOS.AI INC.,1895618,Roseland,07068,Corporation,2021,True,Other Technology,Decline to Disclose,2024-12-18,2025-01-02,False,5000005.0,5000005.0,4,False,False,06b,Adam Holzer (Director); Alex Kisin (Director); Vadim Mats (Executive Officer/Director); Steven Shorr (Executive Officer/Director); Scott Grayson (Director),021-534029,0001213900-25-000387,https://www.sec.gov/Archives/edgar/data/1895618/000121390025000387/
GAXOS.AI INC.,1895618,Roseland,07068,Corporation,2021,True,Other Technology,Decline to Disclose,2024-12-26,2025-01-02,False,4040007.0,4040007.0,5,False,False,06b,Alex Kisin (Director); Adam Holzer (Director); Steven Shorr (Executive Officer/Director); Vadim Mats (Executive Officer/Director); Scott Grayson (Director),021-534032,0001213900-25-000400,https://www.sec.gov/Archives/edgar/data/1895618/000121390025000400/
"GLW, Inc.",1716695,Englewood Cliffs,07632,Corporation,overFiveYears,False,Other Health Care,Decline to Disclose,,2023-06-26,False,7000000.0,0.0,0,True,False,06b,Keith Wapner (Director); Thomas Lee (Director); Vadim Gurevich (Executive Officer/Director),021-485096,0001716695-23-000002,https://www.sec.gov/Archives/edgar/data/1716695/000171669523000002/
"GREENBLU, INC.",2006736,Hamilton,08609,Corporation,overFiveYears,False,Manufacturing,Decline to Disclose,,2024-01-03,False,6000000.0,5000001.0,7,True,False,06b,KEVIN TRITZ (Executive Officer/Director); HOWARD YUH (Executive Officer/Director),021-501430,0002006736-24-000001,https://www.sec.gov/Archives/edgar/data/2006736/000200673624000001/
"GREENBLU, INC.",2006736,Hamilton,08609,Corporation,overFiveYears,False,Manufacturing,Decline to Disclose,2024-04-01,2024-04-12,False,2500000.0,2500000.0,2,True,False,06b,Michael Blatz (Director); Earl Jones (Director); Kevin Tritz (Executive Officer/Director); Howard Yuh (Executive Officer/Director),021-510471,0002006736-24-000002,https://www.sec.gov/Archives/edgar/data/2006736/000200673624000002/
"Gadget Software, Inc.",1691338,Hackensack,07601,Corporation,overFiveYears,False,Other Technology,Decline to Disclose,2021-12-28,2022-01-12,False,13390876.0,12390876.0,18,True,False,06b,Rabindra Soni (Executive Officer/Director),021-428979,0001691338-22-000004,https://www.sec.gov/Archives/edgar/data/1691338/000169133822000004/
"GaudHammer Gaming Group, Inc.",2117584,Egg Harbor Township,08234,Corporation,2023,True,Other,Decline to Disclose,2026-02-12,2026-03-09,False,600000.0,600000.0,2,False,True,06b,Luis Gaud (Executive Officer/Director); Anthony D'Ottavio (Director); James Hammerstedt (Executive Officer/Director),021-575793,0002117584-26-000001,https://www.sec.gov/Archives/edgar/data/2117584/000211758426000001/
"Gennao Bio, Inc.",1862102,Pennington,08534,Corporation,2020,True,Biotechnology,Decline to Disclose,2021-05-06,2021-12-28,True,55000012.0,32500008.0,7,True,False,06b,Chris Duke (Executive Officer); Chau Khuong (Director); Gary Sender (Director); Stephen Squinto (Executive Officer/Director/Promoter); Dale Ludwig (Executive Officer); Julie Hambleton (Director); Anuj Goswami (Executive Officer); Claudine Prowse (Executive Officer); Bruce Turner (Director),021-400266,0001567619-21-022547,https://www.sec.gov/Archives/edgar/data/1862102/000156761921022547/
"Gennao Bio, Inc.",1862102,Pennington,08534,Corporation,2020,True,Biotechnology,Decline to Disclose,2022-11-28,2022-12-08,False,40000000.0,14999997.0,3,True,False,06b,Julie Hambleton (Director); Anuj Goswami (Executive Officer); Claudine Prowse (Executive Officer); Joe McIntosh (Executive Officer); Bradley Campbell (Director); Craig Gordon (Director); Stephen Squinto (Executive Officer/Director/Promoter); Peter Thompson (Director); Dale Ludwig (Executive Officer); Chris Duke (Executive Officer); Gary Sender (Director),021-466966,0001567619-22-021428,https://www.sec.gov/Archives/edgar/data/1862102/000156761922021428/
"Genomic Prediction, Inc.",1897345,North Brunswick,08902,Corporation,2017,True,Other Health Care,Decline to Disclose,2021-11-16,2021-12-15,False,12000000.0,11999988.0,20,True,False,06b,Laurent Tellier (Executive Officer/Director); Stephen Hsu (Executive Officer/Director); Nathan Mee (Director); Sailesh Ramakrishnan (Director),021-425134,0001897345-21-000001,https://www.sec.gov/Archives/edgar/data/1897345/000189734521000001/
Get Ready Tour LLC,1803542,Summit,07901,Limited Liability Company,2020,True,Other,Decline to Disclose,2020-04-10,2022-03-30,True,7000000.0,6500000.0,127,False,False,06b,Ira Pittelman (Executive Officer/Director); Tom Hulce (Executive Officer/Director),021-362291,0001803542-22-000001,https://www.sec.gov/Archives/edgar/data/1803542/000180354222000001/
Ghost Notes Inc.,1994307,Sparta,07871,Corporation,2023,True,Other Technology,Decline to Disclose,2023-09-01,2023-09-20,False,1500000.0,550000.0,2,False,False,06b,Jonathan Abodeely (Director); Garrick Brown (Executive Officer/Director),021-492609,0001994307-23-000001,https://www.sec.gov/Archives/edgar/data/1994307/000199430723000001/
"GlucoTrack, Inc.",1506983,Rutherford,07070,Corporation,overFiveYears,False,Biotechnology,"$1 - $1,000,000",2024-04-22,2024-05-08,False,500000.0,500000.0,9,True,False,06b,Paul Goode (Executive Officer); Shimon Rapps (Director); Andrew Sycoff (Director); Erin Carter (Director); Luis Malave (Director); Allen Danzig (Director); James Cardwell (Executive Officer); Robert Fischell (Director),021-512729,0001493152-24-018244,https://www.sec.gov/Archives/edgar/data/1506983/000149315224018244/
"Go4Ellis, Inc.",1889909,Brigantine,08203,Corporation,2021,True,Other Technology,Decline to Disclose,2021-09-15,2022-03-21,False,2000000.0,1530906.0,20,True,False,06b,Andrew Hayes (Executive Officer/Director); Andy Kaplan (Director); David Snyder (Director),021-438176,0001889909-22-000001,https://www.sec.gov/Archives/edgar/data/1889909/000188990922000001/
"Goldin Parent, Inc.",1846289,Runnemede,08078,Corporation,2020,True,Other,Decline to Disclose,2020-12-28,2021-03-04,False,,54750015.0,21,True,False,06b,Kenneth Goldin (Executive Officer/Director); Matthew Brown (Director); Michaela Venuti (Director); Jesse Jacobs (Director); Nathaniel Turner V (Executive Officer/Director); Ross Hoffman (Executive Officer/Director),021-391242,0001846289-21-000002,https://www.sec.gov/Archives/edgar/data/1846289/000184628921000002/
Gparency LLC,1895197,Howell Township,07731,Limited Liability Company,2021,True,Other Technology,Decline to Disclose,2022-11-23,2022-12-08,False,8500000.0,1159250.0,28,True,False,06b,Ira Zlotowitz (Executive Officer/Director); Ben Schweitzer (Executive Officer); Avi Beneson (Executive Officer); Michael Fried (Director); Abraham Bergman (Director); Chayale Kaufman (Director); Abrar Qureshi (Executive Officer); Paul Fruchthandler (Director); Joel Kahn (Executive Officer),021-466882,0001895197-22-000001,https://www.sec.gov/Archives/edgar/data/1895197/000189519722000001/
Gparency LLC,1895197,Howell Township,07731,Limited Liability Company,2021,True,Other Technology,Decline to Disclose,2024-02-05,2024-02-16,False,11000000.0,162500.0,3,True,False,06c,Abraham Bergman (Director); Paul Fruchthandler (Director); Ira Zlotowitz (Executive Officer/Director); Michael Fried (Director); Chayale Kaufman (Director),021-505484,0001895197-24-000001,https://www.sec.gov/Archives/edgar/data/1895197/000189519724000001/
"Grace Therapeutics, Inc.",1444192,Princeton,08540,Corporation,overFiveYears,False,Biotechnology,No Revenues,2025-02-10,2025-02-25,False,30000203.0,14999985.0,14,True,False,06b,Robert J. DelAversano (Executive Officer); Amresh Kumar (Executive Officer); Prashant Kohli (Director/Executive Officer); Carrie D'Andrea (Executive Officer); S. George Kottayil (Director); Edward Neugeboren (Director); A. Brian Davis (Director); Dr. R. Loch Macdonald (Executive Officer); Vimal Kavuru (Director),021-539175,0001140361-25-005827,https://www.sec.gov/Archives/edgar/data/1444192/000114036125005827/
Great Investors Development Corp,1952529,North Brunswick,08902,Corporation,2018,True,Manufacturing,No Revenues,,2023-08-01,True,5700000000.0,0.0,35,True,True,06b,ROXANNE ROBINSON (Executive Officer),021-485769,0001952529-23-000003,https://www.sec.gov/Archives/edgar/data/1952529/000195252923000003/
"Green Exchange, PBC",1959610,Gladstone,07934,Corporation,2022,True,Other,Decline to Disclose,2022-03-02,2022-12-29,False,600000.0,600000.0,5,True,False,06b,Alexander Kontoleon (Executive Officer); Robert Wotzcak (Director); Daniel Labovitz (Executive Officer/Director); Charles Dolan (Executive Officer/Director),021-469180,0001959610-22-000001,https://www.sec.gov/Archives/edgar/data/1959610/000195961022000001/
"Green Exchange, PBC",1959610,Gladstone,07934,Corporation,2022,True,Other,Decline to Disclose,2022-10-07,2022-12-29,False,1500000.0,999997.0,2,True,False,06b,Daniel Labovitz (Executive Officer/Director); Robert Wotzcak (Director); Charles Dolan (Executive Officer/Director); Alexander Kontoleon (Executive Officer),021-469183,0001959610-22-000002,https://www.sec.gov/Archives/edgar/data/1959610/000195961022000002/
"Green Exchange, PBC",1959610,Gladstone,07934,Corporation,2022,True,Other,Decline to Disclose,2023-02-03,2024-04-25,True,5000000.0,1550000.0,6,True,False,06b,Alexander Kontoleon (Executive Officer); Robert Wotzcak (Director); Charles Dolan (Executive Officer/Director); Daniel Labovitz (Executive Officer/Director),021-474234,0001200876-24-000004,https://www.sec.gov/Archives/edgar/data/1959610/000120087624000004/
Grignard Pure LLC,1908379,Rahway,07065,Limited Liability Company,2020,True,Other,"$1 - $1,000,000",2021-11-04,2022-07-21,False,2500000.0,1400000.0,11,True,False,06b,Emile Grignard III (Executive Officer),021-453177,0001908379-22-000003,https://www.sec.gov/Archives/edgar/data/1908379/000190837922000003/
"Gymble, Inc.",1881845,Newark,07102,Corporation,2020,True,Other Technology,Decline to Disclose,2022-12-21,2023-02-08,False,120000.0,120000.0,1,True,True,06b,Akim Mitchell (Executive Officer/Director); Bobby Phills III (Executive Officer/Director); Devon Oakley (Executive Officer/Director),021-472916,0001881845-23-000002,https://www.sec.gov/Archives/edgar/data/1881845/000188184523000002/
"Gynger, Inc.",1902984,East Rutherford,07073,Corporation,2021,True,Other,Decline to Disclose,2021-12-16,2022-01-12,False,5860002.0,5860002.0,6,True,False,06b,Eric Reiner (Director); Mark Ghermezian (Executive Officer/Director),021-429028,0001902984-22-000001,https://www.sec.gov/Archives/edgar/data/1902984/000190298422000001/
H Investment Fund LLC,2055197,North Plainfield,07060,Limited Liability Company,2025,True,Other,No Revenues,,2025-02-06,True,10000000.0,0.0,0,True,False,06c,Randeep Singh (Executive Officer),021-537397,0002055197-25-000002,https://www.sec.gov/Archives/edgar/data/2055197/000205519725000002/
"HC Parent Holdings, LLC",1900846,Teaneck,07666,Limited Liability Company,2021,True,Other,Decline to Disclose,2021-12-14,2021-12-22,False,62560000.0,62560000.0,8,True,False,06b,DeVer Warner (Executive Officer/Director); Brian Tilley (Executive Officer/Director),021-426300,0001900846-21-000001,https://www.sec.gov/Archives/edgar/data/1900846/000190084621000001/
"HOPR.AI, INC.",1891889,Edison,08820,Corporation,2020,True,Other,Decline to Disclose,2023-04-20,2023-06-01,False,,1479500.0,4,False,False,06b,Jacob Guedalia (Executive Officer/Director),021-483095,0001891889-23-000001,https://www.sec.gov/Archives/edgar/data/1891889/000189188923000001/
"HVG Holdings, LLC",1965190,Teaneck,07666,Limited Liability Company,2022,True,Other,Decline to Disclose,2023-01-31,2023-02-13,False,195620000.0,195620000.0,20,True,False,06b,Brian Tilley (Executive Officer/Director); Andrew White (Executive Officer/Director),021-473297,0001965190-23-000001,https://www.sec.gov/Archives/edgar/data/1965190/000196519023000001/
Halfday Tonics Inc.,1937924,Laurel Springs,08021,Corporation,2023,True,Other,Decline to Disclose,2023-08-10,2023-08-24,False,10315951.0,7290953.0,40,True,False,06b,Michael Lombardo (Executive Officer/Director/Promoter); Kayvon Jahanbakhsh (Director); Daniel Morad (Director),021-490561,0001937924-23-000003,https://www.sec.gov/Archives/edgar/data/1937924/000193792423000003/
Handy Homes Services Inc.,2010969,Rumson,07760,Corporation,2024,True,Other,No Revenues,2024-02-19,2024-02-27,True,500000.0,330000.0,4,False,False,06c,Kerry Ancheta (Executive Officer),021-505563,0001096906-24-000268,https://www.sec.gov/Archives/edgar/data/2010969/000109690624000268/
"Haven Servicing, Inc.",1859536,Newark,07102,Corporation,2019,True,Other Technology,Decline to Disclose,2021-05-04,2021-05-11,False,5514997.0,5514997.0,38,True,False,06b,Jonathan Chao (Executive Officer); Christian Lawless (Director); Aditya Acharya (Director); Nipun Kant (Executive Officer/Director),021-398926,0001859536-21-000002,https://www.sec.gov/Archives/edgar/data/1859536/000185953621000002/
"Haven Servicing, Inc.",1859536,Newark,07102,Corporation,2019,True,Other Technology,Decline to Disclose,2022-09-19,2022-09-30,False,12249999.0,2000000.0,15,True,False,06b,Christian Lawless (Director); Jonathan Chao (Executive Officer/Director); Nipun Kant (Executive Officer/Director); Sarah Liu (Director),021-460357,0001859536-22-000001,https://www.sec.gov/Archives/edgar/data/1859536/000185953622000001/
"Health Recovery Solutions, Inc.",1562357,Hoboken,07030,Corporation,overFiveYears,False,Other Technology,Decline to Disclose,2021-03-04,2021-03-17,False,25374617.0,25374617.0,5,True,False,06b,Jarrett Bauer (Executive Officer/Director); Rohan Udeshi (Executive Officer/Director); Gregg Michaelson (Director); Patrick O'Keefe (Director); Sasank Aleti (Director); Scott Perricelli (Director),021-392493,0001562357-21-000001,https://www.sec.gov/Archives/edgar/data/1562357/000156235721000001/
HealthArc Worldwide Inc.,2001101,Hackensack,07601,Corporation,2022,True,Other Technology,Decline to Disclose,2023-11-01,2023-11-15,False,5000000.0,5000000.0,7,True,False,06b,Kevin O'Connor (Director); Sudeep Bath (Executive Officer/Director),021-497266,0001062993-23-020861,https://www.sec.gov/Archives/edgar/data/2001101/000106299323020861/
"HealthEC, LLC",1764061,Edison,08837,Limited Liability Company,2018,True,Other Health Care,Decline to Disclose,2023-09-26,2023-10-10,False,,5000000.0,2,True,False,06b,Chris Caramanico (Executive Officer/Director); Enrico Picozza (Director); Ashish Kapoor (Director); Shilpa Nayyar (Director); Steve Tolle (Director),021-494266,0001567619-23-007409,https://www.sec.gov/Archives/edgar/data/1764061/000156761923007409/
"HealthG2, Inc.",1838516,Princeton Junction,08550,Corporation,2020,True,Other Health Care,Decline to Disclose,2020-12-21,2021-01-05,False,2000000.0,25000.0,1,True,False,06b,Derek Nickerson (Executive Officer); Armand Principato (Executive Officer); Christian Nickerson (Executive Officer/Director),021-385205,0001838516-21-000001,https://www.sec.gov/Archives/edgar/data/1838516/000183851621000001/
"Healthcare Shares, P.B.C.",1837543,Hoboken,07030,Corporation,2020,True,Other Health Care,"$1 - $1,000,000",2021-01-04,2022-12-06,True,1000000.0,797501.0,15,True,False,06c,Daniel Dow (Executive Officer/Promoter); Laurence Girard (Executive Officer/Director/Promoter); Daniel Gerken (Executive Officer/Promoter),021-386339,0001837543-22-000004,https://www.sec.gov/Archives/edgar/data/1837543/000183754322000004/
"Healthtech Partners, Inc.",1769715,Scotch Plains,07076,Corporation,2019,True,Other Technology,Decline to Disclose,2021-12-21,2022-01-04,False,3376816.0,3376816.0,3,True,False,06b,Brian Litten (Director); Bruce Luehrs (Director); Mansoor Kahn (Executive Officer/Director); Matthew Kaufman (Executive Officer/Director); Maulik Trivedi (Director); Deven Unadkat (Director),021-427761,0001769715-22-000001,https://www.sec.gov/Archives/edgar/data/1769715/000176971522000001/
"Hepion Pharmaceuticals, Inc.",1583771,Edison,08837,Corporation,overFiveYears,False,Biotechnology,Decline to Disclose,2022-11-04,2022-11-15,False,20000000.0,20000000.0,8,True,False,06b,Gary Jacobs (Director); Timothy Block (Director); John Cavan (Executive Officer); John Brancaccio (Director); Petrus Wijngaard (Director); Robert Foster (Executive Officer/Director); Arnold Lippa (Director); Todd Hobbs (Executive Officer),021-464880,0001104659-22-119135,https://www.sec.gov/Archives/edgar/data/1583771/000110465922119135/
"Hepion Pharmaceuticals, Inc.",1583771,Edison,20883,Corporation,overFiveYears,False,Pharmaceuticals,Decline to Disclose,2023-09-28,2023-10-03,False,5000004.0,5000004.0,1,True,False,06b,Kaouthar Lbiati (Director); Timothy Block (Director); Gary Jacob (Director); Anand Reddi (Director); John Cavan (Executive Officer); Petrus Wijngaard (Director); Robert Foster (Executive Officer/Director); John Brancaccio (Director),021-493729,0001104659-23-106467,https://www.sec.gov/Archives/edgar/data/1583771/000110465923106467/
"Hepion Pharmaceuticals, Inc.",1583771,Edison,08837,Corporation,overFiveYears,False,Pharmaceuticals,Decline to Disclose,2024-07-19,2024-07-24,False,2900000.0,2900000.0,7,True,True,06b,Kaouthar Lbiati (Director); John Cavan (Executive Officer); Michael Purcell (Director); Timothy Block (Director); John Brancaccio (Director),021-519570,0001493152-24-028850,https://www.sec.gov/Archives/edgar/data/1583771/000149315224028850/
Hero Gear Inc.,1928265,Linwood,08221,Corporation,2019,True,Retailing,No Revenues,,2022-05-11,False,500000.0,0.0,0,False,True,06b,Ryan Rendfrey (Executive Officer/Director); Brian Lee (Director); Henry Gaskins (Director),021-445258,0001928265-22-000001,https://www.sec.gov/Archives/edgar/data/1928265/000192826522000001/
Hiddin LLC,1865195,West Caldwell,07006,Limited Liability Company,2019,True,Retailing,"$1 - $1,000,000",,2021-06-02,False,250000.0,0.0,0,True,False,06b,Tracey Butler (Executive Officer),021-401340,0001865195-21-000001,https://www.sec.gov/Archives/edgar/data/1865195/000186519521000001/
"High QA, Inc.",1763599,Hazlet,07730,Corporation,overFiveYears,False,Computers,Decline to Disclose,2022-12-22,2023-02-09,False,2099954.0,1049956.0,5,True,False,06b,Douglas Cox (Director); Jeffrey Davison (Director); Glen Bressner (Director); George Boyajian (Director); Samuel Golan (Executive Officer/Director),021-473084,0001763599-23-000001,https://www.sec.gov/Archives/edgar/data/1763599/000176359923000001/
High St Management LLC,1965918,Hackettstown,07840,Limited Liability Company,2021,True,Other,Decline to Disclose,2023-02-06,2023-02-21,False,1500000.0,450000.0,3,True,False,06b,Craig Cohen (Executive Officer); Daniel Weinstein (Executive Officer),021-473855,0001965918-23-000001,https://www.sec.gov/Archives/edgar/data/1965918/000196591823000001/
"HillviewMed, Inc.",1788118,Lincoln Park,07035,Corporation,2018,True,Other Health Care,Decline to Disclose,2021-11-29,2021-12-14,False,,550000.0,5,False,False,06b,Lisa VandeVrede (Director); Kenneth VandeVrede (Executive Officer),021-424925,0001788118-21-000002,https://www.sec.gov/Archives/edgar/data/1788118/000178811821000002/
"Hive Brands Holdings, Inc.",1837862,Chatham,07928,Corporation,2020,True,Retailing,Decline to Disclose,2021-12-06,2021-12-22,False,15000000.0,7180257.0,17,True,False,06b,"John Basto, Jr. (Director); Scott Morris (Executive Officer/Director/Promoter); Stephan Oppenheimer (Director); Thomas Ellis (Executive Officer/Promoter)",021-426216,0001837862-21-000001,https://www.sec.gov/Archives/edgar/data/1837862/000183786221000001/
"Hive Brands Holdings, Inc.",1837862,Freehold,07728,Corporation,2020,True,Retailing,Decline to Disclose,2023-12-13,2024-01-04,False,5000000.0,3337923.0,19,True,False,06b,Scott Morris (Director); Katie Tyson (Executive Officer),021-501523,0002004589-24-000001,https://www.sec.gov/Archives/edgar/data/1837862/000200458924000001/
Hoboken Farms Foods LLC,2006337,Clifton,07013,Limited Liability Company,2023,True,Other,Decline to Disclose,2023-12-18,2024-01-02,False,4700000.0,200000.0,1,True,False,06b,Charles Stamaris (Executive Officer); Brad Finkel (Executive Officer),021-501328,0002006337-24-000001,https://www.sec.gov/Archives/edgar/data/2006337/000200633724000001/
Hoboken Investment Group LLC,1996412,Hoboken,07030,Limited Liability Company,2023,True,Other,Decline to Disclose,2024-02-09,2024-02-20,False,2000000.0,50000.0,1,True,False,06b,Greta Brandt (Executive Officer); Ryan Ciucki (Executive Officer); Mike Standlee (Executive Officer/Director),021-505592,0001062993-24-003601,https://www.sec.gov/Archives/edgar/data/1996412/000106299324003601/
Holistik Wellness LLC,1767019,Fanwood,07023,Limited Liability Company,overFiveYears,False,Other,"$1 - $1,000,000",2021-07-27,2025-01-16,True,4000000.0,4000000.0,51,False,True,06b,Erik Elfstrum (Executive Officer/Director); William Fleming (Executive Officer/Director); Jared Kaban (Director); T.J. Stouder (Executive Officer/Director); Doug Kimmel (Executive Officer/Director),021-408095,0001767019-25-000001,https://www.sec.gov/Archives/edgar/data/1767019/000176701925000001/
"Holland Ridge Capital III, LLC",2125714,Long Branch,07740,Limited Liability Company,2025,True,Other,Decline to Disclose,2026-01-30,2026-03-31,False,360000.0,360000.0,4,True,False,06b,"Holland Ridge Management, LLC (Executive Officer); Nicholas Ambrosino (Executive Officer)",021-578427,0002125714-26-000001,https://www.sec.gov/Archives/edgar/data/2125714/000212571426000001/
"Home Surplus Holdings, LLC",1927720,Keyport,07735,Limited Liability Company,2022,True,Retailing,Decline to Disclose,2022-04-11,2022-06-06,False,33000000.0,16625600.0,20,True,False,06b,n/a Schwartz Family Holdings LLC (Director); Joel Schwartz (Executive Officer/Promoter),021-448246,0001437749-22-014443,https://www.sec.gov/Archives/edgar/data/1927720/000143774922014443/
HomeJab Inc.,1897643,Cherry Hill,08002,Corporation,2021,True,Other Technology,Decline to Disclose,,2021-12-15,False,,0.0,0,True,True,06c,Joseph Jesuele (Executive Officer/Director),021-425065,0001756638-21-000006,https://www.sec.gov/Archives/edgar/data/1897643/000175663821000006/
Homeroom Fund 2023 LLC,1990739,Princeton,08540,Limited Liability Company,2023,True,Business Services,Decline to Disclose,2023-09-01,2023-09-13,False,,30000.0,2,True,False,06b,Andrew Somers (Director); Akash Patel (Director); Ben Jen (Director),021-491955,0001990739-23-000001,https://www.sec.gov/Archives/edgar/data/1990739/000199073923000001/
Hoot Health Inc.,2046311,Millstone,08535,Corporation,2021,True,Other Health Care,Decline to Disclose,2022-09-01,2024-11-26,False,750000.0,310000.0,5,False,False,06b,Robert Miglani (Executive Officer/Director); Shefali Miglani (Executive Officer),021-530537,0002046311-24-000001,https://www.sec.gov/Archives/edgar/data/2046311/000204631124000001/
Hotspot Inc.,1986040,Princeton,08542,Corporation,2021,True,Other,Decline to Disclose,2023-07-26,2023-07-28,False,145000.0,145000.0,6,False,False,06b,Dylan Porges (Executive Officer/Director); Ayooluwa Oguntola (Executive Officer/Director),021-488175,0001986040-23-000001,https://www.sec.gov/Archives/edgar/data/1986040/000198604023000001/
Hudson River Pickleball Inc.,2021536,Hoboken,07030,Corporation,2024,True,Other,Decline to Disclose,2024-04-11,2024-04-30,False,165000.0,100000.0,4,True,False,06b,Zhilong Lin (Executive Officer/Director),021-511946,0002021536-24-000001,https://www.sec.gov/Archives/edgar/data/2021536/000202153624000001/
"Human.Quest, Inc",1959944,Parsippany,07054,Corporation,2021,True,Other,No Revenues,2022-12-22,2023-01-05,False,2000000.0,15000.0,2,False,False,04,Ashish Goyal (Director),021-469827,0001931638-23-000001,https://www.sec.gov/Archives/edgar/data/1959944/000193163823000001/
"ICARE QOZ FUND, INC.",1869651,Newark,07104,Corporation,2021,True,Other Health Care,Decline to Disclose,,2022-07-12,True,,0.0,0,True,False,"06b, 3C.1",PAULETTA HINES (Director); DARIN LIEBER (Director); RENITA RAGAN (Director/Executive Officer); Y.D. YAO (Director); KAREN MYRIE (Director); LORD DOWDELL (Executive Officer/Director),021-406402,0001567619-22-013892,https://www.sec.gov/Archives/edgar/data/1869651/000156761922013892/
IDUnique Inc.,1837206,Roseland,07068,Corporation,2020,True,Other Technology,Decline to Disclose,2020-12-02,2021-01-13,False,750000.0,310000.0,9,False,True,"06b, 4a5",Adam Brothers (Executive Officer),021-386134,0001837206-21-000001,https://www.sec.gov/Archives/edgar/data/1837206/000183720621000001/
"IMOR, Inc.",1883661,Short Hills,07078,Corporation,2021,True,Other,Decline to Disclose,2021-09-08,2021-09-21,False,,600000.0,5,True,False,06b,Alex Betancur (Executive Officer/Director); Abby Flamholz (Director),021-414094,0001433642-21-000136,https://www.sec.gov/Archives/edgar/data/1883661/000143364221000136/
"INQUISITHEALTH, INC.",1567863,River Edge,07661,Corporation,overFiveYears,False,Other Health Care,Decline to Disclose,2021-02-24,2021-03-23,False,725000.0,725000.0,8,False,True,06b,Brijesh Patel (Executive Officer/Director); Ashwin Patel (Executive Officer/Director); James Foy (Director),021-393214,0001567863-21-000001,https://www.sec.gov/Archives/edgar/data/1567863/000156786321000001/
"INQUISITHEALTH, INC.",1567863,River Edge,07661,Corporation,overFiveYears,False,Other Health Care,Decline to Disclose,2022-03-18,2022-03-30,False,1500000.0,1157302.0,7,True,False,06b,Ashwin Patel (Executive Officer/Director),021-439560,0001567863-22-000001,https://www.sec.gov/Archives/edgar/data/1567863/000156786322000001/
"INTELAGIST, INC.",2075631,Bloomfield,07003,Corporation,2024,True,Other,Decline to Disclose,,2025-07-10,False,500000.0,0.0,0,True,False,06b,AMANDEEP LOI (Executive Officer),021-551249,0001599916-25-000084,https://www.sec.gov/Archives/edgar/data/2075631/000159991625000084/
"INTERPACE BIOSCIENCES, INC.",1054102,Parsippany,07054,Corporation,overFiveYears,False,Other Health Care,Decline to Disclose,2024-10-11,2024-10-16,False,47000000.0,47000000.0,2,True,False,06b,Stephen Sullivan (Director); Vijay Aggarwal (Director); Joseph Keegan (Director); Fortunato Ron Rocca (Director); Christopher McCarthy (Executive Officer); Thomas Burnell (Executive Officer/Director),021-526971,0001493152-24-041289,https://www.sec.gov/Archives/edgar/data/1054102/000149315224041289/
"IVIEW Therapeutics, Inc.",1848749,Cranbury,08512,Corporation,overFiveYears,False,Pharmaceuticals,Decline to Disclose,2021-02-26,2022-01-12,True,30027445.0,30027445.0,15,True,False,06b,John Baldwin (Director); Wei Wang (Executive Officer/Director); Bo Liang (Executive Officer/Director); Qi Zhu (Executive Officer/Director); Xiaolu Sun (Director); Bin He (Director); Tao Du (Director),021-392060,0001848749-22-000001,https://www.sec.gov/Archives/edgar/data/1848749/000184874922000001/
"IVIEW Therapeutics, Inc.",1848749,Cranbury,08512,Corporation,overFiveYears,False,Biotechnology,Decline to Disclose,2024-05-14,2025-06-10,True,15000000.0,9177371.0,5,True,False,06b,Qi Zhu (Director); Houman Hemmati (Executive Officer/Director); Wei Wang (Executive Officer/Director); Jingjie Li (Director); Xiaolu Sun (Director); Bo Liang (Executive Officer/Director); Bin He (Director),021-514236,0001848749-25-000003,https://www.sec.gov/Archives/edgar/data/1848749/000184874925000003/
Ignite Venture Studio LLC,1957811,Princeton,08540,Limited Liability Company,2022,True,Other,Decline to Disclose,2022-12-22,2022-12-30,False,5350006.0,5350006.0,4,True,False,06b,Joshua E. Ghaim (Executive Officer),021-469319,0001957811-22-000001,https://www.sec.gov/Archives/edgar/data/1957811/000195781122000001/
Ilekun Health Inc.,1857566,Hillsdale,07642,Corporation,2020,True,Other Health Care,Decline to Disclose,2021-01-05,2021-06-22,True,500000.0,47500.0,3,True,False,06b,Tobi Bosede (Executive Officer/Director),021-396258,0001857566-21-000002,https://www.sec.gov/Archives/edgar/data/1857566/000185756621000002/
"ImageProVision, Inc.",2048548,Kingston,08528,Corporation,2021,True,Other Technology,"$1 - $1,000,000",2021-09-28,2025-01-10,False,5000000.0,4010000.0,40,False,False,06b,Sandeep Kulkarni (Director); Jeffrey Hall (Executive Officer); Devendra Shukla (Director); Raghu Rao (Executive Officer/Director),021-534662,0002048548-25-000001,https://www.sec.gov/Archives/edgar/data/2048548/000204854825000001/
"ImmunoCellular Therapeutics, Ltd.",822411,Montvale,07645,Corporation,overFiveYears,False,Pharmaceuticals,No Revenues,2022-08-26,2022-09-12,False,5000000.0,750000.0,1,False,False,06b,Frank Douglas (Director); Julie Kampf (Director); Robert Lehman (Director); Eli Goldberger (Executive Officer/Director); Wayne Danson (Executive Officer); Irach Taraporewala (Executive Officer/Director),021-458604,0001493152-22-025629,https://www.sec.gov/Archives/edgar/data/822411/000149315222025629/
"Imunon, Inc.",749647,Lawrenceville,08648,Corporation,overFiveYears,False,Biotechnology,Decline to Disclose,2024-08-01,2024-08-16,False,10000000.0,10000000.0,4,True,False,06b,Frederick Fritz (Director); Donald Braun (Director); David Gaiero (Executive Officer); James Dentzer (Director); Michael Tardugno (Executive Officer); Khursheed Anwer (Executive Officer); Christine Pellizzari (Director); Stacy Lindborg (Executive Officer/Director),021-521729,0001493152-24-032752,https://www.sec.gov/Archives/edgar/data/749647/000149315224032752/
"Imunon, Inc.",749647,Lawrenceville,08648,Corporation,overFiveYears,False,Biotechnology,Decline to Disclose,2025-05-27,2025-05-28,False,3250001.0,3250001.0,3,True,False,06b,David Gaiero (Executive Officer); James Dentzer (Director); Donald Braun (Director); Michael Tardugno (Executive Officer/Director); Frederick Fritz (Director); Stacy Lindborg (Executive Officer/Director); Christine Pellizzari (Director); Douglas Faller (Executive Officer); Susan Eylward (Executive Officer); Khursheed Anwer (Executive Officer),021-547406,0001641172-25-012694,https://www.sec.gov/Archives/edgar/data/749647/000164117225012694/
"InSite Health, Inc.",2012080,Marlton,08053,Corporation,2022,True,Other Health Care,Decline to Disclose,2022-05-27,2024-02-21,False,2947955.0,2947955.0,21,False,False,06b,Christopher Gaeta (Executive Officer/Director); Stephen Klasko (Director); Andrew Zalasin (Director); Mark Gaeta (Director),021-505685,0002012080-24-000001,https://www.sec.gov/Archives/edgar/data/2012080/000201208024000001/
Indigo Project LLC,2123905,Wall,07719,Limited Liability Company,2024,True,Other,Decline to Disclose,2025-11-24,2026-03-25,False,300000.0,300000.0,1,True,False,06b,Arleigh Banner (Executive Officer),021-577570,0002123905-26-000001,https://www.sec.gov/Archives/edgar/data/2123905/000212390526000001/
"Initrade, Inc.",1983107,Maplewood,07040,Corporation,2023,True,Other Technology,Decline to Disclose,,2023-07-13,False,500000.0,0.0,0,False,False,06b,Michael Steiner (Executive Officer),021-486742,0001983107-23-000002,https://www.sec.gov/Archives/edgar/data/1983107/000198310723000002/
"Inlet Media, Inc.",1820588,Union City,07087,Corporation,2020,True,Other Technology,Decline to Disclose,2021-03-25,2021-04-08,False,175000.0,50275.0,6,True,False,04,Brian Egan (Executive Officer/Director); Thomas Mullarney (Executive Officer); Patrick Cedrowski (Executive Officer/Director),021-395100,0001820588-21-000001,https://www.sec.gov/Archives/edgar/data/1820588/000182058821000001/
Innovation1 Biotech Inc.,1629205,Rockaway,07866,Corporation,overFiveYears,False,Other,Decline to Disclose,2023-04-13,2023-04-24,False,280000.0,186666.0,2,False,True,06b,Frederick Pierce (Executive Officer/Director),021-479752,0001477932-23-002806,https://www.sec.gov/Archives/edgar/data/1629205/000147793223002806/
Inspirit Group INc,1978692,Holmdel,07733,Corporation,2021,True,Other Technology,"$1,000,001 - $5,000,000",2023-05-09,2023-05-23,False,,795355.0,91,True,False,06b,Kevin Kilcullen (Director); James Courter (Director); Herbert Stern (Director); William Bartzak (Director); Robert Druskin (Director); Sharlee Jeter (Director); Charles Mays III (Executive Officer/Director),021-482368,0001978692-23-000002,https://www.sec.gov/Archives/edgar/data/1978692/000197869223000002/
"Insync Innovatons, inc.",1864739,Bergenfield,07621,Corporation,overFiveYears,False,Other Technology,Decline to Disclose,2021-05-03,2021-06-10,False,800000.0,100000.0,1,True,False,06b,Michael Licameli (Executive Officer/Director),021-402452,0001864739-21-000001,https://www.sec.gov/Archives/edgar/data/1864739/000186473921000001/
Integra Network Solutions LLC,1900863,Parsippany,07054,Limited Liability Company,2020,True,Other Technology,Decline to Disclose,2021-12-22,2022-04-13,True,1100000.0,915000.0,9,False,False,06b,Philip Ziegler (Director/Promoter); Dennis Specht (Director/Promoter),021-426325,0001900863-22-000001,https://www.sec.gov/Archives/edgar/data/1900863/000190086322000001/
"Integral Urgent Care Epsilon, LLC",1886402,South Plainfield,07080,Limited Liability Company,2021,True,Other Health Care,Decline to Disclose,2021-10-18,2021-10-25,False,2100000.0,2067500.0,20,True,False,06b,Albert Saad (Executive Officer/Director/Promoter),021-418314,0001886402-21-000001,https://www.sec.gov/Archives/edgar/data/1886402/000188640221000001/
"Integral Urgent Care Epsilon, LLC",1886402,South Plainfield,07080,Limited Liability Company,2021,True,Other Health Care,Decline to Disclose,2025-09-30,2025-10-10,False,500000.0,365000.0,6,False,True,06b,Albert Saad (Executive Officer/Director/Promoter),021-560462,0001886402-25-000002,https://www.sec.gov/Archives/edgar/data/1886402/000188640225000002/
"Integral Urgent Care Zeta, LLC",1886400,South Plainfield,07080,Limited Liability Company,2021,True,Other Health Care,Decline to Disclose,2021-10-18,2021-10-25,False,2100000.0,2067500.0,20,True,False,06b,Albert Saad (Executive Officer/Director/Promoter),021-418313,0001886400-21-000001,https://www.sec.gov/Archives/edgar/data/1886400/000188640021000001/
"Integral Urgent Care Zeta, LLC",1886400,South Plainfield,07080,Limited Liability Company,2021,True,Other Health Care,Decline to Disclose,2025-09-30,2025-10-10,False,500000.0,365000.0,6,False,True,06b,Albert Saad (Executive Officer/Director/Promoter),021-560465,0001886400-25-000002,https://www.sec.gov/Archives/edgar/data/1886400/000188640025000002/
"IntelliSite Holdings, LLC",1811022,Teaneck,07666,Limited Liability Company,2020,True,Other,Decline to Disclose,2020-12-11,2021-01-07,False,15470000.0,15470000.0,14,True,False,06b,Kenneth Mills (Executive Officer); Mario Campos (Executive Officer); Jorge Campos (Executive Officer); Keith Pennell (Executive Officer); Ke Ding (Executive Officer); Bradley Almond (Director),021-385453,0001811022-21-000001,https://www.sec.gov/Archives/edgar/data/1811022/000181102221000001/
Intellibusiness Inc.,1996047,Plainsboro,08536,Corporation,overFiveYears,False,Other,Decline to Disclose,2023-01-01,2023-12-20,False,752791.0,752791.0,16,True,False,06b,Anjaneyulu Marempudi (Executive Officer),021-500284,0001996047-23-000001,https://www.sec.gov/Archives/edgar/data/1996047/000199604723000001/
"Interstate Waste Services, Inc.",1802041,Teaneck,07666,Corporation,2020,True,Other,Decline to Disclose,2021-04-06,2022-05-24,True,40000000.0,20000000.0,9,True,False,06b,Marc Sulam (Director); Jack Perko (Executive Officer); Brian D'Amico (Executive Officer/Director); Brian Michaud (Director); John Spegal (Director); Will McDavid (Director); Michael DiBella (Executive Officer/Director); Brian Giambagno (Executive Officer); Ross Gatlin (Director),021-396609,0001802041-22-000002,https://www.sec.gov/Archives/edgar/data/1802041/000180204122000002/
"Interstate Waste Services, Inc.",1802041,Teaneck,07666,Corporation,2020,True,Other,Decline to Disclose,2022-05-10,2022-05-24,False,25000000.0,25000000.0,7,True,False,06b,Brian D'Amico (Executive Officer/Director); Brian Michaud (Director); Jack Perko (Executive Officer); Michael DiBella (Executive Officer/Director); Will McDavid (Director); Brian Giambagno (Executive Officer); Ross Gatlin (Director); John Spegal (Director); Marc Sulam (Director),021-446854,0001802041-22-000003,https://www.sec.gov/Archives/edgar/data/1802041/000180204122000003/
InvestEdge Title LLC,1942143,Metuchen,09940,Limited Liability Company,2021,True,Other,Decline to Disclose,,2022-08-10,False,20000.0,0.0,0,True,False,06b,Brian Teel (Director),021-455579,0001942143-22-000001,https://www.sec.gov/Archives/edgar/data/1942143/000194214322000001/
IoTecha Corp,1675099,Cranbury,08512,Corporation,overFiveYears,False,Other Technology,Decline to Disclose,2020-12-22,2021-06-22,False,5663001.0,5217972.0,19,True,False,06b,Oleg Logvinov (Executive Officer/Director); WY Lin (Director); Michael Macaluso (Director); Maciej Kranz (Director); Shannon O'Donnell (Director); Jean Lasserre (Director); Ruben Sklar (Executive Officer),021-403681,0001675099-21-000001,https://www.sec.gov/Archives/edgar/data/1675099/000167509921000001/
IoTecha Corp,1675099,Cranbury,08512,Corporation,overFiveYears,False,Other Technology,Decline to Disclose,2021-05-26,2021-06-22,False,15999997.0,12217953.0,1,True,False,06b,Michael Macaluso (Director); Jean Lasserre (Director); Oleg Logvinov (Executive Officer/Director); Maciej Kranz (Director); Shaun Healey (Director); WY Lin (Director); Ruben Sklar (Executive Officer/Director); Shannon O'Donnell (Director),021-403682,0001675099-21-000002,https://www.sec.gov/Archives/edgar/data/1675099/000167509921000002/
Ironlight Group Inc.,1960430,Basking Ridge,07920,Corporation,2022,True,Other Technology,Decline to Disclose,2022-12-28,2023-09-20,True,29999997.0,8319948.0,27,True,False,06b,Jake Moilanen (Executive Officer); Vivian Maese Bannon (Executive Officer/Director); Robert McGrath (Executive Officer/Director); Matthew Celebuski (Executive Officer/Director),021-475137,0001567619-23-007241,https://www.sec.gov/Archives/edgar/data/1960430/000156761923007241/
Ironwood Ventures LLC,2008537,Bloomfield,07003,Limited Liability Company,2023,True,Retailing,Decline to Disclose,2023-12-18,2024-01-18,False,1700001.0,1700001.0,13,True,False,06b,John Cornelius (Executive Officer); Holdings LLC Back Nine (Executive Officer),021-502808,0002008537-24-000001,https://www.sec.gov/Archives/edgar/data/2008537/000200853724000001/
Ironwood Ventures LLC,2008537,Bloomfield,07003,Limited Liability Company,2023,True,Retailing,Decline to Disclose,2025-07-24,2025-07-30,False,1570000.0,1570000.0,18,True,False,06b,John Cornelius (Executive Officer); Holdings LLC Back Nine (Executive Officer),021-553159,0002008537-25-000002,https://www.sec.gov/Archives/edgar/data/2008537/000200853725000002/
"JACKSON ROSE VENTURE I, LLC",1884802,Seaside Park,08752,Limited Liability Company,2021,True,Other,Decline to Disclose,2021-10-19,2023-08-30,True,100000000.0,11865000.0,84,True,False,06b,Kevin Derosa (Executive Officer),021-419413,0001493152-23-030640,https://www.sec.gov/Archives/edgar/data/1884802/000149315223030640/
JOURNEY STRATEGIC WEALTH LLC,1909316,Summit,07901,Limited Liability Company,2021,True,Other Banking and Financial Services,Decline to Disclose,2023-06-01,2023-06-15,False,4000000.0,4000000.0,1,True,True,06b,Michael Brown (Executive Officer/Director); Damian Lo Basso (Director); Charles Britton (Director); Brian Flynn (Director); Penny Phillips (Director),021-484324,0001909316-23-000002,https://www.sec.gov/Archives/edgar/data/1909316/000190931623000002/
Jackson Rose Venture II LLC - Series E,2041103,Seaside Park,08752,Limited Liability Company,2024,True,Other,Decline to Disclose,2024-11-13,2024-11-20,False,80213000.0,2945000.0,18,True,False,06b,Kevin DeRosa (Executive Officer),021-529979,0002041103-24-000001,https://www.sec.gov/Archives/edgar/data/2041103/000204110324000001/
"Jackson Rose Venture II, LLC",2006461,Seaside Park,08752,Limited Liability Company,2023,True,Other,Decline to Disclose,2023-12-21,2024-11-22,True,100000000.0,23785000.0,98,True,False,06b,Kevin DeRosa (Executive Officer),021-501636,0002006461-24-000004,https://www.sec.gov/Archives/edgar/data/2006461/000200646124000004/
Jersey Extraction Lab LLC,2017160,Bridgewater,08807,Limited Liability Company,2021,True,Manufacturing,Decline to Disclose,,2024-04-01,False,1100000.0,0.0,0,False,True,"04, 06c, 4a5",Joseph Payack (Director); Paige Payack (Director); AJ Payack (Director); Ian Kessler (Director); Michael Colbert (Director); Heather Colbert (Director),021-509188,0001214659-24-005731,https://www.sec.gov/Archives/edgar/data/2017160/000121465924005731/
Jersey Mike's Management Aggregator LLC,2070994,Manasquan,08736,Limited Liability Company,2025,True,Restaurants,Decline to Disclose,,2025-07-22,False,,0.0,0,True,False,06b,Charles Morrison (Executive Officer); Walter Tombs (Executive Officer),021-552469,0002070994-25-000002,https://www.sec.gov/Archives/edgar/data/2070994/000207099425000002/
Jersey Shore Spirits Inc,1968726,Jackson,08527,Corporation,2022,True,Other,No Revenues,2023-02-23,2023-03-09,False,1000000.0,200000.0,8,True,False,04,Charles Ricciardi (Executive Officer),021-475341,0001968726-23-000001,https://www.sec.gov/Archives/edgar/data/1968726/000196872623000001/
"JogoHealth, Inc.",1777982,Bridgewater,08807,Corporation,overFiveYears,False,Other Health Care,Decline to Disclose,2021-07-31,2021-08-30,False,2600000.0,1400000.0,4,True,False,06b,Sanjai Murali (Executive Officer),021-411733,0001209191-21-053871,https://www.sec.gov/Archives/edgar/data/1777982/000120919121053871/
"JogoHealth, Inc.",1777982,Bridgewater,08807,Corporation,overFiveYears,False,Other Health Care,Decline to Disclose,2023-07-28,2023-08-25,False,7885622.0,3297299.0,48,True,False,06b,Siva Nadarajah (Executive Officer/Director); Ari Bousbib (Director); Sanjai Murali (Executive Officer/Director),021-490672,0001777982-23-000003,https://www.sec.gov/Archives/edgar/data/1777982/000177798223000003/
"JogoHealth, Inc.",1777982,Bridgewater,08807,Corporation,overFiveYears,False,Other Health Care,Decline to Disclose,2024-10-09,2024-11-04,False,2293056.0,75000.0,2,True,False,06c,Sanjai Murali (Executive Officer/Director); Siva Nadarajah (Executive Officer/Director); Ari Bousbib (Director),021-528590,0001777982-24-000002,https://www.sec.gov/Archives/edgar/data/1777982/000177798224000002/
"JogoHealth, Inc.",1777982,Bridgewater,08807,Corporation,overFiveYears,False,Other Health Care,Decline to Disclose,2025-06-10,2025-07-25,False,5000000.0,2100000.0,2,True,False,06b,Sanjai Murali (Executive Officer/Director); Siva Nadarajah (Executive Officer/Director); Ari Bousbib (Director),021-552783,0001777982-25-000006,https://www.sec.gov/Archives/edgar/data/1777982/000177798225000006/
K-9 Holdings LLC,1852076,Fanwood,07023,Limited Liability Company,2016,True,Other,Decline to Disclose,2021-03-09,2021-03-19,False,3500000.0,2000000.0,1,True,False,06b,Jason Parker (Executive Officer/Director); Steven Parker (Executive Officer/Director); William Stewart (Director); Bernard Markey (Director); Steven Beagelman (Director),021-392850,0001852076-21-000001,https://www.sec.gov/Archives/edgar/data/1852076/000185207621000001/
K-9 Holdings LLC,1852076,Fanwood,07023,Limited Liability Company,overFiveYears,False,Other,Decline to Disclose,2024-02-29,2024-03-15,False,10000000.0,10000000.0,1,True,False,06b,William Stewart (Director); Philip Nisbet (Director); Jason Parker (Executive Officer/Director); Steven Beagelman (Director); Bernard Markey (Director); Steven Parker (Executive Officer/Director),021-507719,0001852076-24-000001,https://www.sec.gov/Archives/edgar/data/1852076/000185207624000001/
K-9 Holdings LLC,1852076,Berkeley Heights,07922,Limited Liability Company,overFiveYears,False,Other,Decline to Disclose,2025-04-22,2025-05-02,False,6000000.0,4871184.0,3,True,False,06b,Steven Parker (Executive Officer/Director); Steven Beagelman (Director); Bernard Markey (Director); Philip Nisbet (Director); William Stewart (Director); Jason Parker (Executive Officer/Director); Scott Troeller (Director),021-545103,0001852076-25-000002,https://www.sec.gov/Archives/edgar/data/1852076/000185207625000002/
"K1X, Inc.",1994776,Morristown,07960,Corporation,2022,True,Other,Decline to Disclose,2024-09-06,2024-09-10,False,,11019264.0,1,False,False,06b,John LaMancuso (Executive Officer),021-523603,0001994776-24-000001,https://www.sec.gov/Archives/edgar/data/1994776/000199477624000001/
KABR Jamaica SPE LLC,1925752,Ridgefield Park,07660,Limited Liability Company,2021,True,Other,Decline to Disclose,2022-05-18,2022-07-28,False,14725000.0,0.0,0,True,False,06b,Altman Adam (Executive Officer),021-454021,0001925752-22-000001,https://www.sec.gov/Archives/edgar/data/1925752/000192575222000001/
KAI GROUP HOLDINGS INC,1734247,Ship Bottom,08008,Corporation,2017,True,Other Technology,Decline to Disclose,2021-04-02,2021-04-16,False,6700000.0,6700000.0,44,True,False,06b,AnneMarie Zeni (Executive Officer); William Bartzak (Executive Officer/Director); Jay Stead (Director); Jonathan Clemente (Executive Officer); Jerre Stead (Director); Robert Druskin (Director); George Eleftheriades (Executive Officer),021-396235,0001734247-21-000002,https://www.sec.gov/Archives/edgar/data/1734247/000173424721000002/
"Kaffea-X, Inc.",2059471,Randolph,07869,Corporation,2025,True,Other Technology,Decline to Disclose,2025-02-24,2025-12-03,True,4000000.0,1950000.0,11,False,False,06b,Fabien LeFebvre (Director); Paulo Peres (Executive Officer/Director); Michael Christ (Director); Mohan Verma (Executive Officer/Director); Sebastian Thurner (Director); Emmanuel Monahogios (Executive Officer/Director); Amol Sahasrabudhe (Director); Joao Paulo Cruz Lopes Miranda (Executive Officer/Director); Jorge Vera Mera (Executive Officer); Athanassios Diplas (Director); Severino Renna (Director); Joseph Willing (Executive Officer/Director); Mary Johannes (Executive Officer/Director),021-540229,0002059471-25-000004,https://www.sec.gov/Archives/edgar/data/2059471/000205947125000004/
"Kaffea-X, Inc.",2059471,Randolph,07869,Corporation,2025,True,Other Technology,Decline to Disclose,2026-01-08,2026-01-14,False,4000000.0,500000.0,1,False,False,06b,Emmanuel Monahogios (Executive Officer/Director); Michael Christ (Director); Jorge Vera Mera (Executive Officer); Joseph Willing (Executive Officer/Director); Mary Johannes (Executive Officer/Director); Severino Renna (Director); Paulo Peres (Executive Officer/Director); Fabien LeFebvre (Director); Sebastian Thurner (Director); Athanassios Diplas (Director); Amol Sahasrabudhe (Director); Joao Paulo Cruz Lopes Miranda (Executive Officer/Director); Mohan Verma (Executive Officer/Director),021-569891,0002059471-26-000001,https://www.sec.gov/Archives/edgar/data/2059471/000205947126000001/
"Kanvas Biosciences, Inc.",1980849,Monmouth Junction,08852,Corporation,2020,True,Other Health Care,Decline to Disclose,2023-06-01,2023-06-13,False,12000000.0,11775000.0,12,False,True,06b,Jason Pontin (Director); Matthew Cheng (Executive Officer/Director); Hao Shi (Executive Officer/Director); Iwijn De Vlaminck (Executive Officer/Director); Justin Smithline (Director),021-484093,0001980849-23-000001,https://www.sec.gov/Archives/edgar/data/1980849/000198084923000001/
"Kanvas Biosciences, Inc.",1980849,Monmouth Junction,08852,Corporation,2020,True,Other Health Care,Decline to Disclose,2024-03-04,2024-03-18,False,10000000.0,3914994.0,54,True,False,06b,Paul Theunissen (Director); Jason Pontin (Director); Matthew Cheng (Executive Officer/Director); Hao Shi (Executive Officer/Director),021-507864,0001980849-24-000001,https://www.sec.gov/Archives/edgar/data/1980849/000198084924000001/
Karlsgate Inc.,1917089,Budd Lake,07828,Corporation,2020,True,Other Technology,Decline to Disclose,2022-03-04,2022-03-15,False,4979994.0,4979994.0,11,True,False,06b,Xian Zhou (Executive Officer/Director); Brian Mulllin (Executive Officer/Director); Kouki Harasaki (Director),021-437366,0001917089-22-000001,https://www.sec.gov/Archives/edgar/data/1917089/000191708922000001/
"KayoThera, Inc.",1778725,Princeton,08540,Corporation,2019,True,Other,Decline to Disclose,2022-03-11,2022-03-24,False,8000001.0,4000001.0,5,True,False,06b,MARK ESPOSITO (Director); KEN MOHLER (Executive Officer/Director); IAN HOWES (Executive Officer); SUZANNE RETTENMIER (Executive Officer); THONG LE (Executive Officer/Director),021-438820,0001778725-22-000001,https://www.sec.gov/Archives/edgar/data/1778725/000177872522000001/
"Kidboss, Inc.",1976875,Demarest,07627,Corporation,2023,True,Other Technology,Decline to Disclose,2023-06-20,2023-06-23,False,1000000.0,25000.0,1,False,False,06b,LINDSAY KESTENBAUM (Executive Officer/Director),021-484928,0001976875-23-000001,https://www.sec.gov/Archives/edgar/data/1976875/000197687523000001/
"Kilimo, Inc.",1712324,Newark,19711,Corporation,overFiveYears,False,Other Technology,Decline to Disclose,2024-06-12,2024-06-27,False,7500000.0,7500000.0,8,True,False,06b,Juan Abdala (Executive Officer/Director); Helge Daebel (Director); Jairo Trad (Executive Officer/Director); Oscar Pomar Hermosa (Executive Officer); Santiago Murthagh (Director),021-517088,0001712324-24-000001,https://www.sec.gov/Archives/edgar/data/1712324/000171232424000001/
"Kingmakers Cigars, LLC",2008258,Pittstown,08867,Limited Liability Company,2022,True,Other,"$1 - $1,000,000",2024-01-01,2024-01-16,False,650000.0,400000.0,1,True,False,06b,Christopher Heath (Executive Officer),021-502496,0002008258-24-000001,https://www.sec.gov/Archives/edgar/data/2008258/000200825824000001/
Knowt Inc.,1985846,East Brunswick,08816,Corporation,2019,True,Other Technology,Decline to Disclose,2023-07-12,2023-07-24,False,2578381.0,2578381.0,6,True,False,06b,Abhishek Patel (Executive Officer/Director); Abheek Pandoh (Executive Officer/Director),021-487710,0001985846-23-000002,https://www.sec.gov/Archives/edgar/data/1985846/000198584623000002/
"Koop Technologies, Inc.",1878381,Jersey City,07310,Corporation,2019,True,Other Technology,Decline to Disclose,2023-06-26,2023-10-10,True,4499999.0,4499999.0,8,True,False,06b,Sunil Nagaraj (Director); Zakir Gazizov (Executive Officer/Director); Sergey Litvinenko (Executive Officer/Director); Abe Murray (Director); Komronkhon Khodjaev (Executive Officer),021-486495,0001878381-23-000003,https://www.sec.gov/Archives/edgar/data/1878381/000187838123000003/
"Kustomer, Inc.",1979406,Short Hills,07078,Corporation,2023,True,Other,Decline to Disclose,2023-05-15,2023-05-30,False,60000000.0,60000000.0,7,True,False,06b,Jeremy Suriel (Executive Officer/Director); Alex Bard (Director); Michael Chapin (Executive Officer); Neeraj Agrawal (Director); Bradley Birnbaum (Executive Officer/Director),021-482850,0001979406-23-000001,https://www.sec.gov/Archives/edgar/data/1979406/000197940623000001/
"Kustomer, Inc.",1979406,Short Hills,07078,Corporation,2023,True,Other,Decline to Disclose,2025-07-23,2025-08-06,False,29999994.0,29999994.0,7,True,False,06b,Scott Beechuk (Director); Alex Bard (Director); Michael Chapin (Executive Officer/Promoter); Neeraj Agrawal (Director); Jeremy Suriel (Director/Promoter); Bradley Birnbaum (Executive Officer/Director/Promoter),021-553892,0001231919-25-000143,https://www.sec.gov/Archives/edgar/data/1979406/000123191925000143/
Kytosan USA Inc.,1889525,Kinnelon,07405,Corporation,2021,True,Manufacturing,No Revenues,,2021-12-10,False,14014000.0,0.0,0,True,False,06c,Gregory Ensign (Executive Officer/Director),021-424533,0001889525-21-000001,https://www.sec.gov/Archives/edgar/data/1889525/000188952521000001/
"LANDSKYAI, LLC",1982636,Elmwood Park,07407,Limited Liability Company,2022,True,Other Technology,Decline to Disclose,2023-06-14,2023-06-26,False,,200000.0,1,True,False,06b,Jake Shild (Executive Officer),021-485166,0001982636-23-000001,https://www.sec.gov/Archives/edgar/data/1982636/000198263623000001/
LCG 2933b LLC,1822905,Summit,07901,Limited Liability Company,2020,True,Other,Decline to Disclose,2021-06-16,2021-08-25,False,1800000.0,1200000.0,10,True,False,"06b, 3C, 3C.1",Daniel Lago (Executive Officer/Director); - LCG 2933b Management LLC (Director),021-411186,0001822905-21-000001,https://www.sec.gov/Archives/edgar/data/1822905/000182290521000001/
LCG 2933b LLC,1822905,Summit,07901,Limited Liability Company,2020,True,Other,Decline to Disclose,2023-05-04,2023-06-20,False,5000000.0,1400000.0,18,True,False,"06b, 3C, 3C.1",- LCG 2933b Management LLC (Director); Daniel Lago (Executive Officer/Director),021-484613,0001822905-23-000001,https://www.sec.gov/Archives/edgar/data/1822905/000182290523000001/
LCG 2933b LLC,1822905,Summit,07901,Limited Liability Company,2020,True,Other,Decline to Disclose,2025-05-19,2025-05-21,False,4000000.0,1400000.0,2,True,False,"06b, 3C, 3C.1",Daniel Lago (Executive Officer/Director); - LCG 2933b Management LLC (Director),021-546861,0001822905-25-000001,https://www.sec.gov/Archives/edgar/data/1822905/000182290525000001/
LEALZY LLC,1871519,Pine Brook,07058,Limited Liability Company,2020,True,Other Technology,Decline to Disclose,,2021-08-24,False,200000.0,0.0,0,True,False,06b,Luke Santamaria (Executive Officer),021-411082,0000908834-21-000031,https://www.sec.gov/Archives/edgar/data/1871519/000090883421000031/
"LENDSMART, INC.",1999649,Hoboken,07030,Corporation,2019,True,Other Technology,Decline to Disclose,2023-11-10,2023-11-13,False,3770454.0,3770454.0,20,True,False,06b,ANKUR PATEL (Executive Officer/Director),021-496989,0001999649-23-000001,https://www.sec.gov/Archives/edgar/data/1999649/000199964923000001/
"LIVINGSTON ASC, LLC",1845649,Livingston,07039,Limited Liability Company,overFiveYears,False,Other Health Care,Decline to Disclose,2021-02-01,2021-02-11,False,1960000.0,1180000.0,13,True,False,06b,BRENT LONGENECKER (Executive Officer/Director); GERALD TOFANI (Executive Officer/Director); MEG MORGAN (Executive Officer/Director); MATTHEW FULTON (Director),021-389240,0001845649-21-000001,https://www.sec.gov/Archives/edgar/data/1845649/000184564921000001/
LIVIWELL INC.,2013741,Pinebrook,07058,Corporation,2020,True,Other Health Care,Decline to Disclose,2024-02-15,2024-03-01,False,5000000.0,500000.0,1,False,False,06b,Daniel Seewald (Executive Officer/Director); Michael Ingber (Director),021-506537,0002013741-24-000001,https://www.sec.gov/Archives/edgar/data/2013741/000201374124000001/
LYZ Holdings Inc.,1879487,Plainsboro,08536,Corporation,2021,True,Other Technology,Decline to Disclose,2021-08-17,2021-08-30,False,700000.0,700000.0,2,True,False,06b,Gary Li (Executive Officer/Director),021-411585,0001879487-21-000001,https://www.sec.gov/Archives/edgar/data/1879487/000187948721000001/
"La Fattoria Holdings, LLC",1844129,Carlstadt,07072,Limited Liability Company,2019,True,Retailing,Decline to Disclose,2020-11-15,2021-02-04,False,500000.0,250000.0,4,True,False,06b,"Equity Partners, LLC Cardinal (Executive Officer)",021-388461,0001042167-21-000006,https://www.sec.gov/Archives/edgar/data/1844129/000104216721000006/
LaGrange Cricket Holdings LLC,2090503,Edison,08820,Limited Liability Company,2024,True,Other,Decline to Disclose,2025-09-22,2025-10-24,False,9000000.0,6404603.0,6,True,False,06b,Gurpreet Pasricha (Executive Officer),021-561934,0002090503-25-000001,https://www.sec.gov/Archives/edgar/data/2090503/000209050325000001/
"Langan Engineering, Environmental, Surveying, Landscape Architecture & Geology, D.P.C.",2006529,Parsippany,07054,Corporation,overFiveYears,False,Environmental Services,Decline to Disclose,2024-01-16,2024-11-05,False,10728354.0,10728354.0,42,True,False,06b,William Kraekel (Director); Michael Semeraro (Executive Officer); Philip Tringale (Executive Officer); John Plante (Director); Gerard Coscia (Director); Jared Hand (Executive Officer); George Leventis (Executive Officer); Eric Vervoordt (Executive Officer); David Gockel (Executive Officer/Director); Satyendu Yadavalli (Executive Officer),021-528703,0001839882-24-037863,https://www.sec.gov/Archives/edgar/data/2006529/000183988224037863/
"Langan Engineering, Environmental, Surveying, Landscape Architecture & Geology, D.P.C.",2006529,Parsippany,07054,Corporation,overFiveYears,False,Environmental Services,Decline to Disclose,2025-04-15,2025-04-16,False,4485780.0,4485780.0,39,True,False,06b,Ronald Fuerst (Executive Officer); Ryan Linthicum (Executive Officer/Director); Richard Burrow (Executive Officer/Director); Marc Gallagher (Executive Officer); Chris Hager (Executive Officer); Donald Hodson (Executive Officer); Lori Simpson (Executive Officer/Director); Satyendu Yadavalli (Executive Officer); Robert Johnston (Executive Officer/Director); Rudolph Frizzi (Executive Officer); David Gockel (Executive Officer/Director); Alan Poeppel (Executive Officer/Director); Gregory Elko (Executive Officer/Director); George Leventis (Executive Officer/Director),021-543864,0001999371-25-004296,https://www.sec.gov/Archives/edgar/data/2006529/000199937125004296/
Langan Management Aggregator LLC,2006524,Parsippany,07054,Limited Liability Company,2023,True,Environmental Services,Decline to Disclose,2024-01-16,2024-11-05,False,2088963.0,2088963.0,47,True,False,06b,"- Langan Engineering, Environmental, Surveying, Landscape Architecture and Geology, D.P.C. (Director); Rudolph Frizzi (Executive Officer); Ronald Fuerst (Executive Officer); Alan Poeppel (Executive Officer); Donald Hodson (Executive Officer); Richard Burrow (Executive Officer); David Gockel (Executive Officer); Robert Johnston (Executive Officer); Gregory Elko (Executive Officer); Lori Simpson (Executive Officer); George Leventis (Executive Officer); Ryan Linthicum (Executive Officer); Satyendu Yadavalli (Executive Officer); Marc Gallagher (Executive Officer); Chris Hager (Executive Officer)",021-528701,0001839882-24-037861,https://www.sec.gov/Archives/edgar/data/2006524/000183988224037861/
Langan Management Aggregator LLC,2006524,Parsippany,07054,Limited Liability Company,2023,True,Environmental Services,Decline to Disclose,2025-01-17,2025-01-29,False,202370.0,202370.0,7,True,False,06b,"Donald Hodson (Executive Officer); Gregory Elko (Executive Officer); Richard Burrow (Executive Officer); Satyendu Yadavalli (Executive Officer); Alan Poeppel (Executive Officer); Chris Hager (Executive Officer); Lori Simpson (Executive Officer); David Gockel (Executive Officer); - Langan Engineering, Environmental, Surveying, Landscape Architecture and Geology, D.P.C. (Director); Rudolph Frizzi (Executive Officer); George Leventis (Executive Officer); Ronald Fuerst (Executive Officer); Robert Johnston (Executive Officer); Ryan Linthicum (Executive Officer); Marc Gallagher (Executive Officer)",021-536587,0001999371-25-000816,https://www.sec.gov/Archives/edgar/data/2006524/000199937125000816/
Langan Management Aggregator LLC,2006524,Parsippany,07054,Limited Liability Company,2023,True,Environmental Services,Decline to Disclose,2025-04-15,2025-04-16,False,2486400.0,2486400.0,46,True,False,06b,"Satyendu Yadavalli (Executive Officer); Marc Gallagher (Executive Officer); Rudolph Frizzi (Executive Officer); Ryan Linthicum (Executive Officer); Lori Simpson (Executive Officer); n/a Langan Engineering, Environmental, Surveying, Landscape Architecture and Geology, D.P.C. (Director); Robert Johnston (Executive Officer); George Leventis (Executive Officer); Alan Poeppel (Executive Officer); Donald Hodson (Executive Officer); Chris Hager (Executive Officer); Richard Burrow (Executive Officer); Ronald Fuerst (Executive Officer); David Gockel (Executive Officer); Gregory Elko (Executive Officer)",021-543865,0001999371-25-004297,https://www.sec.gov/Archives/edgar/data/2006524/000199937125004297/
Langan Management Aggregator LLC,2006524,Parsippany,07054,Limited Liability Company,2023,True,Environmental Services,Decline to Disclose,2026-01-17,2026-02-17,False,291775.0,291775.0,11,True,False,06b,"Robert Johnston (Executive Officer); Ryan Linthicum (Executive Officer); Gregory Elko (Executive Officer); George Leventis (Executive Officer); Alan Poeppel (Executive Officer); David Gockel (Executive Officer); Lori Simpson (Executive Officer); Ronald Fuerst (Executive Officer); Chris Hager (Executive Officer); Donald Hodson (Executive Officer); Rudolph Frizzi (Executive Officer); Satyendu Yadavalli (Executive Officer); Marc Gallagher (Executive Officer); N/A Langan Engineering, Environmental, Surveying, Landscape Architecture and Geology, D.P.C. (Director); Richard Burrow (Executive Officer)",021-573697,0002006524-26-000003,https://www.sec.gov/Archives/edgar/data/2006524/000200652426000003/
"LeagueMed Enterprises, LLC",2083777,Holmdel,07733,Limited Liability Company,2022,True,Other Banking and Financial Services,Decline to Disclose,2025-08-01,2025-09-10,False,3000000.0,70000.0,5,False,True,06b,"Stephen Cella (Executive Officer); John Gallagher, Jr. (Executive Officer)",021-557166,0002083777-25-000003,https://www.sec.gov/Archives/edgar/data/2083777/000208377725000003/
"Leap Holdings, Inc.",1736876,Jersey City,07310,Corporation,2018,True,Other,Decline to Disclose,2021-02-17,2021-04-23,False,2826558.0,2826558.0,1,True,False,06b,"Richard O'Connell, Jr. (Executive Officer/Director/Promoter)",021-397012,0000897069-21-000183,https://www.sec.gov/Archives/edgar/data/1736876/000089706921000183/
"Leap Holdings, Inc.",1736876,Jersey City,07310,Corporation,2018,True,Other,Decline to Disclose,2023-04-07,2023-05-12,False,6500000.0,6500000.0,9,True,False,06b,"Richard O'Connell, Jr. (Executive Officer/Director/Promoter)",021-481587,0000897069-23-000433,https://www.sec.gov/Archives/edgar/data/1736876/000089706923000433/
Legend Biotech Corp,1801198,Somerset,08873,Corporation,overFiveYears,False,Biotechnology,Decline to Disclose,2023-04-19,2023-04-28,False,200000005.0,200000005.0,1,True,False,06b,"Li Mao, MD (Director); Tomas Heyman (Director); Fangliang Zhang, Ph.D. (Director); Darren Ji, M.D., Ph.D. (Director); Li Zhu, Ph.D. (Director); Lori Macomber (Executive Officer); Patrick Casey, Ph.D. (Director); Ye Wang, M.S. (Director); Philip Yau, CPA (Director); Ying Huang, Ph.D. (Executive Officer/Director); Corazon Sanders, Ph.D. (Director)",021-480374,0001231919-23-000026,https://www.sec.gov/Archives/edgar/data/1801198/000123191923000026/
"Legion AI, Inc.",2103870,Bayonne,07002,Corporation,2024,True,Other,Decline to Disclose,2025-10-28,2026-01-08,True,225000.0,225000.0,4,False,False,06b,Jeffrey Luk (Executive Officer/Director); Longfei Xing (Executive Officer/Director),021-569050,0001062993-26-000126,https://www.sec.gov/Archives/edgar/data/2103870/000106299326000126/
"Liberty Currency Reserve, LLC",1941738,Ridgewood,07450,Limited Liability Company,2022,True,Other Banking and Financial Services,Decline to Disclose,2022-07-27,2022-08-09,False,30000000.0,30000000.0,1,True,False,06b,Vivek Tyagi (Executive Officer),021-455385,0001941738-22-000001,https://www.sec.gov/Archives/edgar/data/1941738/000194173822000001/
"License Lounge, Inc.",1952024,Montclair,07042,Corporation,2022,True,Other Technology,"$1 - $1,000,000",,2022-10-25,False,,0.0,0,False,False,06b,Kyle Jekielek (Executive Officer/Director),021-462772,0001952024-22-000001,https://www.sec.gov/Archives/edgar/data/1952024/000195202422000001/
Limit Financial Inc.,1875784,Woodcliff Lake,07677,Corporation,2021,True,Other Technology,Not Applicable,2021-06-03,2021-11-09,True,3750000.0,3750000.0,4,True,False,06b,Zach Smith (Executive Officer/Director); Adam Budnick (Executive Officer/Director),021-409111,0001875784-21-000002,https://www.sec.gov/Archives/edgar/data/1875784/000187578421000002/
"Linnaeus Therapeutics, Inc.",1752026,Haddonfield,08033,Corporation,overFiveYears,False,Biotechnology,Decline to Disclose,2021-08-09,2021-08-24,False,4344675.0,4344675.0,15,True,False,"06b, 4a5",Nicholas Iatropoulos (Director); Michael Poisel (Director); Patrick Mooney (Executive Officer/Director); Todd Thomson (Director),021-411057,0001752026-21-000003,https://www.sec.gov/Archives/edgar/data/1752026/000175202621000003/
"Linnaeus Therapeutics, Inc.",1752026,Haddonfield,08033,Corporation,overFiveYears,False,Biotechnology,Decline to Disclose,2023-01-24,2023-01-26,False,3088234.0,3088234.0,8,True,False,"06b, 4a5",Patrick Mooney (Executive Officer/Director); Nicholas Iatropoulos (Director); Todd Thomson (Director); Michael Poisel (Director),021-471863,0001752026-23-000001,https://www.sec.gov/Archives/edgar/data/1752026/000175202623000001/
"Linnaeus Therapeutics, Inc.",1752026,Haddonfield,08033,Corporation,overFiveYears,False,Biotechnology,Decline to Disclose,2024-08-12,2024-12-26,True,6860000.0,5824155.0,12,True,False,"06b, 4a5",Patrick Mooney (Executive Officer); James Demetriades (Director); Todd Thomson (Director); Chris Arendt (Director); Michael Poisel (Director),021-521284,0001752026-24-000002,https://www.sec.gov/Archives/edgar/data/1752026/000175202624000002/
"Linnaeus Therapeutics, Inc.",1752026,Haddonfield,08033,Corporation,overFiveYears,False,Biotechnology,Decline to Disclose,2025-08-19,2025-08-22,False,10000000.0,1275000.0,3,False,True,06c,James Demetriades (Director); Jack Lepping (Director); Michael Poisel (Director); Patrick Mooney (Executive Officer/Director); Chris Arendt (Director); Todd Thomson (Director),021-555635,0001752026-25-000001,https://www.sec.gov/Archives/edgar/data/1752026/000175202625000001/
"Linnaeus Therapeutics, Inc.",1752026,Haddonfield,08033,Corporation,overFiveYears,False,Biotechnology,Decline to Disclose,2026-02-17,2026-03-31,True,10000000.0,4892000.0,26,True,False,06b,Patrick Mooney (Executive Officer/Director); Todd Thomson (Director); James Demetriades (Director); Chris Arendt (Director); Michael Poisel (Director); John Lepping (Director),021-574940,0001752026-26-000006,https://www.sec.gov/Archives/edgar/data/1752026/000175202626000006/
Linus Biotechnology Inc.,1918153,North Brusnwick,08902,Corporation,2020,True,Biotechnology,Decline to Disclose,2023-05-19,2023-05-26,False,7999997.0,7999997.0,3,True,False,06b,Manish Arora (Executive Officer/Director); Rafi Syed (Director); Ashok Krishnamurthi (Director); Amol Deshpande (Director),021-482769,0001918153-23-000001,https://www.sec.gov/Archives/edgar/data/1918153/000191815323000001/
Linus Biotechnology Inc.,1918153,North Brunswick,08902,Corporation,2020,True,Biotechnology,Decline to Disclose,2024-07-29,2024-08-12,False,9999998.0,6149995.0,4,True,False,06b,Rafi Syed (Director); Amol Deshpande (Director); Ashok Krishnamurthi (Director); Manish Arora (Executive Officer/Director),021-521234,0001918153-24-000001,https://www.sec.gov/Archives/edgar/data/1918153/000191815324000001/
Live Circle Inc.,1769685,Ridgewood,07450,Corporation,overFiveYears,False,Other Health Care,Decline to Disclose,2022-12-30,2024-03-14,True,500000.0,85000.0,2,True,False,06b,Jeff Voigt (Director); Charles Chadwick (Executive Officer/Director),021-469582,0001769685-24-000001,https://www.sec.gov/Archives/edgar/data/1769685/000176968524000001/
"Livegage, Inc.",1864252,Morganville,07751,Corporation,2021,True,Other Banking and Financial Services,Decline to Disclose,2021-05-11,2021-05-26,False,2350000.0,2350000.0,3,False,True,06b,Anupam Sarwaikar (Executive Officer),021-400681,0001864252-21-000001,https://www.sec.gov/Archives/edgar/data/1864252/000186425221000001/
Logie Inc,2060898,Union City,07087,Corporation,2021,True,Other Technology,"$1 - $1,000,000",2025-03-10,2025-03-24,False,,1659990.0,17,True,True,06b,Ehud Segev (Executive Officer),021-541969,0002060898-25-000002,https://www.sec.gov/Archives/edgar/data/2060898/000206089825000002/
"Love Corn USA, Inc.",1747204,Ho-Ho-Kus,07423,Corporation,2017,True,Other,Decline to Disclose,2022-03-23,2022-04-04,False,11000000.0,4600000.0,1,True,False,06b,Shane Thakrar (Director); Marissa McCloskey (Executive Officer/Director); Gavin McCloskey (Executive Officer/Director); James McCloskey (Executive Officer/Director),021-440185,0001747204-22-000002,https://www.sec.gov/Archives/edgar/data/1747204/000174720422000002/
"Love Corn USA, Inc.",1747204,Ho-Ho-Kus,07423,Corporation,overFiveYears,False,Other,Decline to Disclose,2024-07-18,2024-07-31,False,8000000.0,4000000.0,1,True,False,06b,James McCloskey (Executive Officer/Director); Shane Thakrar (Director); Marissa McCloskey (Executive Officer/Director); Thomas Hadley (Director); Gavin McCloskey (Executive Officer/Director),021-520203,0001747204-24-000001,https://www.sec.gov/Archives/edgar/data/1747204/000174720424000001/
"Love Corn USA, Inc.",1747204,Ho-Ho-Kus,07423,Corporation,overFiveYears,False,Other,Decline to Disclose,2025-03-14,2025-03-31,False,8090777.0,6299997.0,2,True,False,06b,Thomas Hadley (Director); Richard Gray (Director); James McCloskey (Executive Officer/Director); Gavin McCloskey (Executive Officer/Director); Shane Thakrar (Director); Marissa McCloskey (Executive Officer/Director); Mark Lyons (Director),021-542553,0001747204-25-000001,https://www.sec.gov/Archives/edgar/data/1747204/000174720425000001/
Lulu Snacks Inc.,1792947,Madison,07940,Corporation,2018,True,Other,Decline to Disclose,2023-06-12,2023-06-28,False,3500000.0,2183500.0,24,True,False,06b,Steven Atieh (Executive Officer/Director); Allison Lin (Executive Officer/Director),021-485337,0001792947-23-000001,https://www.sec.gov/Archives/edgar/data/1792947/000179294723000001/
"Luupe, Inc.",1882071,Maplewood,07040,Corporation,2019,True,Other,Decline to Disclose,2021-08-27,2021-11-24,False,3094999.0,3094999.0,6,True,False,06b,Keren Sachs (Executive Officer/Director); Sara Alder (Director),021-422395,0001882071-21-000001,https://www.sec.gov/Archives/edgar/data/1882071/000188207121000001/
"Lyzr, Inc.",1994140,Jersey City,07302,Corporation,2023,True,Other,No Revenues,2023-10-07,2024-03-27,False,500000.0,100000.0,6,False,False,06b,Surendirasiva Selvaraj (Executive Officer/Director/Promoter),021-508769,0001994140-24-000001,https://www.sec.gov/Archives/edgar/data/1994140/000199414024000001/
MARS Markets Corp.,1916127,Alpine,07620,Corporation,2021,True,Other,Decline to Disclose,2021-10-08,2022-03-16,False,5000000.0,1730000.0,9,True,False,06b,Devashish Srivastava (Executive Officer/Director); Akash Ahuja (Executive Officer/Director),021-437651,0001916127-22-000001,https://www.sec.gov/Archives/edgar/data/1916127/000191612722000001/
MARS Markets Corp.,1916127,Alpine,07620,Corporation,2021,True,Other,Decline to Disclose,2023-09-06,2024-11-15,True,2500000.0,1147093.0,19,True,False,06b,Nolan Baynes (Executive Officer); Richard Sheldon (Executive Officer); Julia Ulloa (Executive Officer); Devashish Srivastava (Executive Officer/Director); Akash Ahuja (Executive Officer/Director),021-491827,0001786236-24-000018,https://www.sec.gov/Archives/edgar/data/1916127/000178623624000018/
MARS Markets Corp.,1916127,Alpine,07620,Corporation,2021,True,Other,Decline to Disclose,2025-08-04,2025-08-13,False,1000000.0,5000.0,1,True,False,06b,Richard Sheldon (Executive Officer); Devashish Srivastava (Executive Officer/Director); Julia Ulloa (Executive Officer); Akash Ahuja (Executive Officer/Director),021-554541,0001786236-25-000030,https://www.sec.gov/Archives/edgar/data/1916127/000178623625000030/
MAYWOOD RACQUET HOLDINGS LLC,2078342,Maywood,07607,Limited Liability Company,2025,True,Other,Decline to Disclose,2025-06-03,2025-09-08,False,,5535000.0,26,True,False,06b,Eric Udoff (Executive Officer); David Mandelbaum (Executive Officer),021-556949,0002078342-25-000004,https://www.sec.gov/Archives/edgar/data/2078342/000207834225000004/
MGI VERIFIED INC.,1912555,Englewood Cliffs,07632,Corporation,2020,True,Other Technology,Decline to Disclose,2022-04-05,2022-04-07,False,2000000.0,190000.0,3,False,False,06b,Andrew Dailey (Executive Officer/Director); Jason Grant (Executive Officer/Director); Jim Mendelson (Executive Officer/Director); Igor Stenmark (Director),021-440748,0001912555-22-000001,https://www.sec.gov/Archives/edgar/data/1912555/000191255522000001/
"MIAMI INTERNATIONAL HOLDINGS, INC.",1438472,Princeton,08540,Corporation,overFiveYears,False,Other,Decline to Disclose,2021-07-30,2021-08-09,False,65000000.0,50150000.0,5,False,True,06b,"Lance Emmons (Executive Officer); Sayer Al Sayer (Director); Barry Belmont (Director); Talal Al-Bahar (Director); Albert Barro, Jr. (Director); John Beckelman (Director); Mark Raymond (Director); J Teekell (Director); Thomas Gallagher (Executive Officer/Director); Khaled El-Marsafy (Director); Shelly Brown (Executive Officer); Robert Prunetti (Director); Michael Ameen (Director); Abdulwahab Al-Nakib (Director); Jack Mondel (Executive Officer/Director); Douglas Schafer, Jr. (Executive Officer/Director); Ricardo Blach (Director); Edward Deitzel (Executive Officer); Mark Wetjen (Executive Officer); Paul Kotos (Director); Mark Massad (Director); William Hopkins (Director); William O'Brien, III (Director); Jassem Zainal (Director); Christopher Brady (Director); Barbara Comly (Executive Officer); Paul Stahlin (Director); Thomas Kelly, Jr. (Director)",021-409300,0001438472-21-000002,https://www.sec.gov/Archives/edgar/data/1438472/000143847221000002/
MININGIO LLC,1898698,Short Hills,07078,Limited Liability Company,2021,True,Other Technology,Decline to Disclose,,2021-12-13,False,10000000.0,0.0,0,True,False,06c,wei huang (Director),021-424593,0001898698-21-000001,https://www.sec.gov/Archives/edgar/data/1898698/000189869821000001/
MRToolworx Corp,2104878,Rutherford,07070,Corporation,2024,True,Other Technology,Decline to Disclose,2025-12-11,2026-03-25,False,7000000.0,5637319.0,8,True,False,06b,Sean Simons (Executive Officer); Meir Dardashti (Director); Zahid Hussain (Executive Officer/Director); Joshua Gold (Director); Daniel Crain (Executive Officer/Director),021-577666,0002104878-26-000001,https://www.sec.gov/Archives/edgar/data/2104878/000210487826000001/
"MVC Elgin, LLC",1864129,Livingston,07039,Limited Liability Company,2021,True,Other,No Revenues,2021-05-20,2021-05-27,False,2600000.0,2546000.0,57,True,False,06b,Hrishikesh Pippadipally (Executive Officer); Sridhar Chava (Executive Officer); Ranjith Arvapalli (Executive Officer),021-400873,0001864129-21-000001,https://www.sec.gov/Archives/edgar/data/1864129/000186412921000001/
"Macrotope, Inc.",1913044,Princeton,08540,Corporation,overFiveYears,False,Biotechnology,Decline to Disclose,2022-05-20,2022-06-03,False,750000.0,200000.0,1,False,True,06b,Stephen Anderson (Executive Officer/Director); Elliot Campbell (Director),021-448107,0001913044-22-000001,https://www.sec.gov/Archives/edgar/data/1913044/000191304422000001/
"Macrotope, Inc.",1913044,Princeton,08540,Corporation,overFiveYears,False,Other Health Care,Decline to Disclose,2023-08-14,2023-08-18,False,750000.0,300000.0,1,False,True,06b,Stephen Anderson (Executive Officer/Director); Elliot Campbell (Executive Officer/Director),021-490182,0001913044-23-000001,https://www.sec.gov/Archives/edgar/data/1913044/000191304423000001/
"Macrotope, Inc.",1913044,Princeton,08540,Corporation,overFiveYears,False,Pharmaceuticals,Decline to Disclose,2025-05-27,2025-05-30,False,1000000.0,400000.0,1,False,True,06b,Elliot Camptbell (Executive Officer/Director); Stephen Anderson (Executive Officer/Director),021-547694,0001913044-25-000002,https://www.sec.gov/Archives/edgar/data/1913044/000191304425000002/
Mainly Holdings LLC,1877406,Warren,07059,Limited Liability Company,2020,True,Other,Decline to Disclose,2021-07-29,2021-08-09,False,1000000.0,200000.0,2,True,False,06b,Dan Rosenberg (Executive Officer),021-409230,0001877406-21-000001,https://www.sec.gov/Archives/edgar/data/1877406/000187740621000001/
"Malbec Solutions, Inc.",1731758,Somerset,08873,Corporation,2017,True,Computers,Decline to Disclose,2021-09-24,2021-09-29,False,15300000.0,15300000.0,5,True,False,06b,Nathaneal Lentz (Director); Madhusudan Poolu (Executive Officer); Hemanth Puttaswamy (Executive Officer/Director); John Ale (Director); Maitreya Patel (Executive Officer/Director),021-415093,0001731758-21-000002,https://www.sec.gov/Archives/edgar/data/1731758/000173175821000002/
"MamaMancini's Holdings, Inc.",1520358,East Rutherford,07073,Corporation,overFiveYears,False,Other,"$25,000,001 - $100,000,000",2022-09-13,2022-10-07,False,5000000.0,1180000.0,15,True,False,06b,Anthony Gruber (Executive Officer); Adam Michaels (Executive Officer/Director); Carl Wolf (Director); Steven Burns (Executive Officer/Director); Thomas Toto (Director); Alfred D'Agostino (Director); Michael Stengel (Director); Dean Janeway (Director); Matthew Brown (Executive Officer/Director),021-461194,0001493152-22-027926,https://www.sec.gov/Archives/edgar/data/1520358/000149315222027926/
"Manetu, Inc.",1800907,Ridgewood,07450,Corporation,2019,True,Other Technology,Decline to Disclose,2021-02-19,2021-03-04,False,2600000.0,2372225.0,32,True,False,06b,David Harris (Executive Officer/Director); Kurt Dalton (Director); Gregory Haskins (Executive Officer); Matthew Walsh (Director); Moiz Kohari (Executive Officer/Director); Anand Periasamy (Director),021-391245,0001800907-21-000001,https://www.sec.gov/Archives/edgar/data/1800907/000180090721000001/
"Manetu, Inc.",1800907,Ridgewood,07450,Corporation,2019,True,Other,"$1 - $1,000,000",2023-08-29,2024-01-31,False,814236.0,814236.0,50,True,False,06b,David Harris (Executive Officer/Director); Conor Allen (Director); Gregory Haskins (Director),021-504063,0001800907-24-000001,https://www.sec.gov/Archives/edgar/data/1800907/000180090724000001/
MarketsAI Corp.,2026293,Short Hill,07078,Corporation,2024,True,Other Technology,Decline to Disclose,2024-05-17,2024-06-10,False,1000000.0,250000.0,1,False,False,06b,David Hoffman (Executive Officer/Director); Mariam Hoffman (Director),021-515616,0002026293-24-000001,https://www.sec.gov/Archives/edgar/data/2026293/000202629324000001/
"Matinas BioPharma Holdings, Inc.",1582554,Bedminster,07921,Corporation,overFiveYears,False,Biotechnology,Decline to Disclose,2025-02-13,2025-02-19,False,3300000.0,1650000.0,4,True,False,06b,Robin Smith (Director); Eric Ende (Director); Jerome Jabbour (Executive Officer/Director); Evelyn D'An (Director); Keith Kucinski (Executive Officer); Matthew Wikler (Director); Natasha Giordano (Director),021-538675,0001493152-25-007569,https://www.sec.gov/Archives/edgar/data/1582554/000149315225007569/
"Matthias Therapeutics, LLC",2104165,Basking Ridge,07920,Limited Liability Company,2023,True,Pharmaceuticals,Decline to Disclose,2025-11-24,2026-01-07,False,500000.0,100000.0,2,False,True,06b,Matthew Redling (Executive Officer),021-569234,0002104165-26-000002,https://www.sec.gov/Archives/edgar/data/2104165/000210416526000002/
McN Investments Ltd,1822028,Short Hills,07078,Other,2019,True,Other,Decline to Disclose,2021-06-11,2021-06-28,False,105299926.0,105299926.0,12,True,False,06b,Brynne McNulty Rojas (Executive Officer/Director); Sebastian Noguera Escalon (Director); Alexa Von Tobel (Director),021-404450,0001822028-21-000002,https://www.sec.gov/Archives/edgar/data/1822028/000182202821000002/
MedXT Lab Corp.,2012357,Edison,08817,Corporation,2024,True,Other Technology,No Revenues,,2024-02-16,False,,0.0,0,True,False,06b,Pat Giglio (Director); Jimmy Cheng (Director); Brad Beatty (Director),021-505496,0002012357-24-000001,https://www.sec.gov/Archives/edgar/data/2012357/000201235724000001/
"Medocity, Inc.",1576158,Parsippany,07054,Corporation,overFiveYears,False,Other Health Care,Decline to Disclose,2022-08-24,2022-09-08,False,,500000.0,7,False,True,06b,Anil Balani (Executive Officer); Raj Agarwal (Executive Officer/Director),021-458332,0001576158-22-000001,https://www.sec.gov/Archives/edgar/data/1576158/000157615822000001/
"Meet Perry, LLC",1855622,Upper Saddle River,07458,Limited Liability Company,2020,True,Other Technology,Decline to Disclose,2021-04-30,2021-05-12,False,5400000.0,5398927.0,72,True,False,06b,Matthew Bernard (Director); Michael Gentile (Director),021-399126,0001855622-21-000001,https://www.sec.gov/Archives/edgar/data/1855622/000185562221000001/
"MemberFi Holdings, Inc.",1949399,Livingston,07039,Corporation,2022,True,Other Technology,Decline to Disclose,2022-09-23,2022-10-11,False,2500000.0,1100000.0,2,True,False,06b,Jack Lembeck (Executive Officer),021-461400,0001567619-22-018413,https://www.sec.gov/Archives/edgar/data/1949399/000156761922018413/
Memoramedia Inc.,2023951,Livingston,07039,Corporation,2024,True,Other,Decline to Disclose,2024-05-15,2024-05-20,False,4000015.0,4000015.0,43,True,False,06b,Zach Leonsis (Director); Darren Rovell (Executive Officer/Director),021-513763,0002023951-24-000001,https://www.sec.gov/Archives/edgar/data/2023951/000202395124000001/
"Metro Business, Inc.",1968652,Mendham,07945,Corporation,2022,True,Retailing,Decline to Disclose,,2023-03-13,False,1000000.0,0.0,0,True,False,"06b, 4a5",Xuming Wang (Executive Officer/Director/Promoter),021-475649,0001968652-23-000001,https://www.sec.gov/Archives/edgar/data/1968652/000196865223000001/
MileBreaker Partners LLC,2025167,Jersey City,07302,Limited Liability Company,2024,True,Other,Decline to Disclose,2024-05-22,2024-06-04,False,900000.0,900000.0,15,True,False,06b,Facundo Golinsky (Executive Officer/Director); Ben Cao (Executive Officer/Director),021-515028,0002025167-24-000001,https://www.sec.gov/Archives/edgar/data/2025167/000202516724000001/
"Mindprint Learning, Inc.",1814168,Titusville,08560,Corporation,overFiveYears,False,Other,Decline to Disclose,2023-01-10,2023-01-27,False,2000000.0,1460138.0,11,True,False,06b,John Martinson (Director); Eric Weinstein (Director); Nancy Weinstein (Executive Officer/Director); Eric Cantor (Director),021-471994,0001814168-23-000003,https://www.sec.gov/Archives/edgar/data/1814168/000181416823000003/
MiraKare Inc.,2038373,Edison,08817,Corporation,2023,True,Other Health Care,Decline to Disclose,2024-10-10,2025-09-18,False,300000.0,50000.0,1,False,True,06b,Gita Sharma (Director); Oliver Rabenschlag (Director); Virender Sharma (Director); Vikram Sharma (Executive Officer/Director),021-557898,0002038373-25-000002,https://www.sec.gov/Archives/edgar/data/2038373/000203837325000002/
MobbQuest Inc.,2109817,Oceanport,07757,Corporation,2025,True,Other Technology,No Revenues,2025-08-08,2026-03-18,False,4461.0,4461.0,37,True,False,06b,Gerard Ascolese (Executive Officer); Jacqueline Kripaitis (Executive Officer/Director); Darren Kripaitis (Director),021-576935,0002109817-26-000002,https://www.sec.gov/Archives/edgar/data/2109817/000210981726000002/
MobbQuest Inc.,2109817,Oceanport,07757,Corporation,2025,True,Other Technology,No Revenues,2025-09-10,2026-03-18,False,54907.0,54907.0,5,True,False,06b,Darren Kripaitis (Director); Jacqueline Kripaitis (Executive Officer/Director); Gerard Ascolese (Executive Officer),021-576928,0002109817-26-000001,https://www.sec.gov/Archives/edgar/data/2109817/000210981726000001/
"Modern Meadow, Inc.",1610100,Nutley,07110,Corporation,overFiveYears,False,Other Technology,Decline to Disclose,2020-12-22,2021-05-07,False,133932650.0,0.0,30,True,False,06b,Anna Bakst (Executive Officer/Director); Andras Forgacs (Director/Promoter); Dennis Fenton (Director); Bart Swanson (Director); Klaus Hommels (Director); Rex Liu (Executive Officer); Gabor Forgacs (Director/Promoter); Doug Muzyka (Director),021-398584,0001231919-21-000043,https://www.sec.gov/Archives/edgar/data/1610100/000123191921000043/
"Monad Labs, Inc.",2022178,Califon,07830,Corporation,2022,True,Other Technology,Decline to Disclose,2022-06-07,2024-05-07,False,19564606.0,19564606.0,11,False,True,06b,Eunice Giarta Hon (Executive Officer); James Hunsaker (Director); Keone Hon (Executive Officer/Director),021-512562,0002022178-24-000001,https://www.sec.gov/Archives/edgar/data/2022178/000202217824000001/
"Monad Labs, Inc.",2022178,Califon,07830,Corporation,2022,True,Other Technology,Decline to Disclose,2024-01-29,2024-05-08,False,22582874.0,22582874.0,25,False,True,06b,James Hunsaker (Director); Eunice Giarta Hon (Executive Officer); Keone Hon (Executive Officer/Director),021-512634,0002022178-24-000002,https://www.sec.gov/Archives/edgar/data/2022178/000202217824000002/
"Monad Labs, Inc.",2022178,Califon,07830,Corporation,2022,True,Other Technology,Decline to Disclose,2024-03-12,2024-05-08,False,225000000.0,216246294.0,27,True,False,06b,James Hunsaker (Director); Keone Hon (Executive Officer/Director); Eunice Giarta Hon (Executive Officer),021-512648,0002022178-24-000003,https://www.sec.gov/Archives/edgar/data/2022178/000202217824000003/
"Money.net Capital, Inc.",1878792,Morganville,07751,Corporation,2021,True,Other Banking and Financial Services,Decline to Disclose,2021-08-05,2021-08-19,False,,1100000.0,2,True,False,06b,Vincent Sangiovanni (Executive Officer/Director),021-410564,0001878792-21-000001,https://www.sec.gov/Archives/edgar/data/1878792/000187879221000001/
"Money.net Capital, Inc.",1878792,Morganville,07751,Corporation,2021,True,Other Banking and Financial Services,Decline to Disclose,2023-09-30,2023-10-04,False,,850000.0,8,True,False,06b,Vincent Sangiovanni (Executive Officer/Director),021-493775,0001878792-23-000004,https://www.sec.gov/Archives/edgar/data/1878792/000187879223000004/
"Money.net Capital, Inc.",1878792,Morganville,07751,Corporation,2021,True,Other Banking and Financial Services,Decline to Disclose,2023-12-20,2024-01-04,False,,1200000.0,8,True,False,06b,Vincent Sangiovanni (Executive Officer/Director),021-501477,0001878792-24-000001,https://www.sec.gov/Archives/edgar/data/1878792/000187879224000001/
"Moove Fitness, Inc.",1883952,Atlantic Highlands,07716,Corporation,2021,True,Other Technology,Decline to Disclose,2021-08-30,2021-09-21,False,500000.0,500000.0,22,True,False,06b,Peter McNamara (Executive Officer/Director/Promoter); Ralf Sellig (Executive Officer/Director/Promoter); Malcom Severance (Executive Officer/Director/Promoter),021-414013,0001883952-21-000001,https://www.sec.gov/Archives/edgar/data/1883952/000188395221000001/
"Moove Fitness, Inc.",1883952,Bay Head,08742,Corporation,2021,True,Other Technology,Decline to Disclose,2023-07-24,2023-08-07,False,350000.0,280000.0,11,True,False,06b,Erin Charleston (Director); Peter McNamara (Executive Officer/Director/Promoter); Malcom Severance (Executive Officer/Director/Promoter); Ralf Sellig (Executive Officer/Director/Promoter),021-488876,0001883952-23-000002,https://www.sec.gov/Archives/edgar/data/1883952/000188395223000002/
"Moove Fitness, Inc.",1883952,Bay Head,08742,Corporation,2021,True,Other Technology,Decline to Disclose,2024-12-07,2025-01-27,False,700000.0,152500.0,8,True,False,06b,Malcom Severance (Executive Officer/Director/Promoter); Ralf Sellig (Executive Officer/Director/Promoter); Erin Charleston (Director); Peter McNamara (Executive Officer/Director/Promoter),021-536317,0001883952-25-000001,https://www.sec.gov/Archives/edgar/data/1883952/000188395225000001/
"Moove Fitness, Inc.",1883952,Atlantic Highlands,07716,Corporation,2021,True,Other Technology,Decline to Disclose,2026-02-04,2026-02-10,False,300000.0,140000.0,2,True,False,06b,Ralf Sellig (Executive Officer/Director/Promoter); Malcom Severance (Executive Officer/Director/Promoter); Peter McNamara (Executive Officer/Director/Promoter); Erin Charleston (Director),021-573133,0001883952-26-000004,https://www.sec.gov/Archives/edgar/data/1883952/000188395226000004/
"Morris County Surgical Center, LLC",1879368,Parsippany,07871,Limited Liability Company,overFiveYears,False,Other Health Care,Decline to Disclose,,2024-02-23,False,231000.0,0.0,0,True,False,04,Toni Ryan (Executive Officer/Director); Irvin Bonder (Director); Jose Guerrero (Executive Officer/Director); John Soriano (Director); Amanda Golkow (Director),021-505976,0001879368-24-000001,https://www.sec.gov/Archives/edgar/data/1879368/000187936824000001/
"Morris County Surgical Center, LLC",1879368,Parsippany,07050,Limited Liability Company,overFiveYears,False,Other Health Care,Decline to Disclose,2021-08-11,2021-08-20,False,444523.0,52523.0,1,True,False,06b,Irvin Bonder (Director); John Soriano (Director); Jose Guerrero (Executive Officer/Director); Amanda Golkow (Director); Toni Ryan (Executive Officer/Director),021-410705,0001879368-21-000001,https://www.sec.gov/Archives/edgar/data/1879368/000187936821000001/
"Mortgage Automation Technologies, Inc.",1949872,"Fairfield, Nj 07004",07004,Corporation,2021,True,Other Banking and Financial Services,Decline to Disclose,2022-10-14,2023-11-28,True,4700000.0,3225000.0,14,True,False,06b,Benjamin Edelle (Executive Officer/Director); Joseph Rodriguez (Executive Officer/Director); Gerard Melia (Executive Officer/Director); Zachary Rosenberg (Executive Officer/Director); Alvin Shah (Director); Francisco Correal (Director); Matthew VanFossen (Executive Officer/Director),021-463077,0001949872-23-000001,https://www.sec.gov/Archives/edgar/data/1949872/000194987223000001/
"Mortgage Automation Technologies, Inc.",1949872,Fairfield,07004,Corporation,2021,True,Other Banking and Financial Services,Decline to Disclose,2025-02-13,2025-02-28,False,1000000.0,120000.0,3,False,False,06b,Zachary Rosenberg (Executive Officer/Director); Benjamin Edelle (Executive Officer/Director); Matthew VanFossen (Executive Officer/Director); Joseph Rodriguez (Executive Officer/Director); Gerard Melia (Executive Officer/Director); Alvin Shah (Director),021-539490,0001949872-25-000001,https://www.sec.gov/Archives/edgar/data/1949872/000194987225000001/
Mountaintop Cold Storage LLC,1861207,Cranford,07016,Limited Liability Company,2021,True,Construction,No Revenues,,2021-05-19,False,82600000.0,0.0,1,True,False,06b,SUMERFORD MICHAEL (Executive Officer); KYLE ROEMER (Executive Officer),021-399846,0001861207-21-000001,https://www.sec.gov/Archives/edgar/data/1861207/000186120721000001/
"Munimatrix, Inc.",2086114,Tinton Falls,07724,Corporation,2024,True,Other Technology,Decline to Disclose,2025-09-08,2026-01-09,False,,1375000.0,3,True,False,06b,Brendan Gilmartin (Executive Officer/Director),021-569531,0002086114-26-000001,https://www.sec.gov/Archives/edgar/data/2086114/000208611426000001/
Munson Crowd Group LLC,2109751,New Brunswick,08901,Limited Liability Company,2025,True,Restaurants,Decline to Disclose,,2026-03-04,True,3133500.0,0.0,0,True,False,06c,Jack Litman (Executive Officer),021-575226,0002109751-26-000003,https://www.sec.gov/Archives/edgar/data/2109751/000210975126000003/
MutualMarkets Inc.,2027675,Franklin Lakes,07417,Corporation,2021,True,Other Technology,Decline to Disclose,2024-06-03,2024-10-18,False,3000000.0,2436537.0,21,True,False,06b,Eric Gould (Executive Officer/Director); Alan Gould (Executive Officer/Director); Lloyd Braun (Director),021-527228,0002027675-24-000001,https://www.sec.gov/Archives/edgar/data/2027675/000202767524000001/
"My Obvi, Inc.",2023664,Kearny,07302,Corporation,2022,True,Other,Decline to Disclose,2023-12-19,2024-05-21,False,1429996.0,1429996.0,7,True,False,06b,Jatinder Bhatti (Director); John Herman (Director); Ronak Shah (Executive Officer/Director); Ankit Patel (Director); Ashvin Melwani (Director),021-513794,0002023664-24-000002,https://www.sec.gov/Archives/edgar/data/2023664/000202366424000002/
"My Sales Champion, LLC",1871277,Pine Brook,07058,Limited Liability Company,2021,True,Other Technology,Decline to Disclose,2021-03-17,2021-07-22,False,1000000.0,500000.0,4,True,False,06b,Neal Anderson (Executive Officer),021-407232,0000908834-21-000021,https://www.sec.gov/Archives/edgar/data/1871277/000090883421000021/
"MyCareGorithm, LLC",2081219,Watchung,07069,Limited Liability Company,overFiveYears,False,Other Health Care,"$1 - $1,000,000",2025-06-27,2025-08-25,False,500000.0,440000.0,1,False,False,06b,Louis Harrison (Executive Officer/Director),021-555721,0001415889-25-022922,https://www.sec.gov/Archives/edgar/data/2081219/000141588925022922/
MySky US Holdings Inc.,2033462,Hoboken,07030,Corporation,2024,True,Other Technology,Decline to Disclose,2024-08-08,2024-08-26,False,3000000.0,2249342.0,7,True,False,06b,Jean De Looz (Executive Officer/Director); Christopher Marich (Executive Officer/Director),021-522361,0002033462-24-000002,https://www.sec.gov/Archives/edgar/data/2033462/000203346224000002/
"NCRI Services, Inc.",1948376,Princteon,84540,Corporation,2022,True,Other,Decline to Disclose,2022-09-13,2022-09-27,False,17500.0,17500.0,8,True,False,06b,John Donohue (Executive Officer/Director); Joel Finkelstein (Director); Adam Sohn (Executive Officer/Director); Alex Goldenberg (Executive Officer),021-459951,0001948376-22-000002,https://www.sec.gov/Archives/edgar/data/1948376/000194837622000002/
"NEON WILD, INC.",1841561,Chester,07930,Corporation,2020,True,Other Technology,Decline to Disclose,2022-08-27,2022-09-06,False,2000000.0,50000.0,1,False,False,06b,Matthew Weckel (Executive Officer/Director); Matthew Kellough (Executive Officer/Director); Stephanie Reaves (Executive Officer); Carlos Ramos (Executive Officer/Director),021-457977,0001841561-22-000003,https://www.sec.gov/Archives/edgar/data/1841561/000184156122000003/
NEPHROS INC,1196298,South Orange,07079,Corporation,overFiveYears,False,Other Health Care,Decline to Disclose,2017-03-17,2021-09-07,True,2436000.0,2102615.0,19,False,False,06b,Andrew Astor (Executive Officer/Director); Arthur Amron (Director); Oliver Spandow (Director); Thomas Gwydir (Director); Alisa Lask (Director),021-283400,0001437749-21-021563,https://www.sec.gov/Archives/edgar/data/1196298/000143774921021563/
NEPHROS INC,1196298,South Orange,07079,Corporation,overFiveYears,False,Other Health Care,Decline to Disclose,2021-07-09,2021-07-14,False,1200000.0,1200000.0,1,True,False,06b,Alisa Lask (Director); Andrew Astor (Executive Officer/Director); Thomas Gwydir (Director); Arthur Amron (Director); Malcolm Person (Director); Oliver Spandow (Director),021-406118,0001437749-21-016876,https://www.sec.gov/Archives/edgar/data/1196298/000143774921016876/
NFT Gaming Co Inc.,1895618,Roseland,07068,Corporation,2021,True,Other Technology,Decline to Disclose,2021-12-31,2022-01-14,False,2119160.0,2119160.0,27,True,False,06b,Vadim Mats (Executive Officer/Director),021-429437,0001213900-22-002002,https://www.sec.gov/Archives/edgar/data/1895618/000121390022002002/
"NFT-TiX, Co.",1971744,Ridgewood,07450,Corporation,2022,True,Other Technology,"$1 - $1,000,000",2023-03-29,2023-04-03,False,1000000.0,55000.0,1,False,False,06b,Harrison Harrison (Executive Officer/Director); Branislav Djalic (Director); Emil Ljesnjanin (Executive Officer/Director),021-477678,0001971744-23-000001,https://www.sec.gov/Archives/edgar/data/1971744/000197174423000001/
"NFT-TiX, Co.",1971744,Ridgewood,07450,Corporation,2022,True,Other Technology,"$5,000,001 - $25,000,000",2024-03-08,2024-03-25,False,6000000.0,100000.0,1,False,False,06b,Emil Ljesnjanin (Executive Officer/Director); Vincent Harrison (Executive Officer/Director),021-508473,0001971744-24-000003,https://www.sec.gov/Archives/edgar/data/1971744/000197174424000003/
"NJ BIO, Inc.",1968755,Princeton,08540,Corporation,overFiveYears,False,Other,Decline to Disclose,2023-02-22,2023-03-09,False,7836033.0,5621204.0,10,True,False,06b,STEVEN KLOSK (Director); ANJANISH GONDALIA (Director); RONALD GOLD (Director); PRIYASHRI NAYAK (Director); CHETAN JAIN (Director); NARESHKUMAR JAIN (Executive Officer/Director),021-475322,0001968755-23-000001,https://www.sec.gov/Archives/edgar/data/1968755/000196875523000001/
NJ Nectar Management LLC,1925386,Glen Rock,07452,Limited Liability Company,2018,True,Other,No Revenues,2022-04-27,2022-05-11,False,4000000.0,1000000.0,10,True,False,06b,Puneet Singh (Executive Officer); Michael Chang (Executive Officer),021-445313,0001925386-22-000001,https://www.sec.gov/Archives/edgar/data/1925386/000192538622000001/
NJ Nectar Management LLC,1925386,Glen Rock,07452,Limited Liability Company,2018,True,Other,Decline to Disclose,2023-04-03,2023-04-17,False,8100000.0,2000000.0,1,True,False,06b,Chang Michael (Promoter); Andrew Siceloff (Executive Officer),021-479098,0001925386-23-000002,https://www.sec.gov/Archives/edgar/data/1925386/000192538623000002/
NJ Nectar Management LLC,1925386,Glen Rock,07452,Limited Liability Company,overFiveYears,False,Other,Decline to Disclose,2024-11-04,2024-12-02,False,2712320.0,1612320.0,3,True,False,06b,James Radvany (Director); Andrew Siceloff (Executive Officer/Director); Jerome Gilbert (Director); Richard Weise (Director); Surinder Sandhu (Director),021-530853,0001925386-24-000003,https://www.sec.gov/Archives/edgar/data/1925386/000192538624000003/
NJ Shore Wellness LLC,1757981,Rumson,07760,Limited Liability Company,2018,True,Other,Decline to Disclose,,2022-02-28,False,4000000.0,0.0,0,False,True,06b,Jonathan Bednarsh (Executive Officer); Adam Hershey (Executive Officer); N/A JBAH Enterprises LLC (Director),021-435164,0001757981-22-000001,https://www.sec.gov/Archives/edgar/data/1757981/000175798122000001/
NJ Turf Academy LLC,2089691,Morristown,07960,Limited Liability Company,2025,True,Other,No Revenues,2025-08-21,2025-10-09,False,,0.0,0,True,False,06b,Lee Southren (Executive Officer),021-560288,0002089691-25-000001,https://www.sec.gov/Archives/edgar/data/2089691/000208969125000001/
NJ/NY Gotham Football Club LLC,1904112,Whippany,07981,Limited Liability Company,2021,True,Other,Decline to Disclose,2021-12-28,2024-06-28,True,47196373.0,33696373.0,9,True,False,06b,Lizabeth Montano (Executive Officer); Steven Temares (Director); Tammy Murphy (Director); Edward Nalbandian (Director); Christine Heider (Executive Officer); N/A Sky Blue Women's Soccer Incorporated (Promoter); Carolyn Tisch Blodget (Director); Ophir Barone (Director); Ryan Dillon (Executive Officer),021-429283,0001904112-24-000001,https://www.sec.gov/Archives/edgar/data/1904112/000190411224000001/
NJ/NY Gotham Football Club LLC,1904112,Whippany,07981,Limited Liability Company,2021,True,Other,Decline to Disclose,2025-03-14,2025-03-28,False,25000000.0,25000000.0,2,True,False,06b,Christine Heider (Executive Officer); Ryan Dillon (Executive Officer); Steven Temares (Director); Carolyn Tisch Blodget (Director); Ophir Barone (Director); Edward Nalbandian (Director); Tammy Murphy (Director),021-542367,0001904112-25-000001,https://www.sec.gov/Archives/edgar/data/1904112/000190411225000001/
NOVA Genomics LLC,2068734,Mountain Lake,07046,Limited Liability Company,2025,True,Other Health Care,"$1 - $1,000,000",2025-05-08,2025-05-15,False,250000.0,50000.0,0,True,False,06b,Cynthia Hudson (Executive Officer); Gary Harton (Executive Officer),021-546285,0002068734-25-000001,https://www.sec.gov/Archives/edgar/data/2068734/000206873425000001/
NOVA LUMINOUS CRYPTO TRADING CENTER LTD,2069135,Parsippany,07054,Corporation,2025,True,Business Services,"$1 - $1,000,000",2025-05-19,2025-05-20,False,500000.0,500000.0,5,True,False,06c,PAGANO DANIELLAI (Director),021-546588,0002069135-25-000001,https://www.sec.gov/Archives/edgar/data/2069135/000206913525000001/
"NYIAX, INC.",1679379,Somerset,08873,Corporation,overFiveYears,False,Other,Decline to Disclose,2024-03-29,2024-04-18,False,,1250000.0,4,False,True,06b,Carolina Abenante (Executive Officer/Director/Promoter); William Feldman (Executive Officer); Teri Gallo (Executive Officer/Promoter); Joseph Passaic (Director); Sergey Tsoy (Executive Officer); Thomas O'Neill (Director); Robert Ainbinder (Director/Promoter); Mark Grinbaum (Executive Officer),021-511006,0001679379-24-000001,https://www.sec.gov/Archives/edgar/data/1679379/000167937924000001/
"NYIAX, INC.",1679379,Somerset,08873,Corporation,overFiveYears,False,Other,Decline to Disclose,2025-01-14,2025-02-07,True,,200000.0,1,False,True,06b,William Feldman (Executive Officer); Robert Ainbinder (Director/Promoter); Michael Garone (Director); Teri Galo (Executive Officer/Director); Carolina Abenante (Executive Officer/Director/Promoter); Mark Grinbaum (Executive Officer),021-537211,0001679379-25-000002,https://www.sec.gov/Archives/edgar/data/1679379/000167937925000002/
"Navierre Holdings, LLC",1909320,Montvale,07645,Limited Liability Company,2021,True,Other Health Care,No Revenues,2022-02-09,2022-02-16,False,1015000.0,1015000.0,36,True,False,06b,Mustafa Dinani (Executive Officer/Director),021-433747,0001909320-22-000002,https://www.sec.gov/Archives/edgar/data/1909320/000190932022000002/
"Navierre Holdings, LLC",1909320,Montvale,07645,Limited Liability Company,2021,True,Other Health Care,Decline to Disclose,2022-11-28,2022-12-12,False,,105000.0,3,False,False,06b,Mustafa Dinani (Executive Officer/Director); Jeff Stelnik (Director); Gaurav Singhvi (Director),021-467122,0001909320-22-000003,https://www.sec.gov/Archives/edgar/data/1909320/000190932022000003/
"Navigator Medicines, Inc.",2035715,Scotch Plains,07076,Corporation,2024,True,Biotechnology,Decline to Disclose,2024-08-23,2024-09-05,False,99999993.0,49999998.0,4,True,False,06b,NAVEEN DARYANI (Executive Officer); ANDREW LEVIN (Director); STEPHEN THOMAS (Executive Officer/Director/Promoter); WILLIAM BONIFICIO (Executive Officer/Promoter); WOUTER JOUSTRA (Director),021-523299,0002035715-24-000002,https://www.sec.gov/Archives/edgar/data/2035715/000203571524000002/
Navikenz Inc.,1896289,Cranbury,08512,Corporation,2019,True,Other Technology,"$1,000,001 - $5,000,000",2021-11-17,2021-12-02,False,4000000.0,1350000.0,5,True,False,06b,Anjan Lahiri (Executive Officer),021-423298,0001896289-21-000001,https://www.sec.gov/Archives/edgar/data/1896289/000189628921000001/
Navikenz Inc.,1896289,Cranbury,08512,Corporation,overFiveYears,False,Other Technology,"$1,000,001 - $5,000,000",2025-07-23,2025-08-26,False,7350000.0,4000000.0,7,True,False,06b,Anjan Lahiri (Executive Officer),021-555874,0001896289-25-000005,https://www.sec.gov/Archives/edgar/data/1896289/000189628925000005/
Nemo Digital Holdings Corp.,1941273,Cherry Hill,08002,Corporation,2022,True,Other Banking and Financial Services,Decline to Disclose,,2024-04-23,False,7500000.0,0.0,0,True,False,06b,John Hanna (Executive Officer/Director/Promoter); Anthony LaMantia (Executive Officer),021-511268,0001941273-24-000002,https://www.sec.gov/Archives/edgar/data/1941273/000194127324000002/
Nemo Digital Holdings Corp.,1941273,Cherry Hill,08002,Corporation,2022,True,Other Banking and Financial Services,Decline to Disclose,2024-08-15,2024-09-09,False,1900000.0,1900000.0,1,True,True,06b,Anthony LaMantia (Executive Officer); John Hanna (Executive Officer/Director/Promoter),021-523501,0001941273-24-000003,https://www.sec.gov/Archives/edgar/data/1941273/000194127324000003/
Nemo Digital Holdings Corp.,1941273,Cherry Hill,08002,Corporation,2022,True,Other Banking and Financial Services,Decline to Disclose,2025-02-17,2025-02-20,False,,130000.0,2,False,True,06b,Anthony LaMantia (Executive Officer); John Hanna (Executive Officer/Director/Promoter),021-538782,0001941273-25-000001,https://www.sec.gov/Archives/edgar/data/1941273/000194127325000001/
NettyArt Corp,1981540,Rutherford,07070,Corporation,2022,True,Other,Decline to Disclose,2023-05-21,2023-07-14,False,40000.0,40000.0,1,False,False,06b,Julio Grullon (Executive Officer/Director); Alcides Aguasvivas (Executive Officer/Director),021-486886,0001981540-23-000001,https://www.sec.gov/Archives/edgar/data/1981540/000198154023000001/
NettyArt Corp,1981540,Rutherford,07070,Corporation,2022,True,Other,Decline to Disclose,2023-12-05,2024-02-27,False,100000.0,100000.0,1,False,False,06b,Julio Grullon (Executive Officer/Director); Alcides Aguasvivas (Executive Officer/Director),021-506121,0001981540-24-000002,https://www.sec.gov/Archives/edgar/data/1981540/000198154024000002/
"Neumentum, Inc.",1720959,Summit,07901,Corporation,overFiveYears,False,Pharmaceuticals,Decline to Disclose,2021-09-30,2023-04-28,True,20000000.0,16559757.0,33,True,False,06b,Taggart McGurrin (Executive Officer); Joseph Pergolizzi (Director); August Moretti (Director); Andrew Blank (Director),021-416963,0001720959-23-000002,https://www.sec.gov/Archives/edgar/data/1720959/000172095923000002/
Neuralift Inc.,1996521,Livingston,07039,Corporation,2023,True,Other Technology,Decline to Disclose,2023-09-21,2024-06-12,True,1999998.0,1999998.0,2,True,False,06b,Victor Maloney (Director); Jonathan Mendez (Executive Officer/Director/Promoter); Paul Mendez (Director); Soren Macbeth (Director),021-494084,0001996521-24-000002,https://www.sec.gov/Archives/edgar/data/1996521/000199652124000002/
Neuralift Inc.,1996521,Livingston,07039,Corporation,2023,True,Other Technology,Decline to Disclose,2025-03-19,2025-03-31,False,999998.0,999998.0,2,True,False,06b,Soren Macbeth (Director); Jonathan Mendez (Executive Officer/Director/Promoter); Victor Maloney (Director); Paul Mendez (Director),021-542580,0001996521-25-000001,https://www.sec.gov/Archives/edgar/data/1996521/000199652125000001/
"NeuroPair, Inc.",1904618,Princeton,08540,Corporation,2021,True,Other Technology,Decline to Disclose,2021-12-31,2022-01-13,False,100000.0,100000.0,1,True,False,06b,Elaine Brock (Executive Officer); Jay Trautman (Director); Johannes Dapprich (Executive Officer/Director); William Brown (Executive Officer/Director),021-429363,0001904618-22-000001,https://www.sec.gov/Archives/edgar/data/1904618/000190461822000001/
"NeuroView Technology, Inc.",1744796,Englewood,07631,Corporation,overFiveYears,False,Other,Decline to Disclose,2023-12-13,2023-12-20,False,4820529.0,250002.0,1,True,False,06b,"James Karwel (Executive Officer/Director); Louis Rauchenberger (Director); Werner Doyle, M.D. (Director); Ruben Kuzniecky, M.D. (Executive Officer/Director); Steve Pacia, M.D. (Director)",021-500270,0001744796-23-000001,https://www.sec.gov/Archives/edgar/data/1744796/000174479623000001/
Neurock Pharmaceuticals Inc.,2014918,Princeton,08540,Corporation,2022,True,Pharmaceuticals,Decline to Disclose,2024-02-29,2024-03-11,False,10000000.0,10000000.0,1,True,False,06b,Haixing Wang (Executive Officer); Qingxi Wang (Director); Lei Cai (Executive Officer),021-507160,0002014918-24-000001,https://www.sec.gov/Archives/edgar/data/2014918/000201491824000001/
Nevakar Inc.,1677308,Bridgewater,08807,Corporation,overFiveYears,False,Pharmaceuticals,Decline to Disclose,2023-04-24,2023-08-08,False,12000000.0,4585000.0,12,True,False,06b,Alex Sisson (Director); Navneet Puri (Executive Officer/Director); Ram Potti (Director); George Zorich (Director); Raul Trillo (Executive Officer/Director); Ron Wooten (Director); Sri Ramanathan (Executive Officer),021-489081,0001209191-23-044918,https://www.sec.gov/Archives/edgar/data/1677308/000120919123044918/
Nightjar Holdings LLC,1980834,Bloomfield,07003,Limited Liability Company,2021,True,Other,No Revenues,2023-06-01,2023-06-09,False,2000000.0,600000.0,4,True,False,06b,Amanda Rositano (Executive Officer); Katherine Covett (Executive Officer); Francesca DeRogatis (Executive Officer),021-483888,0001980834-23-000001,https://www.sec.gov/Archives/edgar/data/1980834/000198083423000001/
Nitro Beverage Inc.,1858433,Asbury Park,07712,Corporation,2016,True,Other,Decline to Disclose,2021-04-08,2021-05-11,False,1500000.0,1473400.0,5,True,False,06b,Ali Mohamed (Executive Officer/Director); Michelangelo D'Amico (Executive Officer/Director); Julien Machot (Director),021-398946,0001858433-21-000001,https://www.sec.gov/Archives/edgar/data/1858433/000185843321000001/
No Brick LLC,1874157,Jersey City,07302,Limited Liability Company,overFiveYears,False,Other,Decline to Disclose,2021-06-15,2021-09-13,False,2100000.0,2100000.0,20,True,False,06b,Andrew Bensch (Executive Officer/Director); Mark Weiss (Director); Paolo Boero (Director); Matthew Bensch (Executive Officer/Director),021-413135,0001874157-21-000001,https://www.sec.gov/Archives/edgar/data/1874157/000187415721000001/
"No Days Off Sports Training, Inc.",1888550,Secaucus,07094,Corporation,2021,True,Other,Decline to Disclose,,2021-10-18,False,400000.0,0.0,0,True,False,06c,"William Thomas, Jr. (Executive Officer); David Howard (Executive Officer)",021-417383,0001888550-21-000001,https://www.sec.gov/Archives/edgar/data/1888550/000188855021000001/
North Lake Supply LLC,1886638,Augusta,07822,Limited Liability Company,2019,True,Agriculture,No Revenues,2021-09-14,2021-10-06,False,225000.0,225000.0,4,True,False,"06b, 4a5",Joshua Rivas (Executive Officer); Matthew Watkins (Executive Officer); Inna Kirikova (Executive Officer); Aleksandr Kleynshvag (Executive Officer); Charmaine Van Wingerden (Executive Officer); Daniel Saita (Executive Officer),021-415843,0001886638-21-000001,https://www.sec.gov/Archives/edgar/data/1886638/000188663821000001/
North Lake Supply LLC,1886638,Augusta,07822,Limited Liability Company,2019,True,Agriculture,No Revenues,2021-12-10,2021-12-22,False,500000.0,500000.0,12,True,False,"06b, 4a5",Aleksandr Kleynshvag (Executive Officer); Daniel Saita (Executive Officer); Matthew Watkins (Executive Officer); Charmaine Van Wingerden (Executive Officer); Joshua Rivas (Executive Officer); Inna Kirikova (Executive Officer),021-426265,0001886638-21-000002,https://www.sec.gov/Archives/edgar/data/1886638/000188663821000002/
North Lake Supply LLC,1886638,Augusta,07822,Limited Liability Company,2019,True,Agriculture,No Revenues,2023-04-17,2023-08-04,True,1512500.0,1220000.0,19,True,False,"06b, 4a5",Aleksandr Kleynshvag (Executive Officer); Joshua Rivas (Executive Officer); Inna Kirikova (Executive Officer); Matthew Watkins (Executive Officer); Charmaine Van Wingerden (Executive Officer); Daniel Saita (Executive Officer),021-480416,0001886638-23-000003,https://www.sec.gov/Archives/edgar/data/1886638/000188663823000003/
"Northern New Jersey Center for Advanced Endoscopy, LLC",2080734,Englewood Cliffs,07632,Limited Liability Company,overFiveYears,False,Other Health Care,Decline to Disclose,2025-08-04,2025-08-11,False,561680.0,168126.0,1,True,False,06b,"Michael Meininger (Director); Mark Sapienza (Director); Anthony Orlando (Director); Mitchell Spinnell, M.D. (Director); Jordan Jones (Executive Officer); Ivan Friedrich, M.D. (Director); Larry Trenk (Director); Sharon Hohlfeld (Executive Officer); Michael Pietrowicz (Director)",021-554228,0002080734-25-000001,https://www.sec.gov/Archives/edgar/data/2080734/000208073425000001/
"Northfield Bancorp, Inc.",1493225,Woodbridge,07095,Corporation,overFiveYears,False,Other Banking and Financial Services,Decline to Disclose,2022-06-17,2022-07-08,False,62000000.0,62000000.0,24,False,True,06b,Gualberto Medina (Director); Annette Catino (Director); Frank Patafio (Director); Paul Stahlin (Director); Gil Chapman (Director); Karen Kessler (Director); David Fasanella (Executive Officer); John Connors (Director); Robin Lefkowitz (Executive Officer); William Jacobs (Executive Officer); Steven Klein (Executive Officer/Director); Tara French (Executive Officer); Timothy Harrison (Director); Patrick Ryan (Director),021-451608,0001567619-22-013809,https://www.sec.gov/Archives/edgar/data/1493225/000156761922013809/
"Northpass, Inc.",1772501,Parsippany,07054,Corporation,2019,True,Other Technology,Decline to Disclose,2021-06-04,2021-06-15,False,4000171.0,4000171.0,1,True,False,06b,COLIN DAY (Director); J. CORNWELL (Executive Officer/Director); JOHN CORNWELL (Director); ROBERT KRYSTYNIAK (Executive Officer); TOM VANDER SCHAAFF (Director); CHRISTOPHER SANDERS (Executive Officer),021-403015,0001772501-21-000001,https://www.sec.gov/Archives/edgar/data/1772501/000177250121000001/
"Novata, Inc.",1892433,Mantoloking,08738,Corporation,2021,True,Other Technology,Decline to Disclose,2021-10-29,2021-11-12,False,20749990.0,20749990.0,12,True,False,06b,Tasha Matharu (Director); Scott Kennedy (Executive Officer); Pavani Thagirisa (Director); Christina Alfonso-Ercan (Executive Officer); Chris Jurgens (Director); Alexander Friedman (Executive Officer/Director); Erik Hirsch (Director),021-420799,0001892433-21-000001,https://www.sec.gov/Archives/edgar/data/1892433/000189243321000001/
Nukkleus Inc.,1787518,Jersey City,07310,Corporation,2023,True,Other,Decline to Disclose,2024-12-20,2025-01-08,False,10000000.0,10000000.0,1,False,False,06b,Reuven Yeganeh (Director); David Rokach (Director); Aviya Volodarsky (Director); Tomer Nagar (Director); Anastasiia Kotaieva (Director); Menachem Shalom (Executive Officer/Director),021-534609,0001213900-25-002064,https://www.sec.gov/Archives/edgar/data/1787518/000121390025002064/
Nume Crypto Inc.,1932325,Florence,08518,Corporation,2021,True,Other Technology,Decline to Disclose,2022-05-11,2022-06-14,False,2000000.0,1959981.0,17,True,False,06b,Niveda Harishankar (Director); Madhumitha Harishankar (Executive Officer/Director),021-449190,0001932325-22-000002,https://www.sec.gov/Archives/edgar/data/1932325/000193232522000002/
"Nuvectis Pharma, Inc.",1875558,Fort Lee,07024,Corporation,2020,True,Biotechnology,Decline to Disclose,2022-07-27,2022-08-10,False,15878637.0,15878637.0,19,True,False,06b,James Oliviero (Director); Enrique Poradosu (Executive Officer); Matthew Kaplan (Director); Michael Carson (Executive Officer); Kenneth Hoberman (Director); Ron Bentsur (Executive Officer/Director); Shay Shemesh (Executive Officer),021-455560,0001104659-22-088650,https://www.sec.gov/Archives/edgar/data/1875558/000110465922088650/
Nuvolo Technologies Corp,1657367,Paramus,07652,Corporation,overFiveYears,False,Other Technology,Decline to Disclose,2021-02-11,2021-02-25,False,31999960.0,30999970.0,11,True,False,06b,Henry Frankievich (Director); Michael Boggs (Director); Sam Brasch (Director); Daniel Goldsmith (Director); Laura Bottino (Director); Thomas Stanford (Executive Officer/Director),021-390579,0001231919-21-000026,https://www.sec.gov/Archives/edgar/data/1657367/000123191921000026/
"Nuvvon, Inc.",2018938,Bordentown,08505,Corporation,2022,True,Other,Decline to Disclose,2024-03-29,2024-04-12,False,10301839.0,5301839.0,9,True,False,06b,Bryant Edwards (Director); Dr. Colin Nuckolls (Director); Dr. Simon Madgwick (Executive Officer/Director); Karmjit Sidhu (Director); Manveer Sidhu (Executive Officer),021-510518,0001567619-24-000257,https://www.sec.gov/Archives/edgar/data/2018938/000156761924000257/
O&G Musical LLC,1861473,Summit,07901,Limited Liability Company,2019,True,Other,No Revenues,,2021-05-13,False,2750000.0,0.0,0,True,False,06b,Stephen Gabriel (Executive Officer); Productions Work Light (Executive Officer); Nancy Gabriel (Executive Officer),021-399321,0001861473-21-000001,https://www.sec.gov/Archives/edgar/data/1861473/000186147321000001/
OFCOLOR INC.,1984540,Maplewood,07040,Corporation,2019,True,Other Technology,Decline to Disclose,2023-06-30,2023-07-12,False,2000000.0,2000000.0,3,True,False,06b,YEMI ROSE (Executive Officer/Director),021-486623,0001080368-23-000030,https://www.sec.gov/Archives/edgar/data/1984540/000108036823000030/
OFP-RH LLC,2095506,Ridgewood,07450,Limited Liability Company,2025,True,Other,Decline to Disclose,2025-11-12,2025-11-25,False,1500000.0,559188.0,10,True,False,06b,Robert Huntington (Executive Officer),021-565006,0002095506-25-000001,https://www.sec.gov/Archives/edgar/data/2095506/000209550625000001/
"OLI Technologies, Inc.",2057713,North Brunswick,08902,Corporation,2021,True,Other Health Care,Decline to Disclose,2025-02-07,2025-02-24,False,1000000.0,700000.0,4,True,False,06b,Raymond Luo (Director); Thomas Weindl (Executive Officer/Director); Carl Nicholas Ng (Director),021-539089,0002057713-25-000001,https://www.sec.gov/Archives/edgar/data/2057713/000205771325000001/
ONCOSEC MEDICAL Inc,1444307,Ewing,08628,Corporation,overFiveYears,False,Biotechnology,Decline to Disclose,2023-04-11,2023-04-24,False,,0.0,7,False,False,06b,Herbert Lyerly (Director); Linda Shi (Director); Chao Zhou (Director); Joon Kim (Director); Stephany Foster (Director); Robert Arch (Executive Officer/Director); Kevin Smith (Director); George Chi (Executive Officer),021-479828,0001493152-23-013387,https://www.sec.gov/Archives/edgar/data/1444307/000149315223013387/
ONCOSEC MEDICAL Inc,1444307,Ewing,08628,Corporation,overFiveYears,False,Biotechnology,Decline to Disclose,2023-05-16,2023-05-26,False,,0.0,7,False,False,06b,Chao Zhou (Director); Linda Shi (Director); Robert Arch (Executive Officer/Director); George Chi (Executive Officer); Stephany Foster (Director); Joon Kim (Director); Herbert Lyerly (Director); Kevin Smith (Director),021-482783,0001493152-23-019301,https://www.sec.gov/Archives/edgar/data/1444307/000149315223019301/
"OSG Group Holdings, Inc.",1708616,Ridgefield Park,07660,Corporation,2017,True,Other,Decline to Disclose,2017-05-30,2021-12-07,True,,68143638.0,37,True,False,06b,Mark Casale (Director); Ken Powell (Executive Officer); Anthony Catalfano (Director); Robert Gillocheau (Director); Davinder Athwal (Executive Officer); Scott Bernstein (Director); Ashok Vemuri (Director); Kevin Keleghan (Executive Officer/Director); Nick Seibert (Director); Igno Waesberghe (Director),021-288565,0001833955-21-000001,https://www.sec.gov/Archives/edgar/data/1708616/000183395521000001/
"OceanTailer, Inc.",1814511,Fairfield,07004,Corporation,overFiveYears,False,Other,Decline to Disclose,,2021-03-05,False,400000.0,0.0,0,False,True,06b,Kelly Land (Director); Gilad Bar-Lev (Executive Officer/Director),021-391332,0001814511-21-000001,https://www.sec.gov/Archives/edgar/data/1814511/000181451121000001/
"OceanTailer, Inc.",1814511,Fairfield,07004,Corporation,overFiveYears,False,Other,Decline to Disclose,,2022-02-08,False,12000000.0,0.0,0,True,False,06b,Gilad Bar-Lev (Executive Officer/Director/Promoter),021-432788,0001814511-22-000001,https://www.sec.gov/Archives/edgar/data/1814511/000181451122000001/
"OceanTailer, Inc.",1814511,Fairfield,07004,Corporation,overFiveYears,False,Other,Decline to Disclose,2024-12-20,2024-12-20,False,1500000.0,371645.0,12,True,False,06b,Gilad Bar-Lev (Executive Officer/Director); Geoff Judge (Director); Kelly Land (Director),021-532927,0001814511-24-000001,https://www.sec.gov/Archives/edgar/data/1814511/000181451124000001/
"Octane Software Technology, Inc.",1852294,Cranbury,08512,Corporation,2020,True,Computers,Decline to Disclose,2021-03-05,2021-03-23,False,1999999.0,1989997.0,11,True,False,06b,Akash Khanolkar (Executive Officer/Director); Ahmed Shalaby (Executive Officer/Director); Chang Xu (Director); Dmitry Ivanyuk (Executive Officer/Director),021-393090,0001792948-21-000003,https://www.sec.gov/Archives/edgar/data/1852294/000179294821000003/
Oilex Holding LLC,1985073,Fairfield,07004,Limited Liability Company,2023,True,Retailing,Decline to Disclose,2023-06-29,2023-07-17,False,9595000.0,9595000.0,11,True,False,06b,"Jeffrey Dombcik (Director); Tiffany Hu (Executive Officer); David Hobbs (Executive Officer/Director); Holbrook Forusz (Director); n/a HTR Capital LLC (Promoter); Corbin Graves (Director); Asha Saxena (Director); Matthew Young (Director); Ron Morrow, Jr. (Director)",021-487151,0001985073-23-000002,https://www.sec.gov/Archives/edgar/data/1985073/000198507323000002/
"Omnivers-AI, Inc.",2040976,Montvale,07645,Corporation,2024,True,Other Technology,Decline to Disclose,2024-09-26,2024-10-11,False,2000000.0,1375000.0,3,True,False,06b,Meir Bulua (Director); Marc Medelsohn (Director); Zeesh Mermelstein (Executive Officer/Director),021-526658,0002040976-24-000001,https://www.sec.gov/Archives/edgar/data/2040976/000204097624000001/
OnCall Health Corp,1843676,Rutherford,07070,Corporation,2020,True,Other Health Care,Decline to Disclose,2021-01-29,2021-02-11,False,3164995.0,3164995.0,18,True,False,06b,Olanrewaju Soremekun (Executive Officer/Director/Promoter); Christopher Dobyns (Executive Officer/Director/Promoter); Michael Greeley (Director),021-389101,0001843676-21-000001,https://www.sec.gov/Archives/edgar/data/1843676/000184367621000001/
"One Kosmos, Inc.",1851408,Jersey City,07310,Corporation,2017,True,Other Technology,Decline to Disclose,2021-02-04,2021-03-19,False,14999997.0,14999997.0,3,True,False,06b,Hemen Vimadalal (Executive Officer/Director),021-392809,0001851408-21-000001,https://www.sec.gov/Archives/edgar/data/1851408/000185140821000001/
One Wager Inc.,1867791,Stewartsville,08886,Corporation,2021,True,Other Technology,No Revenues,2021-06-02,2021-06-16,False,250000.0,40000.0,2,True,False,06b,EVAN DUNATOV (Executive Officer/Promoter); MUKESH PATEL (Promoter); SEAN CORMAN (Executive Officer/Promoter); SAHIL PATEL (Executive Officer/Director/Promoter); WILLIAM TIGHE (Director/Promoter),021-403123,0001867791-21-000001,https://www.sec.gov/Archives/edgar/data/1867791/000186779121000001/
One Wager Inc.,1867791,Stewartsville,08886,Corporation,2021,True,Other Technology,No Revenues,2021-06-02,2021-08-13,False,250000.0,70000.0,4,True,False,06b,Sahil Patel (Director/Promoter); Evan Dunatov (Executive Officer/Promoter); William TIghe (Director/Promoter); Sean Corman (Executive Officer/Promoter); Mukesh Patel (Promoter),021-409883,0001867791-21-000002,https://www.sec.gov/Archives/edgar/data/1867791/000186779121000002/
"Onkos Surgical, Inc.",1654928,Parsippany,07054,Corporation,overFiveYears,False,Other Health Care,Decline to Disclose,2021-08-31,2023-05-12,True,33500001.0,33500001.0,17,True,False,06b,Antony Koblish (Director); Patrick Treacy (Executive Officer/Director); Paul Touhey (Director); Adele Oliva (Director); Stephen Bloch (Director); Bradly Tyler (Executive Officer),021-413103,0001654928-23-000001,https://www.sec.gov/Archives/edgar/data/1654928/000165492823000001/
Onyx East Hanover LLC,1898984,Woodbridge,07095,Limited Liability Company,2021,True,Construction,Decline to Disclose,2021-12-07,2021-12-23,False,17500000.0,17500000.0,30,True,False,06b,"n/a Onyx East Hanover Manager, LLC (Executive Officer/Director/Promoter); John Saraceno (Promoter); Jonathan Schultz (Promoter)",021-426640,0001898984-21-000001,https://www.sec.gov/Archives/edgar/data/1898984/000189898421000001/
"Open Air Hotels & Resorts, LLC",1998376,Jersey City,07302,Limited Liability Company,2023,True,Lodging and Conventions,No Revenues,2023-10-11,2024-06-13,True,4000000.0,1401002.0,19,True,False,06c,Paul Bagi (Executive Officer); Jordan Meltzer (Executive Officer); Lauren Meltzer (Executive Officer),021-495420,0001140361-24-030052,https://www.sec.gov/Archives/edgar/data/1998376/000114036124030052/
"Optimeos Life Sciences, Inc.",1819114,Princeton,08542,Corporation,overFiveYears,False,Biotechnology,Decline to Disclose,2021-05-17,2021-06-01,False,300000.0,175000.0,4,False,True,06b,"Jason Smith, PhD (Director); Robert Prud'homme, PhD (Director); Shahram Hejazi, PhD (Executive Officer/Director)",021-401252,0001819114-21-000001,https://www.sec.gov/Archives/edgar/data/1819114/000181911421000001/
"Optimeos Life Sciences, Inc.",1819114,Princeton,08542,Corporation,overFiveYears,False,Biotechnology,Decline to Disclose,2023-06-26,2024-11-26,True,5000000.0,2924996.0,5,True,False,06b,"Benjamin Doranz (Director); Shahram Hejazi, PhD (Executive Officer/Director); Jason Smith, PhD (Director); Robert Prud'homme, PhD (Director)",021-486138,0001819114-24-000001,https://www.sec.gov/Archives/edgar/data/1819114/000181911424000001/
OrahVision Inc.,2096214,Jackson,08527,Corporation,2025,True,Other Technology,Decline to Disclose,2025-10-20,2025-12-01,True,,90000.0,2,False,False,06c,Yisroel Wahl (Executive Officer),021-564506,0002096214-25-000002,https://www.sec.gov/Archives/edgar/data/2096214/000209621425000002/
Orcosa Inc.,1852165,Ewing,08628,Corporation,2020,True,Biotechnology,Decline to Disclose,2021-03-05,2021-03-19,False,37925000.0,37925000.0,50,True,False,06b,Vincent Mileto (Executive Officer/Director); Bryan Ridall (Director/Executive Officer); Mark Ridall (Executive Officer/Director); Robert Pollaro (Executive Officer/Director),021-392862,0001567619-21-006671,https://www.sec.gov/Archives/edgar/data/1852165/000156761921006671/
Orcosa Inc.,1852165,Ewing,08628,Corporation,2020,True,Biotechnology,Decline to Disclose,2021-09-27,2025-01-07,True,11290750.0,11290750.0,36,False,False,06b,Robert Pollaro (Director/Executive Officer); Vincent Mileto (Director/Executive Officer); Bryan Ridall (Director/Executive Officer),021-416468,0000950157-25-000050,https://www.sec.gov/Archives/edgar/data/1852165/000095015725000050/
Orcosa Inc.,1852165,Ewing,08628,Corporation,2020,True,Biotechnology,Decline to Disclose,2024-12-23,2025-01-07,False,15521640.0,7275000.0,17,True,False,06b,Robert Pollaro (Director/Executive Officer); Bryan Ridall (Director/Executive Officer); Vincent Mileto (Director/Executive Officer),021-534498,0000950157-25-000049,https://www.sec.gov/Archives/edgar/data/1852165/000095015725000049/
Origami Surgical Inc.,1808924,Madison,07940,Corporation,2020,True,Other,Decline to Disclose,2022-07-11,2022-07-19,False,1250000.0,1250000.0,3,True,False,06b,Marc Beer (Executive Officer/Director); Sean McNerney (Executive Officer/Director); Joseph Lee (Director); Patrick Culligan (Executive Officer/Director),021-452961,0001808924-22-000001,https://www.sec.gov/Archives/edgar/data/1808924/000180892422000001/
Origami Surgical Inc.,1808924,Madison,07940,Corporation,2020,True,Other,Decline to Disclose,2023-12-04,2023-12-19,False,2141666.0,1394792.0,6,True,False,06b,John Hironimus (Executive Officer/Director); Patrick Culligan (Executive Officer/Director); Marc Beer (Executive Officer/Director); Joseph Lee (Director); Scott Flora (Director),021-500146,0001808924-23-000001,https://www.sec.gov/Archives/edgar/data/1808924/000180892423000001/
Origami Surgical Inc.,1808924,Madison,07940,Corporation,2020,True,Other,Decline to Disclose,2024-09-19,2024-11-18,False,1499999.0,1499999.0,6,True,False,06b,Patrick Culligan (Executive Officer/Director); Marc Beer (Executive Officer/Director); John Hironimus (Executive Officer/Director); Joseph Lee (Director); Scott Flora (Director),021-529741,0001808924-24-000001,https://www.sec.gov/Archives/edgar/data/1808924/000180892424000001/
Origami Surgical Inc.,1808924,Madison,07940,Corporation,overFiveYears,False,Other,Decline to Disclose,2025-07-16,2025-07-31,False,999999.0,450000.0,6,True,False,06b,"Scott Flora (Director); Marc Beer (Executive Officer/Director/Promoter); Joseph Lee (Director); Patrick Culligan, M.D. (Executive Officer/Director/Promoter); John Hironimus (Executive Officer/Director)",021-553339,0001231919-25-000136,https://www.sec.gov/Archives/edgar/data/1808924/000123191925000136/
"Origin Life Sciences, Inc.",1573901,Princeton,08540,Corporation,overFiveYears,False,Biotechnology,Decline to Disclose,2023-05-30,2023-06-22,True,850000.0,659600.0,6,True,False,06b,John Fernandes (Executive Officer); Jerome Korten (Director); David Dantzker (Executive Officer/Director); Anthony Brampton (Director); Michael Preston (Executive Officer/Director); Victor Micati (Director),021-483151,0001213900-23-050705,https://www.sec.gov/Archives/edgar/data/1573901/000121390023050705/
"Origin Life Sciences, Inc.",1573901,Princeton,08540,Corporation,overFiveYears,False,Biotechnology,Decline to Disclose,2023-08-18,2023-10-17,False,5000000.0,51000.0,2,True,False,06b,Michael Preston (Executive Officer/Director); Jerome Korten (Director); Victor Micati (Director); David Dantzker (Executive Officer/Director); John Fernandes (Executive Officer); Anthony Brampton (Director),021-495034,0001013762-23-004487,https://www.sec.gov/Archives/edgar/data/1573901/000101376223004487/
"Origin, Inc.",1573901,Princeton,08540,Corporation,overFiveYears,False,Biotechnology,No Revenues,2022-06-30,2022-09-07,False,5000000.0,500000.0,7,True,False,06b,"David Dantzker (Executive Officer/Director); Michael Preston (Executive Officer/Director); Alex Dolgopolsky, PhD (Executive Officer); Howard Nelson (Director); Tony Brampton (Director); Johnny Fernandes (Executive Officer); Vic Micati (Director); Mike Pohl (Executive Officer)",021-458259,0001465818-22-000006,https://www.sec.gov/Archives/edgar/data/1573901/000146581822000006/
Orthios Innovations LLC,2052134,North Bergen,07047,Limited Liability Company,2023,True,Other Health Care,Decline to Disclose,2025-01-27,2025-01-28,False,300000.0,300000.0,8,True,False,"04, 06b",Richard Adelson (Executive Officer),021-536444,0002052134-25-000003,https://www.sec.gov/Archives/edgar/data/2052134/000205213425000003/
Orthobond Corp,1329147,Monmouth Junction,08852,Corporation,overFiveYears,False,Other Technology,Decline to Disclose,2022-09-05,2022-09-16,False,15000000.0,1075000.0,8,False,True,06b,David Nichols (Executive Officer/Director); Peter Goodwin (Director); Frank Cammisa (Director); Khalil Barrage (Director); Lisa D'Urso (Director); David Helfet (Director); Peter Scaturro (Director); Gregory Lutz (Director); Paul Volovich (Executive Officer),021-459041,0001329147-22-000003,https://www.sec.gov/Archives/edgar/data/1329147/000132914722000003/
Orthonu LLC,1933332,Rumson,07760,Limited Liability Company,2020,True,Other,Decline to Disclose,2022-04-18,2022-06-09,False,1545000.0,1270000.0,15,True,False,06b,Sima Yakoby Epstein (Executive Officer),021-448663,0001933332-22-000001,https://www.sec.gov/Archives/edgar/data/1933332/000193333222000001/
Orthonu LLC,1933332,Rumson,07760,Limited Liability Company,2020,True,Other,Decline to Disclose,2025-02-05,2025-02-19,False,1500000.0,0.0,0,True,False,06b,Sima Yakoby Epstein (Executive Officer),021-538593,0001933332-25-000001,https://www.sec.gov/Archives/edgar/data/1933332/000193333225000001/
"Otava, Inc.",1725457,Moorestown,08057,Corporation,overFiveYears,False,Telecommunications,Decline to Disclose,2025-01-22,2025-02-07,False,6586275.0,5546275.0,58,True,False,06b,James Beneke (Director); Victoria Pereira (Executive Officer/Director); Margaret Kohin-Nitschelm (Director); Dennis Bryan (Director),021-537627,0001725457-25-000002,https://www.sec.gov/Archives/edgar/data/1725457/000172545725000002/
Other Side Dispensary LLC,1972720,Jersey City,07307,Limited Liability Company,2022,True,Retailing,No Revenues,2023-06-12,2023-06-26,False,700000.0,700000.0,3,True,False,06b,Alyza Brevard-Rodriguez (Executive Officer); Corey Jackson (Executive Officer); Candice Haigler (Executive Officer),021-485127,0001886638-23-000002,https://www.sec.gov/Archives/edgar/data/1972720/000188663823000002/
Other Side Dispensary LLC,1972720,Jersey City,07307,Limited Liability Company,2022,True,Retailing,No Revenues,2024-02-07,2024-02-21,False,300000.0,300000.0,3,True,False,06b,Candice Haigler (Executive Officer); Corey Jackson (Executive Officer); Alyza Brevard-Rodriguez (Executive Officer),021-505671,0001972720-24-000002,https://www.sec.gov/Archives/edgar/data/1972720/000197272024000002/
"Outerspace Ops, Inc.",1880063,Carlstadt,07072,Corporation,2019,True,Other Technology,Decline to Disclose,2019-06-21,2021-08-26,False,7824757.0,4910714.0,17,True,False,06b,PHILIP MOLDAVSKI (Executive Officer); ALEX PESSALA (Executive Officer/Director); RICKY CHOI (Executive Officer/Director); JOHN VICKERS (Director),021-411311,0001880063-21-000001,https://www.sec.gov/Archives/edgar/data/1880063/000188006321000001/
"Outerspace Ops, Inc.",1880063,Carlstadt,07072,Corporation,2019,True,Other Technology,Decline to Disclose,2020-12-09,2021-08-26,False,7236095.0,5300600.0,16,True,False,06b,ALEX PESSALA (Executive Officer/Director); JOHN VICKERS (Director); RICKY CHOI (Executive Officer/Director); PHILIP MOLDAVSKI (Executive Officer),021-411312,0001880063-21-000002,https://www.sec.gov/Archives/edgar/data/1880063/000188006321000002/
"Outlook Therapeutics, Inc.",1649989,Monmouth Junction,08852,Corporation,overFiveYears,False,Biotechnology,Decline to Disclose,2021-02-03,2021-02-12,False,4013627.0,4013627.0,2,True,False,06b,Julian Gangolli (Director); Randy Thurman (Director); Yezan Haddadin (Director); Kurt Hilzinger (Director); Lawrence Kenyon (Executive Officer/Director); Faisal Sukhtian (Director); Andong Huang (Director); Gerd Auffarth (Director),021-389278,0001231919-21-000017,https://www.sec.gov/Archives/edgar/data/1649989/000123191921000017/
"Outlook Therapeutics, Inc.",1649989,Iselin,08830,Corporation,overFiveYears,False,Biotechnology,Decline to Disclose,2022-12-28,2023-01-06,False,1031510.0,1031510.0,1,False,False,06b,Randy Thurman (Director); Andong Huang (Director); Yezan Haddadin (Director); Julia Haller (Director); Gerd Auffarth (Director); Julian Gangolli (Director); Lawrence Kenyon (Executive Officer/Director); Faisal Sukhtian (Director); C. Trenary (Executive Officer/Director); Kurt Hilzinger (Director),021-469963,0001231919-23-000002,https://www.sec.gov/Archives/edgar/data/1649989/000123191923000002/
"Outlook Therapeutics, Inc.",1649989,Iselin,08830,Corporation,overFiveYears,False,Biotechnology,Decline to Disclose,2022-12-28,2023-01-06,False,31820000.0,31820000.0,1,False,True,06b,Julia Haller (Director); Andong Huang (Director); C. Trenary (Executive Officer/Director); Randy Thurman (Director); Julian Gangolli (Director); Lawrence Kenyon (Executive Officer/Director); Faisal Sukhtian (Director); Gerd Auffarth (Director); Yezan Haddadin (Director); Kurt Hilzinger (Director),021-469961,0001231919-23-000001,https://www.sec.gov/Archives/edgar/data/1649989/000123191923000001/
"Outlook Therapeutics, Inc.",1649989,Iselin,08830,Corporation,overFiveYears,False,Biotechnology,Decline to Disclose,2024-03-18,2024-03-29,False,159000000.0,60000000.0,21,True,False,06b,Jeff Evanson (Executive Officer); Andong Huang (Director); Julia Haller (Director); Kurt Hilzinger (Director); Lawrence Kenyon (Executive Officer/Director); Julian Gangolli (Director); Gerd Auffarth (Director); Faisal Sukhtian (Director); Randy Thurman (Director); C. Trenary (Executive Officer/Director); Yezan Haddadin (Director),021-509111,0001231919-24-000042,https://www.sec.gov/Archives/edgar/data/1649989/000123191924000042/
"Outlook Therapeutics, Inc.",1649989,Iselin,08830,Corporation,overFiveYears,False,Biotechnology,Decline to Disclose,2024-04-15,2024-04-16,False,13250005.0,5000002.0,1,True,False,06b,Jeff Evanson (Executive Officer); Julia Haller (Director); Julian Gangolli (Director); Gerd Auffarth (Director); Andong Huang (Director); C. Trenary (Executive Officer/Director); Lawrence Kenyon (Executive Officer/Director); Kurt Hilzinger (Director); Yezan Haddadin (Director); Randy Thurman (Director); Faisal Sukhtian (Director),021-510786,0001231919-24-000043,https://www.sec.gov/Archives/edgar/data/1649989/000123191924000043/
"Outlook Therapeutics, Inc.",1649989,Iselin,08830,Corporation,overFiveYears,False,Biotechnology,Decline to Disclose,2025-01-17,2025-01-27,False,31977359.0,0.0,10,True,False,06b,Lawrence Kenyon (Executive Officer/Director); Jeff Evanson (Executive Officer); Faisal Sukhtian (Director); Julia Haller (Director); Gerd Auffarth (Director); Yezan Haddadin (Director); Randy Thurman (Director); Julian Gangolli (Director); Andong Huang (Director); Kurt Hilzinger (Director),021-536382,0001231919-25-000018,https://www.sec.gov/Archives/edgar/data/1649989/000123191925000018/
"PBJ, LLC",1996726,Cherry Hill,08003,Limited Liability Company,2023,True,Other,Decline to Disclose,2023-09-29,2023-10-13,False,4950000.0,2075000.0,10,True,False,06b,Eric Danver (Executive Officer/Director/Promoter); Ira Krassan (Executive Officer/Director/Promoter),021-494690,0001996726-23-000002,https://www.sec.gov/Archives/edgar/data/1996726/000199672623000002/
PERSHING ROAD LLC,2029686,Weehawken,07086,Limited Liability Company,2024,True,Construction,"$1 - $1,000,000",,2024-07-10,False,200000.0,0.0,0,True,False,06b,LUCA MCLAUGHLIN (Executive Officer),021-518249,0002029686-24-000002,https://www.sec.gov/Archives/edgar/data/2029686/000202968624000002/
PGIM Private Credit Fund,1923622,Newark,07102,Other,2022,True,Other,Decline to Disclose,2025-12-01,2025-12-09,False,220000.0,220000.0,110,True,True,06b,"Christian Kelly (Executive Officer); Kelly Coyne (Executive Officer); Patrick McGuinness (Executive Officer); Mary Schneider (Director); George Hoyt (Executive Officer); Debra Rubano (Executive Officer); Andrew French (Executive Officer); Devan Goolsby (Executive Officer); Morris McNair, III (Director); Scott Benjamin (Executive Officer/Director); Thomas Turpin (Director); Dino Capasso (Executive Officer); Glaudia DiGiacomo (Executive Officer); Russ Shupak (Executive Officer); Melissa Gonzalez (Executive Officer); Robert McCormack (Executive Officer); Stuart Parker (Executive Officer); Elyse McLaughlin (Executive Officer)",021-566234,0001923622-25-000003,https://www.sec.gov/Archives/edgar/data/1923622/000192362225000003/
"POM Partners, Inc.",1943212,Newark,07102,Corporation,overFiveYears,False,Other Technology,Decline to Disclose,2022-03-18,2022-08-22,False,4000000.0,3317863.0,25,False,False,06b,Amy Kalokerinos (Executive Officer/Director); Andrew Leahy (Executive Officer/Director); Nicholas Daniel-Richards (Executive Officer); Ryoko Nozawa (Director); Jerry Labowitz (Director),021-456487,0001943212-22-000001,https://www.sec.gov/Archives/edgar/data/1943212/000194321222000001/
"POM Partners, Inc.",1943212,Newark,07102,Corporation,overFiveYears,False,Other Technology,Decline to Disclose,2023-09-20,2023-10-16,False,3000000.0,1917795.0,14,True,False,06b,Dan Murphy (Executive Officer); Jonas Fortenberry (Executive Officer); Andrew Leahy (Executive Officer/Director); Zachary Shulman (Director); Jerry Labowitz (Director); Bryn Bray (Executive Officer); Paul Frydman (Executive Officer); Ashley Fina (Director),021-494778,0001943212-23-000001,https://www.sec.gov/Archives/edgar/data/1943212/000194321223000001/
POPOLOGY Global Corp.,2093414,Collingswood,08108,Corporation,2024,True,Other Technology,Decline to Disclose,2025-03-19,2025-10-29,False,50000000.0,1650000.0,3,True,False,06b,H. Wright (Director); Wendy Kahn (Director); Michael Kahn (Director); Oscar Bjers (Executive Officer); Joe Rey (Executive Officer); Oliver Fuselier (Executive Officer); Lou Heidelberger (Executive Officer),021-562456,0002093414-25-000001,https://www.sec.gov/Archives/edgar/data/2093414/000209341425000001/
"PRP Concepts, Inc.",1849660,Red Bank,07701,Corporation,2019,True,Other Health Care,Decline to Disclose,2021-02-24,2024-01-10,True,3500000.0,3124000.0,42,True,False,06b,Craig Letts (Director); Eric Jania (Director); Damon Keeley (Executive Officer/Director),021-391510,0001849660-24-000001,https://www.sec.gov/Archives/edgar/data/1849660/000184966024000001/
"PTC THERAPEUTICS, INC.",1070081,South Plainfield,07080,Corporation,overFiveYears,False,Biotechnology,Decline to Disclose,2023-04-10,2023-05-08,False,35897425.0,35897425.0,40,True,False,06b,"Stepanie Okey (Director); Michael Schmertzler (Director); Matthew Klein, M.D. (Executive Officer/Director); Eric Pauwels (Executive Officer); Alethia Young (Director); Neil Almstead, Ph.D (Executive Officer); Glenn Steele Jr., M.D., Ph.D. (Director); David Southwell (Director); Emily Hill (Executive Officer); Jerome Zeldis, M.D., Ph.D. (Director); Mark Boulding (Executive Officer); Christine Utter (Executive Officer); Allan Jacobson, Ph.D. (Director); Emma Reeve (Director); Mary Smith (Director)",021-481052,0001567619-23-005926,https://www.sec.gov/Archives/edgar/data/1070081/000156761923005926/
Padel United Sports Club LLC,2008281,Cresskill,07626,Limited Liability Company,2023,True,Other,Decline to Disclose,2023-12-19,2024-01-22,False,,725000.0,8,True,False,06b,Benjamin Markoff (Executive Officer); Jonathan Krieger (Executive Officer),021-503033,0002008281-24-000002,https://www.sec.gov/Archives/edgar/data/2008281/000200828124000002/
Padel United Sports Club LLC,2008281,Cresskill,07626,Limited Liability Company,2023,True,Other,Decline to Disclose,2025-03-14,2025-03-17,False,1500000.0,158840.0,7,True,False,06b,Benjamin Markoff (Director); Jonathan Kreiger (Director),021-541138,0002008281-25-000001,https://www.sec.gov/Archives/edgar/data/2008281/000200828125000001/
"Paladin Cloud, Inc.",1926148,Califon,07830,Corporation,2021,True,Other Technology,Decline to Disclose,2022-04-14,2022-04-29,False,3300000.0,2775000.0,7,True,False,06b,Loren Straub (Director); Daniel Deeney (Executive Officer/Director); Marc Averitt (Director); Steven Hull (Executive Officer/Director),021-443941,0001926148-22-000001,https://www.sec.gov/Archives/edgar/data/1926148/000192614822000001/
"Paladin Cloud, Inc.",1926148,Califon,07830,Corporation,2021,True,Other Technology,Decline to Disclose,2024-05-13,2024-05-28,False,3500000.0,250000.0,1,True,False,06b,Steven Hull (Executive Officer/Director); Loren Straub (Director); John De Santis (Director); Marc Averitt (Director); Daniel Deeney (Executive Officer/Director),021-514313,0001926148-24-000002,https://www.sec.gov/Archives/edgar/data/1926148/000192614824000002/
"Paragon Flavors, Inc.",1940109,Princeton,08542,Corporation,2019,True,Other,Decline to Disclose,2022-07-15,2022-08-01,False,3912670.0,3912670.0,12,True,False,06b,CHRISTOPHER GREGSON (Executive Officer/Director); MARK LANGLEY (Director); MATTHEW SILLICK (Executive Officer/Director),021-454311,0001567619-22-014683,https://www.sec.gov/Archives/edgar/data/1940109/000156761922014683/
Parallel Carbon Inc.,2004354,Jersey City,07310,Corporation,2022,True,Other Technology,Decline to Disclose,2023-12-04,2023-12-19,False,3724991.0,3624993.0,7,True,False,06b,Andrew Shebbeare (Director); Aranzazu Orbezo (Executive Officer/Director/Promoter); Ryan Anderson (Executive Officer/Director/Promoter),021-500073,0002004354-23-000001,https://www.sec.gov/Archives/edgar/data/2004354/000200435423000001/
Park Center Spring Hill LLC,2052198,Franklin Lakes,07417,Limited Liability Company,2025,True,Other,No Revenues,,2025-01-15,False,1500000.0,0.0,0,True,False,06b,Stephen Salvigsen (Executive Officer),021-535279,0002052198-25-000001,https://www.sec.gov/Archives/edgar/data/2052198/000205219825000001/
"Parsimed, LLC",1980923,Hackensack,07601,Limited Liability Company,overFiveYears,False,Other Health Care,No Revenues,2023-06-21,2023-06-27,False,1000000.0,200000.0,1,True,True,06b,Khashayar Shakiba (Executive Officer),021-485307,0001731122-23-001214,https://www.sec.gov/Archives/edgar/data/1980923/000173112223001214/
"Partake Foods, Inc.",1725059,Jersey City,07310,Corporation,overFiveYears,False,Other,Decline to Disclose,2022-03-31,2022-10-05,True,11000000.0,10482644.0,50,True,False,06b,Larry Marcus (Director); Irene Chang Britt (Director); Charles Muth (Director); Robert Kavner (Director); Denise Woodard (Executive Officer/Director/Promoter),021-442097,0001725059-22-000002,https://www.sec.gov/Archives/edgar/data/1725059/000172505922000002/
"Paterna Biosciences, Inc.",1947951,Morristown,07960,Corporation,2022,True,Biotechnology,Decline to Disclose,2022-09-20,2022-09-29,False,5000000.0,3000000.0,1,False,True,06b,Danny Mitchell (Executive Officer); Cythia Tsai (Director); Edward Rowland (Executive Officer); James Hotaling (Director); Deirdre Conway (Director),021-460240,0001013594-22-000612,https://www.sec.gov/Archives/edgar/data/1947951/000101359422000612/
"Patient Care Associates, L.L.C.",1941501,Englewood,07631,Limited Liability Company,overFiveYears,False,Other Health Care,Decline to Disclose,,2023-10-03,False,1427623.0,0.0,0,True,False,06b,"Jeffrey Steuer, M.D. (Director); Robert Kayal, M.D. (Director); William Levine, M.D. (Director); Nancy Easley-Mack (Director); Jeff Pavell, M.D. (Director); Alex Thalassinos (Director); Jack Pocorobba (Director)",021-493728,0001941501-23-000001,https://www.sec.gov/Archives/edgar/data/1941501/000194150123000001/
"Patient Care Associates, L.L.C.",1941501,Englewood,07631,Limited Liability Company,overFiveYears,False,Other Health Care,Decline to Disclose,2022-07-26,2022-08-29,True,2797618.0,227872.0,1,True,False,06b,"Robert Kayal, M.D. (Director); Alex Thalassinos (Director); Jack Pocorobba (Director); William Levine, M.D. (Director); Jeffrey Steuer, M.D. (Director); Ion Pancu, M.D. (Director); Nancy Easley-Mack (Director)",021-455331,0001941501-22-000002,https://www.sec.gov/Archives/edgar/data/1941501/000194150122000002/
"Patient Care Associates, L.L.C.",1941501,Englewood,07631,Limited Liability Company,overFiveYears,False,Other Health Care,Decline to Disclose,2025-01-21,2025-01-21,False,448381.0,24347.0,1,True,False,06b,Jack Pocorobba (Director); David Abramson (Director); Jeffrey Steuer (Director); Nancy Easley-Mack (Director); Alexander Thalassinos (Director); Jeff Pavell (Director); Robert Kayal (Director),021-535816,0001941501-25-000001,https://www.sec.gov/Archives/edgar/data/1941501/000194150125000001/
"Pause Group, Inc.",1953623,Edison,08837,Corporation,2018,True,Other,Decline to Disclose,2021-12-09,2022-11-10,False,4657428.0,4657428.0,11,True,False,06b,"Frank Fazzinga, III (Director); Fabian Urquijo (Director); Michael Pane (Director); Rochelle Weitzner (Executive Officer/Director/Promoter)",021-464532,0001953623-22-000001,https://www.sec.gov/Archives/edgar/data/1953623/000195362322000001/
Phenegra Corp,2083929,Scotch Plains,07076,Corporation,2023,True,Other Technology,"$1 - $1,000,000",2025-10-13,2025-10-24,False,1000000.0,100000.0,0,True,False,06b,Ronald Terrazas (Executive Officer/Director); Gordon Chiu (Executive Officer/Director); Richard Paschal (Director),021-561920,0002083929-25-000001,https://www.sec.gov/Archives/edgar/data/2083929/000208392925000001/
PhoneBrasil International Inc,1407573,Dumont,07628,Corporation,overFiveYears,False,Telecommunications,No Revenues,2021-05-10,2021-10-19,False,15000000.0,625000.0,4,False,True,06c,Brian Weis (Executive Officer); Earl Scott (Executive Officer); Keith Eckert (Executive Officer); Paul Dunne (Executive Officer/Director); Ross Dimaggio (Director),021-417636,0001213900-21-053516,https://www.sec.gov/Archives/edgar/data/1407573/000121390021053516/
PhoneBrasil International Inc,1407573,Dumont,07628,Corporation,overFiveYears,False,Telecommunications,No Revenues,2021-08-12,2021-08-27,False,13824000.0,13824000.0,9,True,False,06b,Paul Dunne (Executive Officer/Director); Earl Scott (Executive Officer); Keith Eckert (Executive Officer); Ross DiMaggio (Director); Brian Weis (Executive Officer),021-411566,0001213900-21-045384,https://www.sec.gov/Archives/edgar/data/1407573/000121390021045384/
"Piermont Brands, Inc.",1974436,Englewood Cliffs,07632,Corporation,2019,True,Other,"$1,000,001 - $5,000,000",2023-04-07,2023-04-20,False,3000000.0,885000.0,10,True,False,06b,Charles Sachs (Director); Samuel Hirsch (Executive Officer/Director),021-479540,0001974436-23-000001,https://www.sec.gov/Archives/edgar/data/1974436/000197443623000001/
Pietra Inc.,1881009,Hoboken,07030,Corporation,2018,True,Retailing,Decline to Disclose,2021-06-23,2021-09-01,False,15000000.0,14925000.0,11,True,False,06b,Ronak Trivedi (Executive Officer/Director),021-412047,0001881009-21-000001,https://www.sec.gov/Archives/edgar/data/1881009/000188100921000001/
Pilate Tour Ltd Liability Co,1940953,Summit,07901,Limited Liability Company,2022,True,Other,No Revenues,,2022-08-11,False,2600000.0,0.0,0,True,False,06b,Nancy Gabriel (Executive Officer); Stephen Gabriel (Executive Officer); LLC Work Light Productions (Executive Officer),021-455641,0001940953-22-000001,https://www.sec.gov/Archives/edgar/data/1940953/000194095322000001/
"Pinata Global, Inc.",1810837,Newark,07102,Corporation,2019,True,Other Technology,Decline to Disclose,2021-04-27,2021-05-12,False,4000000.0,500000.0,2,False,True,06b,Jason Kimmel (Director); Larry Spada (Executive Officer/Director); Lily Liu (Executive Officer); Dimitri Falk (Executive Officer/Director),021-399130,0001810837-21-000001,https://www.sec.gov/Archives/edgar/data/1810837/000181083721000001/
"Pinata Rent, Inc.",1810837,Newark,07102,Corporation,2019,True,Other Technology,Decline to Disclose,2022-02-21,2022-03-08,False,13000000.0,8000000.0,3,True,False,06b,Dimitri Falk (Executive Officer/Director); Adam Demuyakor (Director); Jason Kimmel (Director); Lily Liu (Executive Officer/Director),021-436397,0001810837-22-000002,https://www.sec.gov/Archives/edgar/data/1810837/000181083722000002/
"Pinata Rent, Inc.",1810837,Newark,07102,Corporation,2019,True,Other,Decline to Disclose,2023-02-01,2023-02-16,False,5000000.0,375000.0,2,False,True,06b,Dimitri Falk (Executive Officer/Director); Lily Liu (Executive Officer/Director); Adam Demuyakor (Director); Jason Kimmel (Director); Michael Fawkes (Director),021-473659,0001810837-23-000001,https://www.sec.gov/Archives/edgar/data/1810837/000181083723000001/
"Pinata Rent, Inc.",1810837,Newark,07102,Corporation,2019,True,Other Technology,Decline to Disclose,2023-08-11,2023-08-30,False,2000000.0,2000000.0,1,False,True,06b,Lily Liu (Executive Officer/Director); Dimitri Falk (Executive Officer/Director); Jason Kimmel (Director); Michael Fawkes (Director); Adam Demuyakor (Director),021-490965,0001810837-23-000002,https://www.sec.gov/Archives/edgar/data/1810837/000181083723000002/
Pinpoint Analytics Inc.,2039044,Manalapan,07726,Corporation,2024,True,Other Technology,"$1 - $1,000,000",2024-08-02,2024-09-26,False,3200000.0,3200000.0,2,True,False,06b,Mark Zurada (Executive Officer); Kip Frey (Director); James Carr (Executive Officer/Director),021-525057,0002039044-24-000001,https://www.sec.gov/Archives/edgar/data/2039044/000203904424000001/
Pinpoint Analytics Inc.,2039044,Manalapan,07726,Corporation,2024,True,Other Technology,"$1 - $1,000,000",2025-08-15,2025-09-16,False,2500000.0,2000000.0,7,True,False,06b,Mark Zurada (Executive Officer); Kip Frey (Director); Austin Rabine (Director); James Carr (Executive Officer/Director),021-557679,0002039044-25-000002,https://www.sec.gov/Archives/edgar/data/2039044/000203904425000002/
Pioneer Investing Inc.,2097848,Jersey City,07310,Corporation,2024,True,Other,"$1 - $1,000,000",2025-09-20,2025-11-26,False,5000000.0,110000.0,9,False,False,06c,Priyanka Ranjan (Executive Officer/Director),021-565216,0002097848-25-000001,https://www.sec.gov/Archives/edgar/data/2097848/000209784825000001/
"PishPosh, Inc.",1611282,Lakewood,08701,Corporation,2021,True,Retailing,Decline to Disclose,2022-09-13,2022-09-27,False,1000000.0,581405.0,8,True,False,06b,Menachem (Mark) Kahn (Director); Patrick White (Director); Chaim (Charlie) Birnbaum (Executive Officer/Director); Eric Sherb (Executive Officer); Victor Setton (Director); Jesse Sutton (Executive Officer/Director),021-460013,0001575872-22-000891,https://www.sec.gov/Archives/edgar/data/1611282/000157587222000891/
"PishPosh, Inc.",1611282,Lakewood,08701,Corporation,2021,True,Retailing,Decline to Disclose,2023-03-24,2023-04-07,False,1000000.0,50000.0,3,True,True,06b,Menachem (Mark) Kahn (Director); Victor Setton (Director); Jesse Sutton (Executive Officer/Director); Chaim (Charlie) Birnbaum (Executive Officer/Director); Eric Sherb (Executive Officer); Patrick White (Director),021-478203,0001575872-23-000531,https://www.sec.gov/Archives/edgar/data/1611282/000157587223000531/
"Plum Life, Inc.",1856224,Warren,07059,Corporation,2020,True,Other,Decline to Disclose,2021-03-31,2021-04-12,False,2500000.0,2350000.0,9,False,True,06b,Manish Bhatt (Executive Officer/Director/Promoter); Amir Weiss (Executive Officer/Promoter); Sajiv Mehra (Executive Officer/Promoter); Gregory Kiernan (Director); Rahim Rajpar (Executive Officer/Promoter),021-395378,0001437749-21-008683,https://www.sec.gov/Archives/edgar/data/1856224/000143774921008683/
"Plum Life, Inc.",1856224,Berkley Heights,07922,Corporation,2020,True,Other,Decline to Disclose,2022-02-09,2022-02-22,False,7754666.0,7754666.0,15,True,False,06b,Sajiv Mehra (Executive Officer/Director/Promoter); Gregory Kiernan (Director); Manish Bhatt (Executive Officer/Director/Promoter); Matthew Kinley (Director); Rahim Rajpar (Executive Officer/Director/Promoter); Amir Weiss (Executive Officer/Director/Promoter),021-434387,0001437749-22-004008,https://www.sec.gov/Archives/edgar/data/1856224/000143774922004008/
"Pocstock, Inc.",1938424,Newark,07102,Corporation,2019,True,Other Technology,Decline to Disclose,2023-07-27,2023-08-07,False,1000000.0,500000.0,1,True,False,06b,DeSean Brown (Executive Officer); Derrick Larane (Executive Officer); Stephen Jones (Executive Officer/Director),021-488947,0001938424-23-000001,https://www.sec.gov/Archives/edgar/data/1938424/000193842423000001/
"PodPlay Technologies, Inc.",2092582,Kearny,07032,Corporation,2025,True,Other Technology,Decline to Disclose,2025-10-10,2025-10-23,False,8000000.0,8000000.0,4,True,False,06b,Max Kogler (Executive Officer),021-561818,0002092582-25-000001,https://www.sec.gov/Archives/edgar/data/2092582/000209258225000001/
"PolyGone Systems, Inc.",2079301,Kearny,07032,Corporation,2022,True,Other Technology,Decline to Disclose,2025-07-03,2025-08-04,False,4000000.0,2699997.0,4,True,False,06b,Yidian Liu (Executive Officer/Director); Julie Maples (Director); Nathaniel Banks (Executive Officer/Director),021-553579,0002079301-25-000001,https://www.sec.gov/Archives/edgar/data/2079301/000207930125000001/
Polygraf Inc.,1981123,Newark,19702,Corporation,2021,True,Other Technology,Decline to Disclose,2022-04-25,2023-06-12,False,,1560000.0,20,True,False,06b,Vince Lane (Executive Officer/Director); Vignesh Karumbaya (Executive Officer/Director); Yagub Rahimov (Executive Officer),021-483962,0001981123-23-000001,https://www.sec.gov/Archives/edgar/data/1981123/000198112323000001/
"Pomelo Care, Inc.",1872337,Jersey City,07306,Corporation,2021,True,Other Technology,Decline to Disclose,2021-06-18,2021-08-25,False,7959986.0,7959986.0,25,False,False,06b,Marta Kerns (Executive Officer/Director),021-411289,0000905718-21-001138,https://www.sec.gov/Archives/edgar/data/1872337/000090571821001138/
Pomona Golf 10th Hole LLC,2046994,Egg Harbor City,08215,Limited Liability Company,2024,True,Other,Decline to Disclose,2024-11-20,2024-12-04,False,225000.0,225000.0,8,True,False,06b,Jason Lamp (Executive Officer/Director); Walter Skilton (Executive Officer/Director); Timothy Cusumano (Executive Officer/Director),021-531078,0002046994-24-000001,https://www.sec.gov/Archives/edgar/data/2046994/000204699424000001/
"Populus Media, Inc.",1882846,Princeton,08540,Corporation,2019,True,Other Technology,Decline to Disclose,2023-10-19,2023-10-23,False,1000000.0,1000000.0,2,False,False,06b,Howard Seidman (Executive Officer/Director); Peter Finelli (Director); Paul Theisen (Executive Officer/Director),021-495404,0001882846-23-000001,https://www.sec.gov/Archives/edgar/data/1882846/000188284623000001/
"Populus Media, Inc.",1882846,Princeton,08540,Corporation,2019,True,Other Technology,Decline to Disclose,2024-11-06,2024-11-12,False,5500000.0,5000000.0,1,True,False,06b,Howard Seidman (Executive Officer/Director); Michael Hennessy Jr. (Director); Paul Theisen (Executive Officer/Director),021-529205,0001882846-24-000001,https://www.sec.gov/Archives/edgar/data/1882846/000188284624000001/
Power Locker USA iNC.,2080992,Bedminster,07921,Corporation,2025,True,Other Health Care,No Revenues,,2025-08-25,False,350000.0,0.0,0,True,False,06b,PETER DYKOWSKI (Executive Officer/Director); JASON POTTINGER (Executive Officer/Director); JERRY SWON (Executive Officer/Director); JOHN SWON (Executive Officer/Director),021-555731,0001213900-25-080382,https://www.sec.gov/Archives/edgar/data/2080992/000121390025080382/
"Powerfleet, Inc.",1774170,Woodcliff Lake,07677,Corporation,overFiveYears,False,Other Technology,Decline to Disclose,2024-10-01,2024-10-16,False,70000000.0,70000000.0,28,True,False,06b,Catherine Lewis (Executive Officer); Steve Towe (Executive Officer/Director); Jonathan Bates (Executive Officer); Ian Jacobs (Director); Charles Tasker (Executive Officer); Jim Zeitunian (Executive Officer); Offer Lehmann (Executive Officer); Melissa Ingram (Executive Officer); Andrew Martin (Director); David Wilson (Executive Officer); Michael McConnell (Director); Michael Brodsky (Director),021-526991,0001774170-24-000003,https://www.sec.gov/Archives/edgar/data/1774170/000177417024000003/
"Powow AI, Inc.",1779131,Closter,07624,Corporation,2018,True,Other Technology,No Revenues,2021-01-08,2021-01-20,False,490000.0,490000.0,9,False,True,06b,Gil Makleff (Executive Officer/Director/Promoter),021-386782,0001779131-21-000001,https://www.sec.gov/Archives/edgar/data/1779131/000177913121000001/
"Powow AI, Inc.",1779131,Closter,07624,Corporation,2018,True,Other Technology,"$1 - $1,000,000",2021-07-27,2021-07-28,False,1250000.0,237500.0,2,True,False,06b,Gil Makleff (Executive Officer/Director/Promoter),021-408039,0001779131-21-000002,https://www.sec.gov/Archives/edgar/data/1779131/000177913121000002/
Pricing Culture Inc.,1917945,Jersey City,07302,Corporation,2021,True,Other Technology,Decline to Disclose,2022-03-07,2022-03-25,True,1500000.0,1500000.0,1,True,False,06b,Bhargav Shivarthy (Executive Officer/Director),021-438281,0001917945-22-000002,https://www.sec.gov/Archives/edgar/data/1917945/000191794522000002/
Prima Principessa LLC,2032092,Little Falls,07424,Limited Liability Company,2021,True,Other,Decline to Disclose,2024-08-12,2024-08-20,False,2000000.0,100000.0,1,True,False,06b,Danielle Citarella (Director); Dana Del Vecchio (Director); Bianco Cynthia (Director),021-521954,0002032092-24-000002,https://www.sec.gov/Archives/edgar/data/2032092/000203209224000002/
Princeton Nuenergy Inc.,2000535,Bordentown,08505,Corporation,2019,True,Other Technology,Decline to Disclose,2023-10-26,2023-11-09,False,,23997611.0,34,True,False,06b,Jerry Wang (Director); Xiaofang Yang (Director); Chao Yan (Executive Officer/Director),021-496920,0002000535-23-000001,https://www.sec.gov/Archives/edgar/data/2000535/000200053523000001/
Private Practice Access Inc.,1993918,Englewood Cliffs,07632,Corporation,2023,True,Other Health Care,Decline to Disclose,2023-09-04,2023-09-18,False,500000.0,475000.0,32,False,False,06b,Aaron Capuano (Executive Officer/Director),021-492348,0001993918-23-000001,https://www.sec.gov/Archives/edgar/data/1993918/000199391823000001/
Privee Labs Inc.,1857621,Princeton,08540,Corporation,2021,True,Computers,No Revenues,2021-02-15,2021-05-28,False,650000.0,570000.0,20,True,False,06b,Josh Gottesman (Executive Officer); Akul Bali (Executive Officer),021-401075,0001857621-21-000001,https://www.sec.gov/Archives/edgar/data/1857621/000185762121000001/
Pro Sports Gaming LLC,1902696,Hoboken,07030,Limited Liability Company,2019,True,Other Technology,No Revenues,,2022-01-05,False,6000000.0,0.0,0,True,False,"06b, 3C, 3C.1",LeMont Joyner (Executive Officer); Raymond Milian (Executive Officer),021-427883,0001902696-22-000002,https://www.sec.gov/Archives/edgar/data/1902696/000190269622000002/
"Prompt Therapy Solutions, Inc.",1980944,Paramus,07652,Corporation,2018,True,Other,Decline to Disclose,2023-06-09,2023-06-23,False,6041870.0,6041870.0,15,True,False,06b,Anthony Dwyer (Director); Adam Baliatico (Executive Officer); Raymond Baliatico (Executive Officer/Director); Peter Bell (Director),021-485048,0001980944-23-000001,https://www.sec.gov/Archives/edgar/data/1980944/000198094423000001/
Prospective Co,1942136,Hoboken,07030,Corporation,2022,True,Other,Decline to Disclose,2022-08-02,2022-08-16,True,6000000.0,5339995.0,5,True,False,06b,Andrew Stein (Executive Officer/Director/Promoter); Eric Schmalzbauer (Executive Officer/Director/Promoter); Noah Carr (Director),021-455943,0001942136-22-000003,https://www.sec.gov/Archives/edgar/data/1942136/000194213622000003/
Protect Animals With Satellites LLC,1944537,Upper Saddle River,07458,Limited Liability Company,2018,True,Other Technology,Decline to Disclose,2022-08-15,2022-08-30,False,10000000.0,2920000.0,5,True,True,06b,Kenneth Ehrman (Executive Officer/Director),021-457395,0001944537-22-000001,https://www.sec.gov/Archives/edgar/data/1944537/000194453722000001/
Protect Animals With Satellites LLC,1944537,Upper Saddle River,07458,Limited Liability Company,2018,True,Other Technology,Decline to Disclose,2023-01-16,2023-02-01,False,4000000.0,2725000.0,4,True,False,06b,Kenneth Ehrman (Executive Officer/Director),021-472379,0001878646-23-000007,https://www.sec.gov/Archives/edgar/data/1944537/000187864623000007/
"Provenance Blockchain Labs, Inc.",2043053,Monmouth Beach,07750,Corporation,2024,True,Other Technology,No Revenues,2024-10-25,2024-11-08,False,15000200.0,15000200.0,9,True,False,06b,Dan Garzia (Executive Officer); Anthony Moro (Executive Officer/Director); Ira Miller (Executive Officer),021-529018,0001829126-24-007365,https://www.sec.gov/Archives/edgar/data/2043053/000182912624007365/
"Provenance Blockchain Labs, Inc.",2043053,Monmouth Beach,07750,Corporation,2024,True,Other Technology,No Revenues,2024-11-12,2024-11-26,False,10000000.0,2650000.0,14,True,False,06b,"Ira Miller (Executive Officer); June Ou (Director); Dr. Sachin Jaitly (Director); Anthony Moro (Executive Officer/Director); Mike Cagney (Director); Alfred Macdaniel, Jr. (Director); Dan Garzia (Executive Officer)",021-530487,0001829126-24-007825,https://www.sec.gov/Archives/edgar/data/2043053/000182912624007825/
Pure Technology Inc.,1959451,Montclair,07042,Corporation,overFiveYears,False,Other,Decline to Disclose,2020-11-07,2023-01-05,False,1500000.0,734684.0,87,True,False,04,Jared Sanborn (Executive Officer),021-469832,0001959451-23-000003,https://www.sec.gov/Archives/edgar/data/1959451/000195945123000003/
"Pyros Pharmaceuticals, Inc.",1809245,Parsippany,07054,Corporation,2019,True,Other,Decline to Disclose,2022-03-21,2022-04-04,False,5000000.0,450000.0,1,True,False,06b,Edwin Urrutia (Executive Officer/Director); Michael Smith (Executive Officer/Director); Ron Tilles (Director),021-440299,0001809245-22-000003,https://www.sec.gov/Archives/edgar/data/1809245/000180924522000003/
"Qredible, Inc.",1838514,Cherry Hill,08002,Corporation,2019,True,Other Technology,Decline to Disclose,2022-09-30,2023-10-11,True,1300000.0,1015000.0,8,False,True,06b,Walter Lynch (Director); Doug Roberts (Executive Officer); Ronaldo Montmann (Executive Officer); Brian Fitzpatrick (Executive Officer/Director/Promoter); Rick McDonald (Executive Officer/Director/Promoter); Glen Littlejohn (Director/Promoter),021-461731,0001838514-23-000001,https://www.sec.gov/Archives/edgar/data/1838514/000183851423000001/
"Quantalytics Holdings, LLC",1721832,Jersey City,07310,Limited Liability Company,2017,True,Other Technology,Decline to Disclose,2021-03-12,2021-03-24,False,1000000.0,1000000.0,1,True,False,06b,Stephen Mathai-Davis (Executive Officer/Director); Wallace Mathai-Davis (Director); Michael York (Director); Taha Ahmed (Director); Jeffrey Yam (Director),021-393424,0001721832-21-000001,https://www.sec.gov/Archives/edgar/data/1721832/000172183221000001/
"Quantiv Risk, Inc.",1930295,Westfield,07090,Corporation,2020,True,Other Technology,Decline to Disclose,2024-05-31,2024-06-14,False,1500000.0,952000.0,10,True,False,06b,Mike Nelson (Executive Officer/Director); John Pettit (Executive Officer/Director),021-516079,0001930295-24-000001,https://www.sec.gov/Archives/edgar/data/1930295/000193029524000001/
Quintilian Inc.,2005799,Morristown,07960,Corporation,2023,True,Other Technology,Decline to Disclose,2023-12-29,2024-02-16,False,1000000.0,150000.0,2,False,False,06b,Gavan Corr (Executive Officer/Director),021-505534,0002005799-24-000001,https://www.sec.gov/Archives/edgar/data/2005799/000200579924000001/
Quintilian Inc.,2005799,Morristown,07960,Corporation,2023,True,Other Technology,Decline to Disclose,2024-06-10,2024-06-18,False,1000000.0,75000.0,2,False,False,06b,Gavan Corr (Executive Officer/Director),021-516351,0001921568-24-000003,https://www.sec.gov/Archives/edgar/data/2005799/000192156824000003/
"REAL ESTATE CONNECT, INC.",2080610,Morristown,07960,Corporation,2023,True,Other Technology,Decline to Disclose,,2025-08-11,False,500000.0,0.0,0,False,False,06b,ALEXANDER PETRONE (Executive Officer),021-554254,0002080610-25-000001,https://www.sec.gov/Archives/edgar/data/2080610/000208061025000001/
REE Holdings I Corp.,1955298,Trenton,08638,Corporation,2022,True,Other Energy,Decline to Disclose,2022-11-04,2023-09-15,False,,22109870.0,19,True,False,06b,BARON CARLSON (Executive Officer/Director); MICHELLE MARCELLUS (Executive Officer); JOHN KLOHOKER (Executive Officer); BLAKE LIEBLING (Executive Officer/Director); TIMOTHY WHELAN (Executive Officer/Director); Robert Tangredi (Director); REES THOMAS (Director); ERIC KOWNACKI (Executive Officer/Director); CARDIE SAUNDERS (Director); STEVEN DECILLIS II (Executive Officer); ALAN WILKINSON (Executive Officer/Director); MICHAEL MOTHERSBAUGH (Executive Officer/Director); BARBARA BURNS (Executive Officer),021-492203,0001955298-23-000001,https://www.sec.gov/Archives/edgar/data/1955298/000195529823000001/
RLS Partners LLC,1905104,Mt. Laurel,08054,Limited Liability Company,2020,True,Other,Decline to Disclose,2022-01-31,2022-02-16,False,243106.0,243106.0,4,True,False,06b,Russell Leo (Executive Officer); N/A RLS Logistics (Promoter); Edward Shehwen (Executive Officer); Ken Johnson (Executive Officer); N/A Sculptor RE Holdings XX LLC (Promoter); Tom Casey (Executive Officer),021-433776,0001905104-22-000001,https://www.sec.gov/Archives/edgar/data/1905104/000190510422000001/
RLS Partners LLC,1905104,Mt. Laurel,08054,Limited Liability Company,2020,True,Other,Decline to Disclose,2023-03-17,2023-03-27,False,7229876.0,7229876.0,2,True,False,06b,Tarun Lalwani (Executive Officer); Russell Leo (Executive Officer); Ken Johnson (Executive Officer); Tom Casey (Executive Officer); Ken Whah (Executive Officer); Edward Shehwen (Executive Officer); N/A Sculptor RE Holdings XX LLC (Promoter); N/A RLS Partners LLC (Promoter),021-476962,0001905104-23-000001,https://www.sec.gov/Archives/edgar/data/1905104/000190510423000001/
RLS Performance Regional LLC,1905108,Mt. Laurel,08054,Limited Liability Company,2021,True,Other,Decline to Disclose,2022-01-31,2022-02-16,False,729318.0,729318.0,4,True,False,06b,Tom Casey (Executive Officer); N/A Sculptor RE Holdings XX LLC (Promoter); Zachary Agins (Executive Officer); Russell Leo (Executive Officer); David Charles (Executive Officer); N/A RLS Logistics (Promoter),021-433777,0001905108-22-000001,https://www.sec.gov/Archives/edgar/data/1905108/000190510822000001/
"ROTOMAIRE, INC.",1916238,Holmdel,07733,Corporation,2019,True,Other Technology,Decline to Disclose,2022-02-23,2022-03-10,False,38365000.0,34002945.0,52,True,False,06b,Rob Olson (Director); Jehan Luth (Executive Officer/Director); Logan Allin (Director); Michael Budde (Executive Officer),021-436772,0001916238-22-000001,https://www.sec.gov/Archives/edgar/data/1916238/000191623822000001/
"ROTOMAIRE, INC.",1916238,Holmdel,07733,Corporation,2019,True,Other Technology,Decline to Disclose,2023-06-28,2023-07-13,False,15000000.0,10000000.0,1,False,False,06b,Janey Whiteside (Director); Wilfried Schobeiri (Director); Steve McLaughlin (Director); Rob Olson (Director); Jehan Luth (Executive Officer/Director); Logan Allin (Director); Michael Budde (Executive Officer),021-486704,0001916238-23-000001,https://www.sec.gov/Archives/edgar/data/1916238/000191623823000001/
RUTH MCHAWI ZAWADI WATSON MASTER PRIVATE MINISTERIAL TRUST,2044128,Vineland,08360,Business Trust,2024,True,Other,"$1,000,001 - $5,000,000",2024-10-23,2024-11-07,False,,100000000.0,1,True,True,04.1,Ruth Watson (Director),021-528876,0002044128-24-000001,https://www.sec.gov/Archives/edgar/data/2044128/000204412824000001/
RVL Pharmaceuticals plc,1739426,Bridgewater,08807,Other,overFiveYears,False,Pharmaceuticals,Decline to Disclose,2023-08-18,2023-08-31,False,5000000.0,5000000.0,1,False,False,06b,BRIAN MARKISON (Executive Officer/Director); GREGORY COWAN (Director); JUAN VERGEZ (Director); JOAQUIN BENES (Director); MICHAEL DEBIASI (Director); ALISA LASK (Director); JAMES SCHAUB (Executive Officer),021-491138,0001739426-23-000003,https://www.sec.gov/Archives/edgar/data/1739426/000173942623000003/
"RYL Company, LLC",1936243,Cape May Court House,08210,Limited Liability Company,2022,True,Other,Decline to Disclose,2022-06-07,2022-07-05,False,6300000.0,6300000.0,12,True,False,06b,Blodin Ukella (Director),021-451046,0001936243-22-000001,https://www.sec.gov/Archives/edgar/data/1936243/000193624322000001/
"Rafael Holdings, Inc.",1713863,Newark,07120,Corporation,2017,True,Biotechnology,Decline to Disclose,2021-08-24,2021-08-26,False,104169835.0,104169835.0,17,True,False,06b,Michael Weiss (Director); David Polinsky (Executive Officer); Shannon Klinger (Director); Rachel Jonas (Director); Menachem Ash (Executive Officer); Mark McCamish (Director); Boris Pasche (Director); Ameet Mallik (Executive Officer/Director); Stephen Greenberg (Director); Howard Jonas (Director),021-411338,0001567619-21-016340,https://www.sec.gov/Archives/edgar/data/1713863/000156761921016340/
"ReSource Pro Holdings, LLC",1737693,Teaneck,07666,Limited Liability Company,2018,True,Other,Decline to Disclose,2020-12-31,2021-02-05,False,1000000.0,1000000.0,4,True,False,06b,Matthew Bruno (Director); Daniel Epstein (Executive Officer/Director); Keith Pennell (Executive Officer/Director); Andrew White (Executive Officer/Director); Donald DeMuth (Director); Karl Halteman (Executive Officer); David Watkins (Director); Norman Merritt (Executive Officer/Director); Marc Roston (Director),021-388544,0001737693-21-000002,https://www.sec.gov/Archives/edgar/data/1737693/000173769321000002/
"Real Fine Foods, Inc.",1947260,Verona,07044,Corporation,2022,True,Other,Decline to Disclose,2022-09-08,2022-09-23,True,50100.0,50100.0,2,True,False,06b,Ian Fine (Executive Officer/Director),021-459339,0001947260-22-000004,https://www.sec.gov/Archives/edgar/data/1947260/000194726022000004/
RealAssets Technologies,1972280,Iselin,08830,Corporation,2019,True,Other Technology,Decline to Disclose,2023-03-27,2023-04-10,False,7500000.0,150000.0,1,True,False,06c,Krisanth Sivarajh (Executive Officer); Suzanne Jones (Executive Officer); Suresh Nichani (Executive Officer/Director),021-478396,0001972280-23-000001,https://www.sec.gov/Archives/edgar/data/1972280/000197228023000001/
RealAssets Technologies,1972280,Iselin,08830,Corporation,2019,True,Other Technology,Decline to Disclose,2024-06-18,2024-06-27,False,6000000.0,300000.0,2,True,False,06c,Suresh Nichani (Executive Officer/Director); Krisanth Sivarajh (Executive Officer); Suzanne Jones (Executive Officer),021-517064,0001972280-24-000001,https://www.sec.gov/Archives/edgar/data/1972280/000197228024000001/
RealAssets Technologies,1972280,Iselin,08830,Corporation,overFiveYears,False,Other Technology,Decline to Disclose,2025-08-18,2025-08-29,False,12100000.0,50000.0,1,True,False,06c,Suresh Nichani (Executive Officer/Director); Krisanth Sivarajh (Executive Officer),021-556267,0001972280-25-000001,https://www.sec.gov/Archives/edgar/data/1972280/000197228025000001/
Rebound Goods Inc.,1988335,Summit,07901,Corporation,2022,True,Retailing,No Revenues,2023-07-26,2023-08-03,False,350000.0,17500.0,5,False,False,06b,Vince Giudice (Executive Officer/Director),021-488630,0001988335-23-000001,https://www.sec.gov/Archives/edgar/data/1988335/000198833523000001/
"Rebuild Capital - Vero, LLC",2066911,Englewood,07631,Limited Liability Company,2025,True,Other Technology,Decline to Disclose,2025-05-06,2025-05-08,False,3000000.0,810000.0,13,True,False,06b,"Delaware limited liability company Rebuild Capital, LLC (Executive Officer/Director); Jeremy Kaner (Executive Officer/Director)",021-545576,0002066911-25-000002,https://www.sec.gov/Archives/edgar/data/2066911/000206691125000002/
Redwood Hilltop Fund LLC,2003445,Hackensack,07601,Limited Liability Company,2023,True,Other Banking and Financial Services,Decline to Disclose,,2023-12-07,False,20000000.0,0.0,0,True,False,06b,Julia Park (Executive Officer); Victor Shum (Executive Officer),021-499030,0002003445-23-000001,https://www.sec.gov/Archives/edgar/data/2003445/000200344523000001/
RenewCO2 Inc.,2061863,Somerset,08873,Corporation,2022,True,Other Technology,Decline to Disclose,2025-08-01,2025-08-13,False,6247931.0,4247933.0,2,True,False,06b,Karin Calvinho (Executive Officer/Director); Neal Dikeman (Director); Anders Laursen (Executive Officer/Director),021-554540,0002061863-25-000001,https://www.sec.gov/Archives/edgar/data/2061863/000206186325000001/
"Research Imaging Company, LLC",1965064,Teaneck,07666,Limited Liability Company,2022,True,Other Health Care,Decline to Disclose,2023-01-24,2023-02-07,False,57451000.0,57451000.0,2,True,False,06b,"Jeffrey Kinell (Director); Jonathan Goldin (Director); James Primerano, Jr. (Director); Ralph Reyes (Executive Officer); Lori Wright (Director); Andrew White (Director); Matthew Brown (Director); Brett Prager (Director)",021-472878,0001965064-23-000001,https://www.sec.gov/Archives/edgar/data/1965064/000196506423000001/
Reset Technology Corp,1978959,Englewood Cliffs,07632,Corporation,2022,True,Other,Decline to Disclose,2023-05-25,2023-06-01,False,6498011.0,6380511.0,16,True,False,06b,Justin Marks (Executive Officer); Clayton Teufel (Executive Officer); Mark Teufel (Executive Officer/Director); Tyler Brous (Director); Jim Blake (Director); Jason Shelton (Executive Officer/Director),021-483140,0001978959-23-000001,https://www.sec.gov/Archives/edgar/data/1978959/000197895923000001/
"Retail Visions, Inc.",2081412,Elmwood Park,07407,Corporation,2025,True,Business Services,"$1,000,001 - $5,000,000",2025-08-07,2025-08-22,False,4137500.0,4137500.0,3,True,False,06b,Steve Smith (Executive Officer/Director),021-555605,0002081412-25-000001,https://www.sec.gov/Archives/edgar/data/2081412/000208141225000001/
"Retrieve Medical Holdings, Inc.",1452804,Bedminster,07921,Corporation,overFiveYears,False,Other Health Care,No Revenues,2023-04-27,2023-08-14,False,318500.0,318500.0,13,True,False,06b,Jerry Swon (Executive Officer); Joerg Klaube (Executive Officer); Louis Rose (Director); Mark Rosenberg (Director); Todd Griffith (Director); Jason Pottinger (Director),021-489692,0001199835-23-000444,https://www.sec.gov/Archives/edgar/data/1452804/000119983523000444/
"Retrieve Medical Holdings, Inc.",1452804,Bedminster,07921,Corporation,overFiveYears,False,Other Health Care,No Revenues,2023-08-23,2024-10-28,False,1201489.0,1201489.0,36,True,False,06b,Jason Pottinger (Director); Todd Griffith (Director); Louis Rose (Director); Mark Rosenberg (Director); Jerry Swon (Executive Officer); Joerg Klaube (Executive Officer),021-527910,0001199835-24-000466,https://www.sec.gov/Archives/edgar/data/1452804/000119983524000466/
"Reunion Neuroscience, Inc.",2007993,Morristown,07960,Corporation,2023,True,Pharmaceuticals,Decline to Disclose,2024-01-12,2025-09-09,True,119850000.0,119850000.0,9,True,False,06b,Gregory Mayes (Executive Officer/Director); Michael Ehlers (Director); Ansbert Gadicke (Director); Natalie Sacks (Director); Ellen Lubman (Director); Mark Pollack (Executive Officer); Alon Lazarus (Director); Nathan Bryson (Executive Officer); Mark Theeuwes (Executive Officer); Edward Smith (Executive Officer),021-503441,0002007993-25-000004,https://www.sec.gov/Archives/edgar/data/2007993/000200799325000004/
"Rhizome AI, Inc",2101297,Union City,07087,Corporation,2023,True,Computers,"$1 - $1,000,000",2025-11-19,2026-01-22,True,85000.0,85000.0,2,True,False,06c,Chetan Mishra (Executive Officer),021-567368,0002101297-26-000001,https://www.sec.gov/Archives/edgar/data/2101297/000210129726000001/
Rhodenergy An Environmental Co Corp,2105633,Princeton,08540,Corporation,2024,True,Biotechnology,"$5,000,001 - $25,000,000",2025-12-31,2026-01-15,False,250000000.0,250000000.0,0,True,True,06c,Irfan Jameel (Executive Officer),021-570147,0002105633-26-000001,https://www.sec.gov/Archives/edgar/data/2105633/000210563326000001/
Ricovr Healthcare Inc.,1800521,Princeton,08542,Corporation,2019,True,Other Health Care,Decline to Disclose,2021-03-08,2021-03-23,False,2735419.0,2235419.0,16,True,False,06b,Himanshu Bhatia (Executive Officer/Director/Promoter); Steve Shuman (Director); Piyush Sadana (Executive Officer/Director/Promoter),021-393226,0001800521-21-000001,https://www.sec.gov/Archives/edgar/data/1800521/000180052121000001/
Ricovr Healthcare Inc.,1800521,Princeton,08542,Corporation,2019,True,Other Health Care,Decline to Disclose,2021-08-25,2021-09-09,False,750000.0,255000.0,4,False,True,06b,Vikas Desai (Director); Himanshu Bhatia (Executive Officer/Director/Promoter); Piyush Sadana (Executive Officer/Director/Promoter); Steve Shuman (Director),021-412819,0001800521-21-000002,https://www.sec.gov/Archives/edgar/data/1800521/000180052121000002/
Ricovr Healthcare Inc.,1800521,Princeton,08540,Corporation,2019,True,Other Health Care,Decline to Disclose,2023-02-27,2023-03-15,False,1500000.0,832500.0,10,False,True,06b,Himanshu Bhatia (Executive Officer/Director/Promoter); Vikas Desai (Director); Piyush Sadana (Executive Officer/Director/Promoter); Steve Shuman (Director),021-475883,0001800521-23-000001,https://www.sec.gov/Archives/edgar/data/1800521/000180052123000001/
Ricovr Healthcare Inc.,1800521,Princeton,08540,Corporation,2019,True,Other Health Care,Decline to Disclose,2023-12-04,2023-12-13,False,4000000.0,2000000.0,1,True,False,06b,William Hagaman (Director); Himanshu Bhatia (Executive Officer/Director); Steven Shuman (Director); Piyush Sadana (Executive Officer/Director); Vikas Desai (Director),021-499468,0001800521-23-000002,https://www.sec.gov/Archives/edgar/data/1800521/000180052123000002/
Ricovr Healthcare Inc.,1800521,Princeton,08540,Corporation,overFiveYears,False,Other Health Care,Decline to Disclose,2025-12-19,2026-01-20,False,1500000.0,550000.0,2,True,False,06b,Himanshu Bhatia (Executive Officer/Director); William Hagaman (Director); Andrew Dowicz (Director); Vikas Desai (Director); Piyush Sadana (Director),021-570481,0001800521-26-000003,https://www.sec.gov/Archives/edgar/data/1800521/000180052126000003/
"Ride N Repair, Inc.",2094820,Jersey City,07302,Corporation,2025,True,Other Technology,No Revenues,2025-10-09,2025-11-03,False,5000000.0,70000.0,2,False,False,06b,Shubham Tyagi (Executive Officer/Director); Lakshya Khurana (Executive Officer/Director),021-562805,0002094820-25-000001,https://www.sec.gov/Archives/edgar/data/2094820/000209482025000001/
RideAlongNow Inc.,1875751,Paramus,07652,Corporation,2021,True,Other Technology,Decline to Disclose,2021-07-16,2021-07-29,False,5000000.0,750000.0,1,True,False,06b,Maia Sharpley (Director); Norbert Sygdziak (Executive Officer/Director); Christine Kennedy (Executive Officer/Director),021-408219,0001875751-21-000001,https://www.sec.gov/Archives/edgar/data/1875751/000187575121000001/
"Rights, Inc.",1941565,Montclair,07042,Corporation,2021,True,Other Technology,Decline to Disclose,2022-07-25,2022-08-10,False,4689999.0,2983678.0,59,True,False,06b,Tres Williams (Executive Officer/Director); Michael Flannery (Director); Scott Marshall (Director),021-455418,0001941565-22-000001,https://www.sec.gov/Archives/edgar/data/1941565/000194156522000001/
"Riverview Historical Plaza II, LLC",1987935,Hoboken,07030,Limited Liability Company,overFiveYears,False,Retailing,Decline to Disclose,2023-07-18,2023-08-24,False,6000000.0,6000000.0,0,True,False,06b,Joseph Castelo (Executive Officer),021-490612,0001062993-23-017064,https://www.sec.gov/Archives/edgar/data/1987935/000106299323017064/
"Robert Wood Johnson - Endosurgical Center, LLC",2067736,East Brunswick,08816,Limited Liability Company,overFiveYears,False,Hospitals and Physicians,Decline to Disclose,2025-05-01,2025-05-13,False,372600.0,372600.0,2,True,False,06b,Neil Sinha (Director); Jose Costa (Director); William Ferges (Executive Officer/Director); Jim Alexander (Director); Alexander Rapisarda (Executive Officer/Director); Karin Graulich (Director); Alene Stewart (Director),021-545956,0002067736-25-000001,https://www.sec.gov/Archives/edgar/data/2067736/000206773625000001/
"RoboBurger Enterprises, Inc.",1951099,Newark,07102,Corporation,2021,True,Restaurants,Decline to Disclose,2022-10-06,2022-10-21,False,10000000.0,2220000.0,3,True,False,06b,Vincent Polidoro (Director); Andrew Siegel (Executive Officer/Director); Audley Wilson (Executive Officer/Director); Martin Toha (Director),021-462435,0001951099-22-000001,https://www.sec.gov/Archives/edgar/data/1951099/000195109922000001/
Robossis Inc,2088958,Cherry Hill,08003,Corporation,overFiveYears,False,Other Health Care,No Revenues,2022-07-14,2025-09-29,False,150000.0,150000.0,1,False,False,06b,Mohammad Abedin-Nasab (Executive Officer/Director),021-559059,0002088958-25-000001,https://www.sec.gov/Archives/edgar/data/2088958/000208895825000001/
Robossis Inc,2088958,Cherry Hill,08003,Corporation,overFiveYears,False,Other Health Care,No Revenues,2025-07-25,2025-09-29,False,1000000.0,110000.0,2,False,False,06b,Mohammad Abedin-Nasab (Executive Officer/Director),021-559063,0002088958-25-000002,https://www.sec.gov/Archives/edgar/data/2088958/000208895825000002/
RoundPier Inc.,1811213,Cliffside Park,07010,Corporation,2020,True,Other,Decline to Disclose,2021-07-07,2021-07-20,False,175002.0,50003.0,4,True,False,06b,Grigoriy Zavorotniy (Executive Officer/Director); Lukas Harustiak (Director); Eric Borzino (Director),021-406879,0001811213-21-000001,https://www.sec.gov/Archives/edgar/data/1811213/000181121321000001/
Roxi Fantasy Gaming LLC,1913453,Chester,07930,Limited Liability Company,2017,True,Other,"$1 - $1,000,000",,2022-03-01,False,381250.0,381250.0,0,True,False,06b,Dan Pitluk (Executive Officer),021-435340,0001913453-22-000001,https://www.sec.gov/Archives/edgar/data/1913453/000191345322000001/
Royal Power Energy Inc,2055279,Garfield,07026,Corporation,overFiveYears,False,Energy Conservation,"$1 - $1,000,000",2019-12-02,2025-02-20,True,10000000.0,4708978.0,120,True,False,04,Frank Spano (Executive Officer),021-538574,0002055279-25-000004,https://www.sec.gov/Archives/edgar/data/2055279/000205527925000004/
"RunPod, Inc.",2002761,Moorestown,08057,Corporation,2022,True,Other Technology,Decline to Disclose,2023-11-20,2023-12-04,False,22512951.0,18517994.0,13,True,False,06b,Zhen Lu (Executive Officer/Director); Pardeep Singh (Executive Officer/Director),021-498692,0002002761-23-000001,https://www.sec.gov/Archives/edgar/data/2002761/000200276123000001/
"SG Zambrano Holdings, LLC",1905173,Brigantine,08203,Limited Liability Company,2021,True,Other Health Care,Decline to Disclose,2021-12-30,2022-01-19,False,1375000.0,1375000.0,30,True,False,06b,"Dr. Sami Webb (Director); N/A SSG Management, LLC (Promoter); Dr. Greg Nachajlan (Director); Dr. Anne Todd (Director)",021-429875,0001905173-22-000002,https://www.sec.gov/Archives/edgar/data/1905173/000190517322000002/
SNOCHIP INC,2102067,Princeton,08540,Corporation,2022,True,Other Technology,"$1,000,001 - $5,000,000",2024-12-27,2026-01-20,False,5000000.0,550000.0,3,False,True,06b,WeiTing Chen (Executive Officer); Qing Wang (Executive Officer),021-570471,0002102067-26-000001,https://www.sec.gov/Archives/edgar/data/2102067/000210206726000001/
"SOCAP Global, PBC",1786529,Princeton,08540,Corporation,overFiveYears,False,Other,Decline to Disclose,2022-06-22,2023-01-03,False,1500000.0,1500000.0,11,True,False,06b,Rodney Foxworth (Director); Geoff Davis (Director); Robert Munson (Executive Officer); Thomas Balderston (Executive Officer/Director); Lindsay Zizumbo (Executive Officer/Director),021-469368,0001786529-23-000001,https://www.sec.gov/Archives/edgar/data/1786529/000178652923000001/
"SOMERSET OUTPATIENT SURGERY, L.L.C.",1395142,Somerset,08873,Limited Liability Company,overFiveYears,False,Other Health Care,Decline to Disclose,,2021-07-21,False,190756.0,0.0,0,True,False,06b,Toni Ryan (Executive Officer/Director); Jack Pocorobba (Director); Edward Krisloff (Executive Officer/Director); Michael Harward (Director); Marco Ucciferri (Director),021-407210,0001395142-21-000001,https://www.sec.gov/Archives/edgar/data/1395142/000139514221000001/
"SOMERSET OUTPATIENT SURGERY, L.L.C.",1395142,Somerset,08873,Limited Liability Company,overFiveYears,False,Other Health Care,Decline to Disclose,,2022-11-29,False,724253.0,0.0,0,True,False,06b,"Michael Harward (Director); Edward Krisiloff, MD (Executive Officer/Director); Toni Ryan (Director); Jack Pocorobba (Executive Officer/Director); Marco Ucciferri, MD (Director)",021-465991,0001395142-22-000001,https://www.sec.gov/Archives/edgar/data/1395142/000139514222000001/
"SOMERSET OUTPATIENT SURGERY, L.L.C.",1395142,Somerset,08873,Limited Liability Company,overFiveYears,False,Other Health Care,Decline to Disclose,,2025-02-24,False,476000.0,0.0,0,True,False,06b,Marco Ucciferri (Director); Jose Guerrero (Director); Toni Ryan (Executive Officer/Director); Amanda Golkow (Director); Rae Aranas (Executive Officer/Director),021-539063,0001996131-25-000002,https://www.sec.gov/Archives/edgar/data/1395142/000199613125000002/
SOTS Development Ltd Liability Co,1991756,Mendham,07945,Limited Liability Company,2022,True,Other,Decline to Disclose,2022-09-14,2023-09-15,False,500000.0,22500.0,2,True,False,06b,Megan Rasmussen (Executive Officer/Promoter),021-492247,0001991756-23-000001,https://www.sec.gov/Archives/edgar/data/1991756/000199175623000001/
"SPROUT FOODS, INC",1427930,Montvale,07645,Corporation,overFiveYears,False,Other,Decline to Disclose,2021-02-10,2021-03-11,False,28000000.0,28000000.0,1,True,False,06b,Scott Stevens (Director); Houston Lane (Director); Phil Sanford (Director); Capp Culver (Executive Officer/Director); Joseph Cavaliere (Director),021-391982,0001427930-21-000004,https://www.sec.gov/Archives/edgar/data/1427930/000142793021000004/
"STANDARD EULER, INC.",1654483,Newark,07102,Corporation,overFiveYears,False,Other,Decline to Disclose,2022-04-25,2024-10-17,True,12783548.0,11283549.0,24,True,False,06b,Kenny Tay (Executive Officer/Director); Hector Macquarrie (Director); John Hein (Director); Daniel Myers (Executive Officer/Director); Sam Hasty (Director),021-443590,0001654483-24-000001,https://www.sec.gov/Archives/edgar/data/1654483/000165448324000001/
STR Innovation Corp.,2107604,New Brunswick,08901,Corporation,2025,True,Other,Decline to Disclose,2025-12-18,2026-03-18,False,3000000.0,586667.0,10,False,True,06b,Ariel Friedler (Director); Sean Belton-Knnard (Executive Officer/Director),021-576929,0002107604-26-000001,https://www.sec.gov/Archives/edgar/data/2107604/000210760426000001/
SVELTE MEDICAL SYSTEMS INC,1396555,New Providence,07974,Corporation,overFiveYears,False,Biotechnology,Decline to Disclose,2021-04-23,2021-05-06,False,10845671.0,5445363.0,17,True,False,06b,Robert Croce (Executive Officer/Director); Somu Subramaniam (Director); Richard Dakers (Director); Jack Darby (Executive Officer/Director); Robert Flanagan (Director),021-398487,0001396555-21-000001,https://www.sec.gov/Archives/edgar/data/1396555/000139655521000001/
"SXD, Inc.",1924918,Chatham Township,07928,Corporation,2022,True,Other Technology,Decline to Disclose,2022-04-04,2022-06-02,False,1200000.0,925000.0,8,False,False,06b,Shelly Xu (Executive Officer/Director),021-447770,0001924918-22-000001,https://www.sec.gov/Archives/edgar/data/1924918/000192491822000001/
Sabavi Home LLC,2000752,Hackensack,07601,Limited Liability Company,2021,True,Retailing,Decline to Disclose,2023-11-01,2023-11-22,False,1500000.0,1000000.0,15,True,False,06b,Hank Reinhart (Executive Officer); Steven Margulies (Executive Officer); Howard Blumenfeld (Executive Officer); Saul Kaszovitz (Executive Officer),021-497947,0002000752-23-000001,https://www.sec.gov/Archives/edgar/data/2000752/000200075223000001/
"SageCyber, Inc.",2020789,Tenafly,07670,Corporation,2024,True,Other Technology,Decline to Disclose,2024-04-08,2024-04-23,False,3849360.0,2849360.0,15,True,False,"06b, 3C, 3C.1",Avery More (Director); Mashe Ishai (Director); Ran Shahor (Director),021-511316,0002020789-24-000001,https://www.sec.gov/Archives/edgar/data/2020789/000202078924000001/
"Salad House Franchising, LLC",2120570,Westfield,07090,Limited Liability Company,overFiveYears,False,Restaurants,Decline to Disclose,2026-03-14,2026-03-20,False,2000000.0,2000000.0,1,True,False,06b,Giuseppe Cioffi (Executive Officer); Gerald Eicke (Executive Officer),021-577169,0002120570-26-000001,https://www.sec.gov/Archives/edgar/data/2120570/000212057026000001/
"Samsara Luggage, Inc.",1530163,Hackensack,07601,Corporation,overFiveYears,False,Other Technology,"$1 - $1,000,000",2021-04-06,2021-04-08,False,150000.0,150000.0,1,False,True,06b,Atara Dzikowski (Executive Officer/Director); David Dahan (Executive Officer/Director),021-395078,0001213900-21-020744,https://www.sec.gov/Archives/edgar/data/1530163/000121390021020744/
"Samsara Luggage, Inc.",1530163,Hackensack,07601,Corporation,overFiveYears,False,Other Technology,"$1 - $1,000,000",2021-06-07,2021-06-10,False,1250000.0,500000.0,1,False,True,06b,David Dahan (Executive Officer/Director); Atara Dzikowski (Executive Officer/Director),021-402363,0001213900-21-031815,https://www.sec.gov/Archives/edgar/data/1530163/000121390021031815/
Santiste Medical Inc.,1830849,Princeton,08549,Corporation,overFiveYears,False,Biotechnology,Decline to Disclose,2022-11-04,2023-03-24,False,,89000.0,8,True,False,06b,Walter Greenblatt (Executive Officer/Director); Mark Eisenach (Executive Officer/Director),021-476835,0001104659-23-036444,https://www.sec.gov/Archives/edgar/data/1830849/000110465923036444/
Scanifly Inc.,1840412,Hightstown,08520,Corporation,2018,True,Other Technology,Decline to Disclose,2020-12-29,2021-01-13,False,2272410.0,2272410.0,10,True,False,06b,John Novak (Executive Officer/Director); Marc Michel (Director); Jason Steinberg (Executive Officer/Director); Carey Makkay (Executive Officer); Eric Chapman (Director); Gregory Makkay (Executive Officer/Director),021-386208,0001192482-21-000057,https://www.sec.gov/Archives/edgar/data/1840412/000119248221000057/
Scanifly Inc.,1840412,Hightstown,08520,Corporation,2018,True,Other Technology,Decline to Disclose,2022-02-17,2022-03-17,False,12000002.0,10000002.0,8,True,False,06b,Eric Chapman (Director); Gregory Makkay (Executive Officer/Director); Jason Steinberg (Executive Officer/Director); Marc Michel (Director); John Novak (Executive Officer/Director),021-437759,0001878646-22-000009,https://www.sec.gov/Archives/edgar/data/1840412/000187864622000009/
"Scream Experiences, Inc.",1905705,Springfield,07081,Corporation,2021,True,Other,Decline to Disclose,2021-12-08,2022-12-28,False,2190000.0,2189961.0,29,True,False,06b,Jason Black (Executive Officer/Promoter); Eric Murphy (Executive Officer/Director/Promoter),021-468894,0001905705-22-000001,https://www.sec.gov/Archives/edgar/data/1905705/000190570522000001/
"Scream Experiences, Inc.",1905705,Springfield,07081,Corporation,2021,True,Other,Decline to Disclose,2022-12-21,2024-03-25,True,5045000.0,3419975.0,16,True,False,06b,Taryn Fixel (Director); Jason Black (Executive Officer/Director/Promoter); Eric Murphy (Executive Officer/Director/Promoter),021-468896,0001905705-24-000001,https://www.sec.gov/Archives/edgar/data/1905705/000190570524000001/
Screenverse Inc.,2021931,Cranford,07016,Corporation,2020,True,Other,Decline to Disclose,2024-04-30,2024-05-02,False,7500000.0,7500000.0,1,True,False,06b,Adam Malone (Director); Larry Cheng (Director); David Weinfeld (Executive Officer),021-512180,0002021931-24-000001,https://www.sec.gov/Archives/edgar/data/2021931/000202193124000001/
"Seashore Surgical Institute, L.L.C.",1693749,Brick,08724,Limited Liability Company,overFiveYears,False,Other Health Care,Decline to Disclose,,2022-06-27,False,780020.0,0.0,0,True,False,06b,"Barry Graf (Executive Officer); Nancy Easley-Mack (Director); Ralph Del Negro (Executive Officer/Director); Jennifer Romond (Director); Michael Pecoraro (Director); Bill Basri (Executive Officer/Director); Christopher Pomrink, MD (Director)",021-450330,0001693749-22-000001,https://www.sec.gov/Archives/edgar/data/1693749/000169374922000001/
"Sembly AI, Inc.",1779131,Closter,07624,Corporation,2018,True,Other Technology,"$1 - $1,000,000",2022-01-31,2022-04-19,True,1151398.0,1151398.0,7,True,False,06b,Gil Makleff (Executive Officer/Director/Promoter); Artem Koren (Executive Officer/Director); Jean-Luc Sola (Director),021-431479,0001779131-22-000003,https://www.sec.gov/Archives/edgar/data/1779131/000177913122000003/
Senteon Inc.,1917205,Matawan,07747,Corporation,2022,True,Other Technology,Decline to Disclose,2022-03-07,2023-05-30,True,650000.0,602041.0,5,True,False,06b,Henry Zhang (Executive Officer/Director); Lisa Calhoun (Director); Zach Kromkowski (Executive Officer); Cliff Chao (Executive Officer); Nicole Wraback (Director); Joger Rogers (Executive Officer); Chris Harris (Executive Officer),021-437327,0001917205-23-000001,https://www.sec.gov/Archives/edgar/data/1917205/000191720523000001/
Senteon Inc.,1917205,Matawan,07747,Corporation,2022,True,Other Technology,Decline to Disclose,2024-11-27,2024-12-11,False,2067395.0,2067395.0,6,True,False,06b,Chris Harris (Executive Officer); Ron Gula (Director); Henry Zhang (Executive Officer/Director),021-531693,0001917205-24-000002,https://www.sec.gov/Archives/edgar/data/1917205/000191720524000002/
"Sentrimed, Inc.",2014313,Mullica Hill,08062,Corporation,2023,True,Biotechnology,Decline to Disclose,2024-02-28,2024-03-07,False,1500000.0,500000.0,1,False,True,06b,Tabbetha Dobbins (Director); Mari Rhodehamel Yin (Executive Officer/Director); Arye Rosen (Executive Officer); William Ragatz (Executive Officer/Director); Jack Goldberg (Executive Officer/Director); Bradley Galer (Director); Gary Goldberg (Executive Officer); Christopher Leonard (Executive Officer),021-506906,0002014313-24-000001,https://www.sec.gov/Archives/edgar/data/2014313/000201431324000001/
Sevaro Health Inc,1966570,North Brunswick,08902,Corporation,2019,True,Other Technology,Decline to Disclose,2023-02-13,2023-02-28,False,11999992.0,10999991.0,1,True,False,06b,Rajiv Narula (Executive Officer/Director); Krishan Narula (Executive Officer/Director); Ajay Sharma (Director); Kapil Desai (Director),021-474503,0001966570-23-000001,https://www.sec.gov/Archives/edgar/data/1966570/000196657023000001/
Sevaro Health Inc,1966570,East Brunswick,08816,Corporation,overFiveYears,False,Other Technology,Decline to Disclose,2025-06-11,2025-06-30,True,39999963.0,34999972.0,3,True,False,06b,Krishan Narula (Executive Officer/Director); Ajay Sharma (Director); Kapil Desai (Director); Anna Haghgooie (Director); Dr. Rajiv Narula (Executive Officer/Director),021-549950,0001966570-25-000004,https://www.sec.gov/Archives/edgar/data/1966570/000196657025000004/
"Signal Insights, Inc.",1828233,North Caldwell,07006,Corporation,2019,True,Other,Decline to Disclose,2021-04-14,2021-04-22,False,100000.0,13700.0,1,False,False,06b,Keith Graham (Executive Officer/Director/Promoter),021-396805,0001828233-21-000001,https://www.sec.gov/Archives/edgar/data/1828233/000182823321000001/
Sigo Technologies Inc.,1913514,Lawrenceville,08648,Corporation,2017,True,Other,Decline to Disclose,2022-02-10,2022-02-25,False,6000000.0,5164000.0,13,True,False,06b,Nestor Solari (Executive Officer/Director); Julio Erdos (Executive Officer/Director); Rick Desai (Director),021-435070,0001913514-22-000001,https://www.sec.gov/Archives/edgar/data/1913514/000191351422000001/
"Silo Pharma, Inc.",1514183,Englewood Cliffs,07632,Corporation,overFiveYears,False,Pharmaceuticals,Decline to Disclose,2021-02-12,2021-02-22,False,4276000.0,4276000.0,47,True,False,06b,Wayne Linsley (Director); Kevin Munoz (Director); Eric Weisblum (Executive Officer/Director),021-390105,0001213900-21-010856,https://www.sec.gov/Archives/edgar/data/1514183/000121390021010856/
"SilverSphere SPV 1, a series of AM SPV FUND MANAGEMENT LLC",2011588,Wantage,07461,Limited Liability Company,2024,True,Other,Decline to Disclose,2024-04-30,2024-05-02,False,,50000.0,0,False,False,06c,Alyssa McEwen (Director); Josh Wagner (Executive Officer/Director),021-512208,0002011588-24-000001,https://www.sec.gov/Archives/edgar/data/2011588/000201158824000001/
Simply Pure Trenton NJ Inc,1936844,Ewing,08638,Corporation,2022,True,Other,Decline to Disclose,2022-12-01,2022-12-29,False,,750010.0,3,True,False,06b,Tahir Johnson (Executive Officer),021-469144,0001936844-22-000003,https://www.sec.gov/Archives/edgar/data/1936844/000193684422000003/
Sion Inc.,1944751,Oceanport,07757,Corporation,overFiveYears,False,Other Technology,Decline to Disclose,2022-08-31,2025-04-16,True,9199993.0,8349995.0,42,True,False,06b,IRVING BETESH (Executive Officer/Director); ANDY GREENFIELD (Director); ALFONS MUSRY (Executive Officer/Director),021-458404,0001944751-25-000001,https://www.sec.gov/Archives/edgar/data/1944751/000194475125000001/
"Sitetracker, Inc.",1711376,Montclair,07042,Corporation,overFiveYears,False,Other Technology,Decline to Disclose,2022-07-07,2022-10-19,False,70000000.0,66491167.0,9,True,False,06b,Giuseppe Incitti (Executive Officer/Director/Promoter); Colin Bryant (Director); Michael Creegan (Executive Officer); Scott Hilleboe (Director); Kevin Stevens (Director); John Tough (Director),021-462187,0001711376-22-000002,https://www.sec.gov/Archives/edgar/data/1711376/000171137622000002/
Skinny Flav LLC,1905672,Howell,07731,Limited Liability Company,overFiveYears,False,Retailing,"$1 - $1,000,000",2022-01-11,2022-03-11,False,500000.0,275000.0,4,False,True,06b,Kevin Carbone (Director),021-436916,0001905672-22-000003,https://www.sec.gov/Archives/edgar/data/1905672/000190567222000003/
Slaine Holdings LLC,1923090,Jersey City,07302,Limited Liability Company,overFiveYears,False,Other,Decline to Disclose,2022-04-01,2022-04-14,False,1250588.0,1250588.0,2,True,False,06b,Daniel Clark (Director); Jason Jacobs (Executive Officer); Colin Smith (Executive Officer); Craig Bissell (Executive Officer); Terrence McLean (Executive Officer/Director),021-441773,0001923090-22-000001,https://www.sec.gov/Archives/edgar/data/1923090/000192309022000001/
Slaine Holdings LLC,1923090,Jersey City,07302,Limited Liability Company,overFiveYears,False,Other,Decline to Disclose,2023-07-31,2023-08-14,False,1480533.0,1480533.0,1,True,False,06b,Colin Smith (Executive Officer); Daniel Clark (Director); Jason Jacobs (Executive Officer); Terrence McLean (Executive Officer/Director),021-489595,0001923090-23-000002,https://www.sec.gov/Archives/edgar/data/1923090/000192309023000002/
Slaine Holdings LLC,1923090,Jersey City,07302,Limited Liability Company,overFiveYears,False,Other,Decline to Disclose,2023-11-30,2023-12-12,False,1446102.0,1446102.0,3,True,False,06b,Jason Jacobs (Executive Officer); Colin Smith (Executive Officer); Daniel Clark (Director); Terrence McLean (Executive Officer/Director),021-499363,0001923090-23-000003,https://www.sec.gov/Archives/edgar/data/1923090/000192309023000003/
Slaine Holdings LLC,1923090,Jersey City,07302,Limited Liability Company,overFiveYears,False,Other,Decline to Disclose,2025-01-02,2025-01-14,False,1016575.0,1016575.0,2,True,False,06b,Daniel Clark (Director); Colin Smith (Executive Officer); Terrence McLean (Executive Officer/Director); Jason Jacobs (Executive Officer),021-535068,0001923090-25-000001,https://www.sec.gov/Archives/edgar/data/1923090/000192309025000001/
Slaine Holdings LLC,1923090,Jersey City,07302,Limited Liability Company,overFiveYears,False,Other,Decline to Disclose,2025-05-23,2025-05-29,False,31821112.0,31821112.0,7,True,False,06b,Jason Jacobs (Executive Officer); Terrence McLean (Executive Officer/Director); Daniel Clark (Director); Colin Smith (Executive Officer),021-547525,0001923090-25-000002,https://www.sec.gov/Archives/edgar/data/1923090/000192309025000002/
Slaine Holdings LLC,1923090,Jersey City,07302,Limited Liability Company,overFiveYears,False,Other,Decline to Disclose,2025-08-31,2025-09-08,False,254264.0,254264.0,1,True,False,06b,Jason Jacobs (Executive Officer); Daniel Clark (Director); Colin Smith (Executive Officer); Terrence McLean (Executive Officer/Director),021-556914,0001923090-25-000004,https://www.sec.gov/Archives/edgar/data/1923090/000192309025000004/
"Slaine Insurance Holdings, LLC",1981179,Jersey City,07302,Limited Liability Company,2021,True,Other,Decline to Disclose,2023-05-31,2023-06-12,False,10000000.0,10000000.0,1,True,False,06b,Travis Lewis (Executive Officer); Jason Jacobs (Executive Officer); Colin Smith (Executive Officer); Terrence McLean (Executive Officer/Director),021-483987,0001981179-23-000001,https://www.sec.gov/Archives/edgar/data/1981179/000198117923000001/
Slycedata Corp.,1892349,Red Bank,07701,Corporation,2021,True,Other Technology,"$1 - $1,000,000",2021-09-20,2021-11-05,False,4000000.0,1850000.0,15,True,False,06b,Christopher Harrison (Executive Officer),021-419956,0001892349-21-000001,https://www.sec.gov/Archives/edgar/data/1892349/000189234921000001/
Smooth Beverages Inc,1978606,Cliffside Park,07010,Corporation,2019,True,Other,Decline to Disclose,2021-10-14,2023-06-07,False,100000.0,100000.0,1,False,True,06b,Sandeep Premkumar (Executive Officer/Director),021-483516,0001978606-23-000005,https://www.sec.gov/Archives/edgar/data/1978606/000197860623000005/
Smooth Beverages Inc,1978606,Cliffside Park,07010,Corporation,2019,True,Other,Decline to Disclose,2022-02-21,2023-06-07,False,100000.0,100000.0,1,False,True,06b,Sandeep Premkumar (Executive Officer/Director),021-483512,0001978606-23-000004,https://www.sec.gov/Archives/edgar/data/1978606/000197860623000004/
Social Snowball Holdings Inc.,2014723,Fair Haven,07704,Corporation,2021,True,Other Technology,Decline to Disclose,2024-02-26,2024-03-08,False,430000.0,430000.0,2,True,False,06b,Noah Tucker (Executive Officer/Director),021-507123,0002014723-24-000001,https://www.sec.gov/Archives/edgar/data/2014723/000201472324000001/
"SocialSweet, Inc.",1719409,Port Murray,07865,Corporation,overFiveYears,False,Other Technology,Decline to Disclose,2021-01-07,2021-01-22,False,10000200.0,1150006.0,4,True,False,06b,Thomas Mizzone (Executive Officer/Director),021-387021,0001719409-21-000002,https://www.sec.gov/Archives/edgar/data/1719409/000171940921000002/
"SocialSweet, Inc.",1719409,Port Murray,07865,Corporation,2017,True,Other Technology,Decline to Disclose,2021-07-16,2021-07-29,False,15000004.0,1225000.0,2,True,False,06b,Lucas Cusimano (Director); Thomas Mizzone (Executive Officer/Director); Thomas Iacono (Director),021-408193,0001719409-21-000003,https://www.sec.gov/Archives/edgar/data/1719409/000171940921000003/
"SocialSweet, Inc.",1719409,Morristown,07960,Corporation,overFiveYears,False,Other Technology,Decline to Disclose,2021-11-19,2025-07-31,True,30000000.0,6781619.0,30,True,False,06b,Thomas Mizzone (Director/Executive Officer); Hunter Middleton (Director); Lucas Cusimano (Director),021-423556,0000911420-25-000249,https://www.sec.gov/Archives/edgar/data/1719409/000091142025000249/
Solar Intermodal Corp,1854388,Roseland,07068,Corporation,2021,True,Other Energy,No Revenues,2021-03-17,2021-04-06,False,38000.0,38000.0,5,True,False,06c,Robert Anderson (Executive Officer),021-394738,0001854388-21-000001,https://www.sec.gov/Archives/edgar/data/1854388/000185438821000001/
"Somadome, Inc",1855408,Florham Park,07932,Corporation,2021,True,Retailing,Decline to Disclose,,2021-04-22,True,100.0,0.0,0,True,False,06b,Sarah Attia (Executive Officer/Director),021-396248,0001855408-21-000001,https://www.sec.gov/Archives/edgar/data/1855408/000185540821000001/
"Sonnet BioTherapeutics Holdings, Inc.",1106838,Princeton,08540,Corporation,overFiveYears,False,Biotechnology,Decline to Disclose,2022-08-15,2022-08-19,False,2250000.0,2250000.0,5,True,False,06b,Albert Dyrness (Director); Raghu Rao (Director); Susan Dexter (Executive Officer); John Cini (Executive Officer); Jay Cross (Executive Officer); Pankaj Mohan (Executive Officer/Director); Donald Griffith (Director); Nailesh Bhatt (Director); Richard Kenny (Executive Officer),021-456399,0001493152-22-023618,https://www.sec.gov/Archives/edgar/data/1106838/000149315222023618/
"Sonnet BioTherapeutics Holdings, Inc.",1106838,Princeton,08540,Corporation,overFiveYears,False,Biotechnology,Decline to Disclose,2023-06-30,2023-07-17,False,2250000.0,2250000.0,1,True,False,06b,Pankaj Mohan (Executive Officer/Director); John Cini (Executive Officer); Raghu Rao (Director); Nailesh Bhatt (Director); Susan Dexter (Executive Officer); Donald Griffith (Director); Richard Kenny (Executive Officer); Albert Dyrness (Director); Jay Cross (Executive Officer),021-487073,0001493152-23-024684,https://www.sec.gov/Archives/edgar/data/1106838/000149315223024684/
"Sonnet BioTherapeutics Holdings, Inc.",1106838,Princeton,08540,Corporation,overFiveYears,False,Biotechnology,Decline to Disclose,2024-12-10,2024-12-23,False,3918000.0,3918000.0,4,True,False,06b,John Cini (Executive Officer); Albert Dyrness (Director); Nailesh Bhatt (Director); Pankaj Mohan (Executive Officer/Director); Donald Griffith (Director); Susan Dexter (Executive Officer); Richard Kenny (Executive Officer); Raghu Rao (Director); Jay Cross (Executive Officer); Lori McNeil (Director),021-533167,0001493152-24-051820,https://www.sec.gov/Archives/edgar/data/1106838/000149315224051820/
SoupCan Investment LLC,1795311,Lawrenceville,08648,Limited Liability Company,2019,True,Other,Decline to Disclose,2019-11-20,2021-01-11,True,20000000.0,8390000.0,22,True,False,06c,Xueying Li (Executive Officer),021-354656,0001795311-21-000001,https://www.sec.gov/Archives/edgar/data/1795311/000179531121000001/
South Crest Holdings LLC,2092324,Franklin Lakes,07417,Limited Liability Company,2025,True,Other,No Revenues,,2025-10-17,False,2800000.0,0.0,0,True,False,06b,Stephen Salvigsen (Executive Officer),021-561242,0002092324-25-000001,https://www.sec.gov/Archives/edgar/data/2092324/000209232425000001/
Spar Systems Inc.,1945414,Montvale,07645,Corporation,2022,True,Other Technology,Decline to Disclose,2022-08-30,2024-05-10,True,850000.0,516001.0,14,True,False,06b,Gaurav Bazaz (Executive Officer/Director); Rakesh Kaul (Director),021-458513,0001945414-24-000001,https://www.sec.gov/Archives/edgar/data/1945414/000194541424000001/
Spar Systems Inc.,1945414,Montvale,07645,Corporation,2022,True,Other Technology,Decline to Disclose,2024-12-05,2025-12-11,True,699999.0,545000.0,10,True,False,06b,Rakesh Kaul (Director); Gaurav Bazaz (Executive Officer/Director),021-531791,0001945414-25-000002,https://www.sec.gov/Archives/edgar/data/1945414/000194541425000002/
Sparta Biomedical Inc.,1901419,Madison,07940,Corporation,2019,True,Other Health Care,Decline to Disclose,2021-12-07,2022-01-07,False,5433331.0,5282391.0,53,True,False,06b,Ken Gall (Director); Dushyanth Surakanti (Executive Officer/Director); Dimitrios Angelis (Executive Officer/Director); Sean Fontenot (Director),021-428314,0001901419-22-000001,https://www.sec.gov/Archives/edgar/data/1901419/000190141922000001/
"Specialty Surgical Center, LLC/NJ",1704463,Sparta,07871,Limited Liability Company,overFiveYears,False,Other Health Care,Decline to Disclose,,2023-03-08,False,492283.0,0.0,0,True,False,06b,"David Festi (Director); Robert Cox (Director); Robert DeFalco, Jr., D.O. (Director); Richard Sharff, Jr. (Executive Officer); Stephen Koss, M.D. (Executive Officer); Kevin White (Director)",021-475243,0001704463-23-000001,https://www.sec.gov/Archives/edgar/data/1704463/000170446323000001/
"Specialty Surgical Center, LLC/NJ",1704463,Sparta,07871,Limited Liability Company,overFiveYears,False,Other Health Care,Decline to Disclose,,2025-07-16,False,246000.0,0.0,0,True,False,06b,Robert DeFalco (Executive Officer/Director); Meg Stagliano (Director); Robert Cox (Executive Officer/Director); Kevin White (Executive Officer/Director),021-552047,0001704463-25-000003,https://www.sec.gov/Archives/edgar/data/1704463/000170446325000003/
Spice Finance Inc.,1941849,Berkeley Heights,07922,Corporation,2022,True,Other,Decline to Disclose,2022-07-18,2022-08-25,False,1344650.0,914650.0,7,False,False,06b,Niyant Narang (Executive Officer/Director/Promoter); Duylinh Vu (Executive Officer/Director/Promoter); Jakub Janiak (Executive Officer/Director/Promoter),021-457064,0001941849-22-000002,https://www.sec.gov/Archives/edgar/data/1941849/000194184922000002/
Spice Finance Inc.,1941849,Berkeley Heights,07922,Corporation,2022,True,Other,Decline to Disclose,2024-10-24,2024-11-06,False,5693679.0,4692720.0,21,True,False,06b,JAKUB JANIAK (Executive Officer/Director/Promoter); NIYANT NARANG (Executive Officer/Director/Promoter); DUYLINH VU (Executive Officer/Director/Promoter),021-528799,0001914078-24-000001,https://www.sec.gov/Archives/edgar/data/1941849/000191407824000001/
Sporttrade Inc.,1875936,Camden,08103,Corporation,2018,True,Other,Decline to Disclose,2021-06-16,2021-08-04,False,26387513.0,26387513.0,26,True,False,06c,Thomas Wittman (Director); Alexander Kane (Executive Officer/Director); David Frohardt-Lane (Director),021-408789,0001875936-21-000001,https://www.sec.gov/Archives/edgar/data/1875936/000187593621000001/
"SpotitEarly, Inc.",2077992,Englewood,07631,Corporation,2024,True,Biotechnology,No Revenues,2025-07-21,2025-08-05,False,20000000.0,10000.0,1,True,False,06c,Alon Lifshitz (Director); Roi Ophir (Director/Promoter); Shlomi Madar (Executive Officer/Director/Promoter); Shai Lankry (Executive Officer/Director/Promoter); Assaf Ruf (Executive Officer); J. Lichtenfeld (Executive Officer); Ariel Dayan (Director),021-553660,0001004878-25-000006,https://www.sec.gov/Archives/edgar/data/2077992/000100487825000006/
"Spring Hills Holdings II, LLC",1856482,Edison,08337,Limited Liability Company,2020,True,Other,Decline to Disclose,2021-04-23,2021-10-06,True,200000000.0,7633000.0,66,True,False,06b,Alexander Markowits (Executive Officer),021-396542,0001567619-21-017958,https://www.sec.gov/Archives/edgar/data/1856482/000156761921017958/
Squid Ink Feature Film LLC,2027013,Sea Isle City,08243,Limited Liability Company,2024,True,Other,No Revenues,2024-05-07,2025-01-31,True,2000000.0,150000.0,2,True,False,06c,Nicholas Maurer (Executive Officer),021-516933,0002027013-25-000001,https://www.sec.gov/Archives/edgar/data/2027013/000202701325000001/
Stable Rock Solutions Blocker LLC,1988715,West New York,07093,Limited Liability Company,2023,True,Business Services,Decline to Disclose,,2023-08-03,False,,0.0,0,True,True,06b,Greg Farrington (Executive Officer/Promoter); Boris Onefater (Executive Officer/Promoter),021-488660,0000919574-23-004298,https://www.sec.gov/Archives/edgar/data/1988715/000091957423004298/
Stable Rock Solutions LLC,1987387,West New York,07093,Limited Liability Company,2022,True,Business Services,Decline to Disclose,,2023-08-01,False,,0.0,0,True,False,06b,Boris Onefater (Executive Officer/Promoter); Greg Farrington (Executive Officer/Promoter),021-488428,0000919574-23-004258,https://www.sec.gov/Archives/edgar/data/1987387/000091957423004258/
Stark Lab Inc.,1913912,Princeton,08540,Corporation,2020,True,Other Technology,Decline to Disclose,2022-02-11,2022-02-28,False,8014936.0,8014936.0,36,True,False,06b,Andrew McLoughlin (Director); Michael Fouquet (Executive Officer/Director); Catherine Noone (Executive Officer/Director),021-435216,0001913912-22-000001,https://www.sec.gov/Archives/edgar/data/1913912/000191391222000001/
Starton Therapeutics Inc.,1743192,Paramus,07652,Corporation,2017,True,Biotechnology,Decline to Disclose,2021-03-03,2021-05-26,False,77597.0,77597.0,5,True,False,06b,PEDRO LICHTINGER (Executive Officer/Director); KENNETH ANDERSON (Director); MOHAMAD HUSSEIN (Director); FOTIOS PLAKOGIANNIS (Director); KEITH DARRAGH (Executive Officer); ERIC BAUM (Director); CIDNEE VAYKOVICH (Executive Officer); LITSA PERPERIDIS (Promoter); ROY WALDRON (Director); NITIN KAUSHAL (Director),021-400736,0001743192-21-000003,https://www.sec.gov/Archives/edgar/data/1743192/000174319221000003/
Starton Therapeutics Inc.,1743192,Paramus,07652,Corporation,2017,True,Pharmaceuticals,Decline to Disclose,2021-10-19,2021-11-22,False,1145375.0,1145375.0,39,True,False,06b,Eric Baum (Director); Pedro Waisman (Executive Officer/Director); Cidnee Vaykovich (Executive Officer/Director); Keith Darragh (Executive Officer); Fotios Plakogiannis (Director); Mohamad Hussein (Director); Roy Waldron (Director); Asher Chanan-Khan (Director); Kenneth Anderson (Director); Nitin Kaushal (Director),021-421938,0001743192-21-000004,https://www.sec.gov/Archives/edgar/data/1743192/000174319221000004/
Starton Therapeutics Inc.,1743192,Paramus,07652,Corporation,overFiveYears,False,Pharmaceuticals,Decline to Disclose,2022-02-11,2022-02-16,False,1145350.0,1145350.0,9,True,False,06b,Kenneth Anderson (Director); Keith Darragh (Executive Officer); Fotios Plakogiannis (Director); Eric Baum (Director); Cidnee Vaykovich (Executive Officer/Director); Roy Waldron (Director); Asher Chanan-Khan (Director); Mohamad Hussein (Director); Pedro Waisman (Executive Officer/Director); Nitin Kaushal (Director),021-433858,0001743192-22-000001,https://www.sec.gov/Archives/edgar/data/1743192/000174319222000001/
Starton Therapeutics Inc.,1743192,Paramus,07652,Corporation,overFiveYears,False,Biotechnology,Decline to Disclose,2023-01-18,2023-01-25,False,1023417.0,1023417.0,11,True,False,06b,Fotios Plakogiannis (Director); Nitin Kaushal (Director); Jamie Oliver (Executive Officer); Moses Dodo (Director); Asher Chanan-Khan (Director); Roy Waldron (Director); Pedro Lichtinger Waisman (Executive Officer/Director); Cidnee Vaykovich (Executive Officer); Eric Baum (Director); Mohamad Hussein (Director); Kenneth Anderson (Director),021-471707,0001743192-23-000001,https://www.sec.gov/Archives/edgar/data/1743192/000174319223000001/
Starton Therapeutics Inc.,1743192,Paramus,07652,Corporation,overFiveYears,False,Biotechnology,Decline to Disclose,2023-03-31,2023-04-13,False,1443520.0,1443520.0,7,True,False,06b,Mohamad Hussein (Director); Jamie Oliver (Executive Officer); Moses Dodo (Director); Kenneth Anderson (Director); Fotios Plakogiannis (Director); Roy Waldron (Director); Pedro Lichtinger Waisman (Executive Officer/Director); Asher Chanan-Khan (Director); Scott Kahn (Executive Officer); Eric Baum (Director); Nitin Kaushal (Director),021-478753,0001743192-23-000002,https://www.sec.gov/Archives/edgar/data/1743192/000174319223000002/
Starton Therapeutics Inc.,1743192,Paramus,07652,Corporation,overFiveYears,False,Biotechnology,Decline to Disclose,2023-10-01,2023-10-13,False,970930.0,970930.0,8,True,False,06b,Mohamad Hussein (Director); Jamie Oliver (Executive Officer); Moses Dodo (Director); Scott Kahn (Executive Officer); Pedro Lichtinger Waisman (Executive Officer/Director); Fotios Plakogiannis (Director); Nitin Kaushal (Director); Roy Waldron (Director); Kenneth Anderson (Director); Asher Chanan-Khan (Director); Eric Baum (Director),021-494724,0001743192-23-000003,https://www.sec.gov/Archives/edgar/data/1743192/000174319223000003/
Starton Therapeutics Inc.,1743192,Paramus,07652,Corporation,overFiveYears,False,Biotechnology,Decline to Disclose,2024-10-10,2024-10-22,False,2126035.0,2126035.0,16,True,False,06b,Scott Kahn (Executive Officer); Nitin Kaushal (Director); Mohamad Hussein (Director); Eric Baum (Director); Roy Waldron (Director); Asher Chanan-Khan (Director); Pedro Lichtinger Waisman (Executive Officer/Director); Kenneth Anderson (Director); Moses Dodo (Director); Fotios Plakogiannis (Director); Jamie Oliver (Executive Officer),021-527514,0001743192-24-000001,https://www.sec.gov/Archives/edgar/data/1743192/000174319224000001/
"Stateside Title Company, LLC",2115473,Marlton,08053,Limited Liability Company,2025,True,Other,Decline to Disclose,2026-03-03,2026-03-09,False,72000.0,72000.0,18,True,False,06b,"N/A Fenix Holdings, LLC (Director)",021-575804,0002115473-26-000001,https://www.sec.gov/Archives/edgar/data/2115473/000211547326000001/
Stewarts Enterprises Holdings Inc.,1860320,Lincroft,07738,Corporation,2021,True,Retailing,Decline to Disclose,,2021-05-06,False,10000000.0,0.0,0,True,False,06b,Barry Woods (Director); Peter Strahm (Executive Officer/Director); Paul Rachmuth (Executive Officer/Director); Joseph Poli (Executive Officer/Director); Barrie Clapham (Director); Frank Rubba (Executive Officer/Director),021-398452,0001860320-21-000001,https://www.sec.gov/Archives/edgar/data/1860320/000186032021000001/
Stewarts Enterprises Holdings Inc.,1860320,Lincroft,07738,Corporation,2021,True,Retailing,Decline to Disclose,2022-12-16,2023-01-13,False,7284000.0,5119342.0,23,True,True,06b,Gregory Carrico (Executive Officer/Director); Barry Woods (Director); Paul Rachmuth (Executive Officer/Director); Barrie Clapham (Director); Anthony Gaines (Executive Officer/Director),021-470646,0001860320-23-000001,https://www.sec.gov/Archives/edgar/data/1860320/000186032023000001/
Stone Hill Holdings LLC,1946795,Pennington,08534,Limited Liability Company,2020,True,Agriculture,No Revenues,2022-09-28,2022-10-13,False,1630000.0,1630000.0,5,True,False,06b,Robert Piasio (Executive Officer/Director/Promoter),021-461591,0001946795-22-000004,https://www.sec.gov/Archives/edgar/data/1946795/000194679522000004/
"Story Legacy, LLC",1891383,Fair Haven,07704,Limited Liability Company,2021,True,Other,Decline to Disclose,2021-11-05,2021-11-18,False,300000.0,27500.0,6,False,False,06b,Christopher Brace (Executive Officer/Director),021-421686,0001891383-21-000002,https://www.sec.gov/Archives/edgar/data/1891383/000189138321000002/
"Sunflow, Inc.",1899679,Short Hills,07078,Corporation,2019,True,Other,Decline to Disclose,2021-12-03,2021-12-16,False,3500000.0,3500000.0,23,False,True,06b,Greg Besner (Executive Officer/Director); Leslie Besner (Director),021-425281,0001899679-21-000001,https://www.sec.gov/Archives/edgar/data/1899679/000189967921000001/
Sunray Scientific Inc.,2030956,Eatontown,07724,Corporation,2020,True,Other,Decline to Disclose,2024-07-14,2024-07-26,False,2000000.0,845232.0,41,False,False,06b,Andrew Stemmermann (Director); Steve Socolof (Director); Madhu Stemmermann (Executive Officer/Director),021-519815,0002030956-24-000001,https://www.sec.gov/Archives/edgar/data/2030956/000203095624000001/
Surefire Cyber Inc.,1907654,Summit,07901,Corporation,2021,True,Other Technology,Decline to Disclose,2022-01-21,2022-09-30,True,9999998.0,9999998.0,3,True,False,06b,Andrew McClure (Director); Donald Dixon (Director); Cynthia Gula (Director); Mark Greisiger (Director); William Gouveia (Executive Officer/Director),021-431694,0001907654-22-000002,https://www.sec.gov/Archives/edgar/data/1907654/000190765422000002/
Synchrony Medical Inc.,2085429,Jersey City,07305,Corporation,2025,True,Biotechnology,Decline to Disclose,2025-08-19,2026-03-10,True,4300000.0,4300000.0,12,True,False,06b,Kevin Kotler (Director); Eileen Ke (Director); Anat Shani (Executive Officer/Director); Elad Dushack (Director); Shai Policker (Director),021-557468,0002085429-26-000002,https://www.sec.gov/Archives/edgar/data/2085429/000208542926000002/
Syndicate Venture Group LLC,1977284,Manalapan,07726,Limited Liability Company,2021,True,Construction,Decline to Disclose,,2023-05-12,False,10000000.0,0.0,0,True,False,06c,Renan Cortez (Executive Officer),021-481563,0001977284-23-000001,https://www.sec.gov/Archives/edgar/data/1977284/000197728423000001/
"Synergy Pet Group, Inc.",1976163,Lakewood,08701,Corporation,2023,True,Other,Decline to Disclose,2023-04-21,2023-05-03,False,18499954.0,18499954.0,1,True,False,06b,Rochel Ostreicher (Executive Officer/Director); Haskell Nebenzahl (Executive Officer/Director); Matthew Koven (Director),021-480722,0001976163-23-000001,https://www.sec.gov/Archives/edgar/data/1976163/000197616323000001/
Syr Corp.,1896732,Jersey City,07307,Corporation,2021,True,Other,Not Applicable,2023-06-02,2023-06-20,False,2410000.0,2410000.0,10,True,False,06b,Thiha Min (Executive Officer/Director); Robert Latt (Executive Officer/Director); Andrew Steinwold (Director),021-484590,0001896732-23-000003,https://www.sec.gov/Archives/edgar/data/1896732/000189673223000003/
Syr Corp.,1896732,Jersey City,07307,Corporation,2021,True,Other,Not Applicable,2024-04-08,2024-04-11,False,2829991.0,2829991.0,17,True,False,06b,Robert Latt (Executive Officer/Director); Thiha Min (Executive Officer/Director); Andrew Steinwold (Director),021-510284,0001896732-24-000001,https://www.sec.gov/Archives/edgar/data/1896732/000189673224000001/
Syr Corp.,1896732,Jersey City,07307,Corporation,2021,True,Other,Decline to Disclose,2025-05-21,2025-06-04,False,880000.0,772237.0,11,False,False,06b,Andrew Steinwold (Director); Robert Latt (Executive Officer/Director); Thiha Min (Executive Officer/Director),021-547981,0001896732-25-000001,https://www.sec.gov/Archives/edgar/data/1896732/000189673225000001/
"TB FUND 1, LLC",1944059,Livingston,07039,Limited Liability Company,2021,True,Other Banking and Financial Services,Decline to Disclose,2023-06-09,2025-12-05,True,30000000.0,9277888.0,125,True,False,06c,"ADITYA TRIVEDI (Executive Officer/Director); SUMIT SARAF (Executive Officer/Director); n/a TB Fund Manager, LLC (Executive Officer)",021-458720,0001944059-25-000002,https://www.sec.gov/Archives/edgar/data/1944059/000194405925000002/
TB Fund 2 LLC,2000825,Livingston,07039,Limited Liability Company,2023,True,Business Services,Decline to Disclose,2023-12-08,2025-12-05,True,10000000.0,4264500.0,43,False,True,06c,"n/a TB Fund Manager, LLC (Executive Officer); Aditya Trivedi (Executive Officer); Sumit Saraf (Executive Officer)",021-497122,0002000825-25-000003,https://www.sec.gov/Archives/edgar/data/2000825/000200082525000003/
TERRACYCLE INC,1435849,Trenton,08638,Corporation,overFiveYears,False,Other,Decline to Disclose,2024-09-03,2024-09-18,False,800000.0,800000.0,2,True,False,06b,David Zaiken (Director); Thomas Szaky (Executive Officer/Director); Brett Johnson (Director); Richard Perl (Executive Officer); Daniel Rosen (Executive Officer); Veronique Cremades-Mathis (Director); Steven Russo (Director); Damian Finio (Executive Officer),021-524346,0001435849-24-000003,https://www.sec.gov/Archives/edgar/data/1435849/000143584924000003/
"TETmedical, Inc.",1980705,Fair Haven,07704,Corporation,2021,True,Other Health Care,Decline to Disclose,2023-05-31,2023-06-13,False,3564510.0,2461986.0,70,True,False,06b,Christine Bunt (Director); David Fischell (Executive Officer/Director); Alex Travis (Director); John Conley (Director); Roy Cohen (Director),021-484033,0001980705-23-000001,https://www.sec.gov/Archives/edgar/data/1980705/000198070523000001/
TLA Innovation Inc.,1914194,Paramus,07652,Corporation,2020,True,Other Technology,Decline to Disclose,2022-02-08,2022-06-08,False,,450000.0,4,True,False,06b,Benjamin Massin (Executive Officer); Ruperto Roman (Executive Officer),021-448463,0001567619-22-012502,https://www.sec.gov/Archives/edgar/data/1914194/000156761922012502/
TLE MFG LLC,2004454,Clifton,07013,Limited Liability Company,2023,True,Business Services,Decline to Disclose,2023-12-01,2023-12-15,False,10000000.0,20000.0,1,False,True,04.2,Raymond Riga (Executive Officer/Director),021-499774,0002004454-23-000001,https://www.sec.gov/Archives/edgar/data/2004454/000200445423000001/
TLEHL Inc.,2004447,Clifton,07013,Corporation,2022,True,Manufacturing,Decline to Disclose,2023-12-04,2023-12-15,False,10000000.0,20000.0,1,False,True,04.2,Raymond Riga (Executive Officer/Director),021-499775,0002004447-23-000001,https://www.sec.gov/Archives/edgar/data/2004447/000200444723000001/
TNA Therapeutics Inc.,1919837,Ridgewood,07450,Corporation,2021,True,Biotechnology,No Revenues,,2022-03-28,False,1600000.0,0.0,0,False,False,06b,Nicholas Puro (Director); Thomas Knapp (Executive Officer); Luke Piggott (Executive Officer),021-439121,0001919837-22-000001,https://www.sec.gov/Archives/edgar/data/1919837/000191983722000001/
"TRIPWORKS, INC.",2000143,Morristown,07960,Corporation,2020,True,Other Technology,Decline to Disclose,,2024-01-23,True,4401000.0,0.0,0,True,False,06b,AARON FESSLER (Executive Officer),021-496799,0002000143-24-000001,https://www.sec.gov/Archives/edgar/data/2000143/000200014324000001/
"TRIPWORKS, INC.",2000143,Morristown,07960,Corporation,2020,True,Other Technology,Decline to Disclose,,2025-09-04,False,6000000.0,0.0,0,True,False,06b,Aaron Fessler (Executive Officer),021-556654,0002000143-25-000001,https://www.sec.gov/Archives/edgar/data/2000143/000200014325000001/
TRUE HEALTH INC.,1804472,Fair Lawn,07410,Corporation,2018,True,Other Health Care,Decline to Disclose,2021-01-28,2021-02-12,False,10000000.0,10000000.0,43,True,False,06b,GENESIS GUANGA (Director); SA DONG (Director); GEORGE CHI (Executive Officer/Director),021-389304,0001804472-21-000002,https://www.sec.gov/Archives/edgar/data/1804472/000180447221000002/
"TRUELASTIN LABORATORIES, INC.",1756883,Chatham,07928,Corporation,overFiveYears,False,Other Health Care,Decline to Disclose,2022-06-27,2022-08-05,False,6000000.0,1280000.0,12,True,False,06b,"Steve Andrzejewski (Executive Officer/Director); Bartholomew Zoni, III (Executive Officer); Yury Zhivilo (Director); Thomas Ford (Executive Officer); Mark Sheridan (Executive Officer); Gurgen Melkumov (Director); Vitaly Suslov (Director); Vladimir Grinyuk (Director)",021-455031,0001756883-22-000001,https://www.sec.gov/Archives/edgar/data/1756883/000175688322000001/
"Talk Dog, Inc.",2070435,Little Falls,07424,Corporation,2022,True,Other Technology,Decline to Disclose,2023-05-31,2025-06-17,False,1000000.0,633333.0,2,True,False,06b,David Muriello (Executive Officer/Director),021-549193,0002070435-25-000001,https://www.sec.gov/Archives/edgar/data/2070435/000207043525000001/
Team Car Wash Holdings LLC,1925965,Westfield,07090,Limited Liability Company,2022,True,Other,Decline to Disclose,2022-05-31,2022-06-01,False,23000000.0,0.0,5,True,True,06c,Thomas Fuller (Executive Officer),021-447674,0001925965-22-000001,https://www.sec.gov/Archives/edgar/data/1925965/000192596522000001/
TearClear Corp.,1706975,Princeton,08540,Corporation,overFiveYears,False,Pharmaceuticals,Decline to Disclose,2023-06-29,2023-07-13,False,15961748.0,11764262.0,70,True,False,06b,Richard Heinick (Director); Tyler Stowater (Director); Stuart Raetzman (Director); Srini Venkatesh (Executive Officer); Richard Harrison (Executive Officer); William Link (Director); Jeffry Weinhuff (Director),021-486781,0001706975-23-000001,https://www.sec.gov/Archives/edgar/data/1706975/000170697523000001/
"Textnology, Inc.",1853468,Roseland,07068,Corporation,2020,True,Other Technology,"$1 - $1,000,000",2021-03-10,2021-03-25,False,1000000.0,500000.0,15,False,True,06b,Chris Tiffin (Executive Officer),021-393529,0001853468-21-000001,https://www.sec.gov/Archives/edgar/data/1853468/000185346821000001/
"Textnology, Inc.",1853468,Roseland,07068,Corporation,2020,True,Other Technology,Decline to Disclose,2024-02-23,2024-03-07,False,8105445.0,7788064.0,52,True,False,06b,Chris Tiffin (Executive Officer/Director),021-506911,0001853468-24-000003,https://www.sec.gov/Archives/edgar/data/1853468/000185346824000003/
Texture Corp.,1988123,Short Hills,07078,Corporation,2023,True,Other Technology,Decline to Disclose,2023-06-13,2023-08-16,False,2265090.0,2250087.0,13,True,False,06b,Nicholas Brown (Executive Officer); Victor Quinn (Executive Officer); Sanjiv Sanghavi (Executive Officer/Director); Rick Zullo (Director),021-489854,0001988123-23-000001,https://www.sec.gov/Archives/edgar/data/1988123/000198812323000001/
Texture Corp.,1988123,Short Hills,07078,Corporation,2023,True,Other Technology,Decline to Disclose,2023-12-04,2023-12-20,False,5000000.0,4979991.0,9,True,False,06b,Sanjiv Sanghavi (Executive Officer/Director); Rick Zullo (Director); Victor Quinn (Executive Officer); Nicholas Brown (Executive Officer),021-500206,0001988123-23-000002,https://www.sec.gov/Archives/edgar/data/1988123/000198812323000002/
"Tharimmune, Inc.",1861657,Bridgewater,08807,Corporation,overFiveYears,False,Biotechnology,Decline to Disclose,2024-06-18,2024-06-28,False,2084160.0,2084160.0,5,True,False,06b,Randy Milby (Executive Officer/Director); Kelly Anderson (Director); Leonard Mazur (Director); Sireesh Appajosyula (Executive Officer/Director); Thomas Hess (Executive Officer); Lynne Bui (Director),021-517415,0001493152-24-025662,https://www.sec.gov/Archives/edgar/data/1861657/000149315224025662/
"Tharimmune, Inc.",1861657,Bridgewater,08807,Corporation,overFiveYears,False,Biotechnology,Decline to Disclose,2024-12-09,2024-12-17,False,2020000.0,2020000.0,7,True,False,06b,Thomas Hess (Executive Officer); Sireesh Appajosyula (Executive Officer/Director); Lynne Bui (Director); Sanam Parikh (Director); Leonard Mazur (Director); Kelly Anderson (Director); Randy Milby (Executive Officer/Director),021-532392,0001493152-24-050415,https://www.sec.gov/Archives/edgar/data/1861657/000149315224050415/
"Tharimmune, Inc.",1861657,Red Bank,07701,Corporation,overFiveYears,False,Biotechnology,Decline to Disclose,2025-06-13,2025-07-07,False,2500000.0,2500000.0,30,True,False,06b,Clay Kahler (Director); James Liddy (Director); Sireesh Appajosyula (Executive Officer/Director); Gary Stetz (Director); Sanam Parikh (Director); Vincent LoPriore (Executive Officer/Director),021-550873,0001641172-25-018011,https://www.sec.gov/Archives/edgar/data/1861657/000164117225018011/
Therapute Inc.,1926021,Bridgewater,08807,Corporation,2021,True,Other Technology,Decline to Disclose,2021-10-08,2022-07-15,False,185000.0,185000.0,2,False,False,06b,Maggie Rose Macar (Executive Officer),021-452599,0001926021-22-000001,https://www.sec.gov/Archives/edgar/data/1926021/000192602122000001/
Therapute Inc.,1926021,Bridgewater,08807,Corporation,2021,True,Other Technology,Decline to Disclose,2022-06-04,2022-07-18,False,,100000.0,1,False,False,06b,Maggie Rose Macar (Executive Officer),021-452784,0001926021-22-000002,https://www.sec.gov/Archives/edgar/data/1926021/000192602122000002/
"Think Alpha Holdings, Inc.",2017804,Princeton,08542,Corporation,overFiveYears,False,Other Technology,Decline to Disclose,2023-12-29,2024-03-29,False,16533319.0,16533319.0,8,True,False,06b,Raymond Holland (Director); Omar Kathwari (Executive Officer/Director),021-509129,0002017804-24-000001,https://www.sec.gov/Archives/edgar/data/2017804/000201780424000001/
"Think-12, Inc.",1937163,Bernardsville,07924,Corporation,2022,True,Other,Decline to Disclose,2022-06-07,2022-07-19,False,100000.0,100000.0,1,True,False,06b,Peter Kraft (Executive Officer/Director),021-452836,0001937163-22-000001,https://www.sec.gov/Archives/edgar/data/1937163/000193716322000001/
"Thoclor US, Inc.",2109348,Florham Park,07932,Corporation,2026,True,Biotechnology,Decline to Disclose,2026-02-04,2026-02-12,False,500000.0,225000.0,3,False,False,06b,Stuart Russell (Director); Tim Ayers (Director); Mark Rattray (Executive Officer/Director); Tom Hadley (Executive Officer/Director); Hennie Roos (Director),021-573399,0002109348-26-000002,https://www.sec.gov/Archives/edgar/data/2109348/000210934826000002/
"Thrombolex, Inc.",1703764,Kingston,08528,Corporation,2016,True,Other Health Care,"$1 - $1,000,000",2021-11-15,2021-11-29,False,5020779.0,5020779.0,46,True,False,06b,Paul Stewart (Director); Michael Cerminaro (Executive Officer/Director); Brian Firth (Executive Officer/Director); Todd Richmond (Director); John Cerminaro (Executive Officer); Marvin Woodall (Executive Officer/Director),021-422724,0001703764-21-000001,https://www.sec.gov/Archives/edgar/data/1703764/000170376421000001/
"Thrombolex, Inc.",1703764,Kingston,08528,Corporation,overFiveYears,False,Other Health Care,Decline to Disclose,2022-07-28,2022-08-30,False,2015761.0,2015761.0,50,True,False,06b,Marvin Woodall (Executive Officer/Director); Paul Stewart (Director); Michael Cerminaro (Executive Officer/Director); John Cerminaro (Executive Officer); Todd Richmond (Director); Brian Firth (Executive Officer/Director),021-457339,0001703764-22-000001,https://www.sec.gov/Archives/edgar/data/1703764/000170376422000001/
"Thrombolex, Inc.",1703764,Kingston,08528,Corporation,overFiveYears,False,Other Health Care,Decline to Disclose,2023-06-01,2024-05-28,False,4839829.0,4839829.0,56,True,False,06b,Tony Litwiller (Executive Officer); Paul Stewart (Director); Marvin Woodall (Director); Kelly Elliott (Director); John Cerminaro (Executive Officer); Michael Cerminaro (Executive Officer/Director); Todd Richmond (Director),021-514363,0001703764-24-000001,https://www.sec.gov/Archives/edgar/data/1703764/000170376424000001/
"Thrombolex, Inc.",1703764,Kingston,08528,Corporation,overFiveYears,False,Other Health Care,Decline to Disclose,2024-06-04,2024-06-21,False,5000000.0,1160000.0,5,False,True,06b,John Cerminaro (Executive Officer); Marvin Woodall (Director); Kelly Elliott (Director); Todd Richmond (Director); Michael Cerminaro (Executive Officer/Director); Tony Litwiller (Executive Officer); Paul Stewart (Director),021-516611,0001703764-24-000002,https://www.sec.gov/Archives/edgar/data/1703764/000170376424000002/
"Thrombolex, Inc.",1703764,Kingston,08528,Corporation,overFiveYears,False,Other Health Care,Decline to Disclose,2026-02-26,2026-03-12,False,51105000.0,32775000.0,22,True,False,06b,David Bonita (Director); Keegan Harper (Director); Paul Stewart (Director); Sam Liang (Director); Marvin Woodall (Executive Officer/Director); John Cerminaro (Executive Officer); Clay DeMarcus (Director); Michael Cerminaro (Executive Officer/Director),021-576293,0001703764-26-000003,https://www.sec.gov/Archives/edgar/data/1703764/000170376426000003/
"Throtle, Inc.",1723887,Red Bank,07701,Corporation,overFiveYears,False,Other Technology,Decline to Disclose,2023-03-22,2023-03-24,False,36350000.0,36350000.0,2,True,True,06b,Paul Chachko (Executive Officer/Director); David Moore (Director); David Kirwan (Director); Bruce Biegel (Director),021-476806,0001723887-23-000001,https://www.sec.gov/Archives/edgar/data/1723887/000172388723000001/
"Throtle, Inc.",1723887,Red Bank,07701,Corporation,overFiveYears,False,Other Technology,Decline to Disclose,2024-08-28,2024-09-11,False,,2139392.0,12,False,False,06b,Mary Jordan (Executive Officer); Paul Chachko (Executive Officer/Director); Bruce Biegel (Director); David Kirwan (Director); Robert Brooks (Executive Officer); Christopher Neuner (Executive Officer); David Ridore (Executive Officer); David Moore (Director); Christopher French (Director),021-523747,0001723887-24-000002,https://www.sec.gov/Archives/edgar/data/1723887/000172388724000002/
Tiger Biotherapeutics Inc.,1972279,Cranbury,08512,Corporation,2023,True,Other Technology,Decline to Disclose,2023-03-23,2023-04-05,False,22000230.0,20000230.0,4,True,False,06b,Jie FAN (Executive Officer/Director); Quan ZHOU (Director); Bihua Chen (Director),021-477994,0001972279-23-000001,https://www.sec.gov/Archives/edgar/data/1972279/000197227923000001/
"Timber Pharmaceuticals, Inc.",1504167,Basking Ridge,07920,Corporation,overFiveYears,False,Pharmaceuticals,Decline to Disclose,2022-10-03,2022-10-11,False,,0.0,2,True,False,06b,Joseph Lucchese (Executive Officer); Alan Mendelsohn (Executive Officer); Edward Sitar (Director); David Cohen (Director); Lubor Gaal (Director); John Koconis (Executive Officer/Director); Gianluca Pirozzi (Director),021-461387,0001104659-22-107710,https://www.sec.gov/Archives/edgar/data/1504167/000110465922107710/
Top Shelf Title Agency LLC,1958246,Roseland,07068,Limited Liability Company,overFiveYears,False,Other,Decline to Disclose,2022-11-30,2022-12-14,False,40000.0,12800.0,8,True,False,06b,Dan Merlino (Director),021-467387,0001958246-22-000001,https://www.sec.gov/Archives/edgar/data/1958246/000195824622000001/
"Towns Of, Inc.",2030313,Newark,07102,Corporation,2024,True,Business Services,"$1 - $1,000,000",2024-07-01,2024-07-15,False,,30000.0,3,False,False,06b,Graham Colligan (Executive Officer),021-518815,0002030313-24-000003,https://www.sec.gov/Archives/edgar/data/2030313/000203031324000003/
"Transcend Software, Inc.",1863212,West Windsor,08550,Corporation,2019,True,Other,Decline to Disclose,2021-05-07,2021-05-21,False,9500003.0,9500003.0,4,True,False,06b,John Haesler (Director); Ari Raivetz (Executive Officer/Director); Kip Frey (Director); Alexander Crowell (Director); Julia Sohajda (Director); Tien Sieh (Director),021-400222,0001567619-21-010867,https://www.sec.gov/Archives/edgar/data/1863212/000156761921010867/
"Trashmitter, LLC",1871487,Pine Brook,07058,Limited Liability Company,2021,True,Other Technology,Decline to Disclose,2021-07-11,2021-07-30,False,250000.0,72500.0,4,True,False,06b,Jason Centeno (Executive Officer),021-408279,0000908834-21-000028,https://www.sec.gov/Archives/edgar/data/1871487/000090883421000028/
"TreadStone Technologies, Inc.",2092565,Monmouth Junction,08852,Corporation,overFiveYears,False,Other Technology,Decline to Disclose,2025-10-15,2025-10-24,False,2000000.0,910000.0,12,True,False,06b,Carl Glaeser (Director); Gerald DeCuollo (Executive Officer/Director); Anthony Rickert (Director); Michael Kelley (Director); Conghua Wang (Executive Officer/Director),021-561928,0002092565-25-000001,https://www.sec.gov/Archives/edgar/data/2092565/000209256525000001/
TrialKit Inc.,2034872,Clifton,07012,Corporation,2023,True,Other Technology,Decline to Disclose,2024-08-16,2024-09-03,False,4749996.0,4699996.0,23,True,False,06b,Ariel Deshe (Executive Officer/Director/Promoter); Eliaz Shapira (Executive Officer/Director/Promoter); Gil Ben-Artzy (Director),021-522997,0001231919-24-000077,https://www.sec.gov/Archives/edgar/data/2034872/000123191924000077/
Trice Coffee Inc.,1882715,Jersey City,07302,Corporation,2020,True,Retailing,Decline to Disclose,2021-10-12,2021-10-22,False,3500000.0,3500000.0,2,True,False,06b,PINJIE YANG (Executive Officer/Director); WEI DAI (Executive Officer/Director/Promoter); YI ZHENG (Director),021-418162,0000898432-21-000682,https://www.sec.gov/Archives/edgar/data/1882715/000089843221000682/
"TruckPay, Inc.",1665483,Tenafly,07670,Corporation,overFiveYears,False,Other Technology,Decline to Disclose,2016-01-22,2023-02-07,True,3220000.0,3220000.0,30,False,False,06b,Barry Honig (Executive Officer),021-262624,0001665483-23-000001,https://www.sec.gov/Archives/edgar/data/1665483/000166548323000001/
"TruckPay, Inc.",1665483,Tenafly,07670,Corporation,overFiveYears,False,Other Technology,Decline to Disclose,2024-06-25,2025-07-11,True,2000000.0,420000.0,4,False,False,06b,Barry Honig (Executive Officer/Director),021-519992,0001665483-25-000001,https://www.sec.gov/Archives/edgar/data/1665483/000166548325000001/
"TruthMap, LLC",1894119,Pine Brook,07058,Limited Liability Company,2021,True,Other Technology,Decline to Disclose,,2022-02-28,False,250000.0,0.0,0,True,False,06b,"Holly Nelson (Executive Officer); Jared Yellin (Executive Officer); Mickael Lukens, Ph.D. (Executive Officer)",021-435152,0000908834-22-000102,https://www.sec.gov/Archives/edgar/data/1894119/000090883422000102/
"Two Brews, LLC",1989579,Cape May Court House,08210,Limited Liability Company,overFiveYears,False,Other,"$1,000,001 - $5,000,000",2023-08-14,2023-08-16,False,475000.0,475000.0,9,True,False,06b,Jason Campbell (Executive Officer),021-489903,0001989581-23-000002,https://www.sec.gov/Archives/edgar/data/1989579/000198958123000002/
"U.S. Coachways, Inc.",2014582,Holmdel,07733,Corporation,2024,True,Other Travel,Decline to Disclose,2024-02-26,2024-03-12,False,10000000.0,9999969.0,1,True,True,06b,Edward Telmany (Executive Officer/Director); Mark Telmany (Executive Officer/Director),021-507329,0002014582-24-000001,https://www.sec.gov/Archives/edgar/data/2014582/000201458224000001/
"UCES Worldwide, Inc.",2115158,Berkeley Heights,07922,Corporation,2026,True,Other Technology,Decline to Disclose,2026-01-30,2026-03-05,False,650000.0,350000.0,5,False,True,06b,Micah Riskin (Executive Officer/Director); Phillip Mellet (Executive Officer),021-575621,0002115158-26-000001,https://www.sec.gov/Archives/edgar/data/2115158/000211515826000001/
UPPER PARK INVESTMENTS LLC,2006878,Summit,07901,Limited Liability Company,2023,True,Other,Decline to Disclose,2023-12-18,2024-01-04,False,4700000.0,200000.0,2,True,False,06b,Michael Kessel (Executive Officer),021-501492,0002006878-24-000001,https://www.sec.gov/Archives/edgar/data/2006878/000200687824000001/
"UltronAI, Inc.",1982820,Princeton,08542,Corporation,2023,True,Other Technology,Decline to Disclose,2023-06-12,2024-07-16,True,5600000.0,2600750.0,15,True,True,06b,Shashi Tripathi (Director); Marios Savvides (Director); Stefanos Damianakis (Executive Officer/Director),021-485043,0001982820-24-000002,https://www.sec.gov/Archives/edgar/data/1982820/000198282024000002/
"Underoutfit, Inc.",2013688,Middletown,07748,Corporation,2020,True,Retailing,Decline to Disclose,,2025-01-17,False,31500000.0,0.0,0,True,False,06b,Menny Alon (Executive Officer/Director); Daniel Malek (Executive Officer); Felix Leshno (Executive Officer/Director); Steven Castellano (Executive Officer/Director); Olympia De Castro (Executive Officer),021-535658,0002013688-25-000001,https://www.sec.gov/Archives/edgar/data/2013688/000201368825000001/
"Underoutfit, Inc.",2013688,Middletown,07748,Corporation,2020,True,Retailing,Decline to Disclose,2024-02-15,2024-03-01,False,5000000.0,5000000.0,1,False,True,06b,Steven Castellano (Executive Officer/Director); Felix Leshno (Executive Officer/Director); Menny Alon (Executive Officer/Director),021-506495,0002013688-24-000001,https://www.sec.gov/Archives/edgar/data/2013688/000201368824000001/
"Uni & Sons, Inc.",1873829,Franklin Lakes,07417,Corporation,2021,True,Other,Decline to Disclose,2021-06-28,2021-07-21,False,,157000.0,4,True,False,06b,Steve Nolan (Executive Officer/Director),021-407134,0001873829-21-000001,https://www.sec.gov/Archives/edgar/data/1873829/000187382921000001/
Uniken Inc.,1593428,Chatham Township,07928,Corporation,overFiveYears,False,Computers,Decline to Disclose,2025-02-04,2025-02-14,False,15104694.0,15104694.0,12,True,False,06b,Gonzalo Alonso (Executive Officer/Director); Rodrigo Garcia (Director); Maria Ochoa Rosellini (Director),021-538308,0001593428-25-000001,https://www.sec.gov/Archives/edgar/data/1593428/000159342825000001/
Union Chill Cannabis Co LLC,1927021,Lambertville,08530,Limited Liability Company,2021,True,Retailing,No Revenues,2022-05-03,2022-05-11,False,,0.0,11,True,False,06b,Ryan O'Keefe (Executive Officer); Kristin O'Keefe (Executive Officer); Laurie McHugh (Executive Officer),021-445284,0001927021-22-000001,https://www.sec.gov/Archives/edgar/data/1927021/000192702122000001/
"UpLynkd, LLC",1871196,Pine Brook,07058,Limited Liability Company,2020,True,Other Technology,Decline to Disclose,2021-03-22,2021-07-22,False,500000.0,50000.0,1,True,False,06b,Joshua Osteen (Executive Officer),021-407231,0000908834-21-000020,https://www.sec.gov/Archives/edgar/data/1871196/000090883421000020/
UroGen Pharma Ltd.,1668243,Princeton,08540,Corporation,overFiveYears,False,Pharmaceuticals,Decline to Disclose,2023-07-26,2023-08-14,False,120000000.0,120000000.0,8,True,False,06b,"Stuart Holden, M.D. (Director); Jason Smith (Executive Officer); Arie Belldegrun, M.D. (Director); Dan Wildman (Director); Fred Cohen, M.D. (Director); Don Kim (Executive Officer); James Robinson, Jr. (Director); Cynthia Butitta (Director); Ran Nussbaum (Director); Elizabeth Barrett (Executive Officer/Director); Leana Wen, M.D., MSc (Director); Mark Schoenberg, M.D. (Executive Officer)",021-489628,0001668243-23-000001,https://www.sec.gov/Archives/edgar/data/1668243/000166824323000001/
VASCULAR THERAPIES INC,1342710,Cresskill,07626,Corporation,overFiveYears,False,Biotechnology,Decline to Disclose,2021-08-13,2021-08-27,False,4000000.0,3748712.0,96,False,True,06b,John McDermott (Executive Officer/Director); Robert Flanagan (Director); Daniel Ryan (Director); Somus Subramaniam (Director); Sriram Iyer (Director); Andrew Midler (Director); Gerald Dorros (Director); Allan Tessler (Director); Robert Croce (Director),021-411490,0001342710-21-000001,https://www.sec.gov/Archives/edgar/data/1342710/000134271021000001/
VASCULAR THERAPIES INC,1342710,Cresskill,07626,Corporation,overFiveYears,False,Biotechnology,Decline to Disclose,2022-02-18,2022-03-04,False,25213472.0,23963442.0,54,True,False,06b,Robert Flanagan (Director); Allan Tessler (Director); Gerald Dorros (Director); Robert Croce (Director); Andrew Midler (Director); John McDermott (Executive Officer/Director); Sriram Iyer (Executive Officer/Director); Daniel Ryan (Director); Somu Subramaniam (Director),021-435950,0001342710-22-000001,https://www.sec.gov/Archives/edgar/data/1342710/000134271022000001/
VCR Riverside Management LLC,2016644,Tenafly,07670,Limited Liability Company,2023,True,Restaurants,Decline to Disclose,2024-03-11,2024-03-26,False,1500000.0,150000.0,2,True,False,06b,David Rodolitz (Executive Officer); Gary Vaynerchuk (Executive Officer); Josh Capon (Executive Officer); Conor Hanlon (Executive Officer),021-508598,0000930413-24-000984,https://www.sec.gov/Archives/edgar/data/2016644/000093041324000984/
VERIFY SMART CORP.,1370292,Mahwah,07430,Corporation,overFiveYears,False,Other,Decline to Disclose,2023-02-11,2023-05-19,False,51000.0,51000.0,1,True,False,06b,Tony Cinotti (Executive Officer/Director); Sandy Manata (Director); Anthony Lalley (Director),021-482160,0001370292-23-000003,https://www.sec.gov/Archives/edgar/data/1370292/000137029223000003/
"VITALIEF, INC.",1927172,New Brunswick,08901,Corporation,2021,True,Other,Decline to Disclose,2022-04-19,2022-05-05,False,3000000.0,2750000.0,4,True,False,06b,MARK KOLB (Executive Officer/Director); DAVID MOORE (Executive Officer/Director),021-444468,0001927172-22-000002,https://www.sec.gov/Archives/edgar/data/1927172/000192717222000002/
"VITALIEF, INC.",1927172,New Brunswick,08901,Corporation,2021,True,Other,Decline to Disclose,2023-04-13,2023-04-26,False,3000000.0,2000000.0,3,True,False,06b,"Steven Libutti, M.D. (Director); John Doll (Director); Mark Kolb (Director); Reynold Panettieri, M.D. (Director); David Granese (Executive Officer); David Moore (Executive Officer/Director); Kirk McPoyle (Executive Officer)",021-480016,0001927172-23-000001,https://www.sec.gov/Archives/edgar/data/1927172/000192717223000001/
VYNE Therapeutics Inc.,1566044,Bridgewater,08807,Corporation,overFiveYears,False,Pharmaceuticals,Decline to Disclose,2022-11-14,2022-11-18,False,300000.0,300000.0,1,True,False,06b,ANTHONY BRUNO (Director); PATRICK LEPORE (Director); IAIN STUART (Executive Officer); STEVEN BASTA (Director); ELISABETH SANDOVAL (Director); DAVID DOMZALSKI (Executive Officer/Director); TYLER ZERONDA (Executive Officer); MUTYA HARSCH (Executive Officer); SHARON BARBARI (Director),021-465372,0001231919-22-000067,https://www.sec.gov/Archives/edgar/data/1566044/000123191922000067/
VYNE Therapeutics Inc.,1566044,Bridgewater,08807,Corporation,overFiveYears,False,Biotechnology,Decline to Disclose,2023-11-01,2023-11-16,False,88151508.0,88151508.0,19,True,False,06b,SHARON BARBARI (Director); MUTYA HARSCH (Executive Officer); TYLER ZERONDA (Executive Officer); DAVID DOMZALSKI (Executive Officer/Director); ELISABETH SANDOVAL (Director); PATRICK LEPORE (Director); STEVEN BASTA (Director); IAIN STUART (Executive Officer); ANTHONY BRUNO (Director),021-497484,0001231919-23-000071,https://www.sec.gov/Archives/edgar/data/1566044/000123191923000071/
Vahan Inc.,1886516,Franklin Lakes,07417,Corporation,overFiveYears,False,Other Technology,Decline to Disclose,2021-09-10,2021-10-12,False,7999985.0,6927986.0,13,True,False,06b,Madhav Krishna (Executive Officer/Director); Rishi Srivastava (Director); Suren Dutia (Director),021-416507,0001886516-21-000001,https://www.sec.gov/Archives/edgar/data/1886516/000188651621000001/
Vahan Inc.,1886516,Franklin Lakes,07417,Corporation,overFiveYears,False,Other Technology,"$1,000,001 - $5,000,000",2021-11-30,2021-12-09,False,2000000.0,200000.0,1,False,False,06b,Rishi Srivastava (Director); Madhav Krishna (Executive Officer); Suren Dutia (Director),021-424369,0001886516-21-000002,https://www.sec.gov/Archives/edgar/data/1886516/000188651621000002/
Vahan Inc.,1886516,Franklin Lakes,07417,Corporation,overFiveYears,False,Other Technology,Decline to Disclose,2024-08-27,2024-09-10,False,15200541.0,14768543.0,36,True,False,06b,Suren Dutia (Director); Madhav Krishna (Executive Officer/Director/Promoter); Rishi Srivastava (Director),021-523612,0001886516-24-000001,https://www.sec.gov/Archives/edgar/data/1886516/000188651624000001/
"Value Real Estate Partners I, LLC",2022586,Clifton,07013,Limited Liability Company,2024,True,Other,Decline to Disclose,2024-05-29,2024-05-30,False,50000000.0,250000.0,1,True,False,06b,Andrew Abramson (Executive Officer/Director),021-514649,0002022586-24-000001,https://www.sec.gov/Archives/edgar/data/2022586/000202258624000001/
Vamos Racquets LLC,2079025,Short Hills,07078,Limited Liability Company,2024,True,Other,"$1 - $1,000,000",2025-06-25,2025-09-15,False,1172500.0,1172500.0,23,True,False,06b,Katherine Lynch (Executive Officer),021-557556,0002079025-25-000001,https://www.sec.gov/Archives/edgar/data/2079025/000207902525000001/
"Vaneltix Pharma, Inc.",932352,New Brunswick,08901,Corporation,overFiveYears,False,Pharmaceuticals,Decline to Disclose,2023-12-12,2024-01-24,False,5000000.0,1000000.0,6,True,False,06b,Daniel Vickery (Executive Officer/Director); Carlo Di Fonzo (Director); C. Parsons (Director); Robert Evans (Director),021-503265,0000932352-24-000002,https://www.sec.gov/Archives/edgar/data/932352/000093235224000002/
"Vanguard Claims Administration Holdings, Inc.",2105211,Woodbury,08096,Corporation,2025,True,Other,Decline to Disclose,2025-09-10,2026-01-20,False,6499997.0,1599997.0,2,True,False,06b,Brian Gilliam (Executive Officer/Director); Robert Gilliam (Director),021-570468,0002105211-26-000001,https://www.sec.gov/Archives/edgar/data/2105211/000210521126000001/
Varlo LLC,2005392,Cherry Hill,08034,Limited Liability Company,2020,True,Other,Decline to Disclose,2023-11-27,2023-12-21,False,750000.0,600000.0,4,False,True,06b,Soj Jibowu (Executive Officer); Edward Chang (Executive Officer); Jacob Brown (Executive Officer),021-500441,0002005392-23-000001,https://www.sec.gov/Archives/edgar/data/2005392/000200539223000001/
Vascarta Inc.,1823616,Summit,07901,Corporation,2020,True,Pharmaceuticals,No Revenues,2020-08-25,2021-04-01,True,1000000.0,648500.0,13,True,False,06b,"Travis Gering (Executive Officer/Director); Joel Friedman, MD, PhD (Executive Officer/Director); Richard Prince, PhD (Executive Officer/Director); Graeme Silbert (Executive Officer)",021-375190,0001823616-21-000001,https://www.sec.gov/Archives/edgar/data/1823616/000182361621000001/
Vascarta Inc.,1823616,Summit,07901,Corporation,2020,True,Pharmaceuticals,No Revenues,2022-02-24,2022-03-11,False,,50000.0,1,False,True,06b,"Joel Friedman, MD, PhD (Executive Officer/Director); Graeme Silbert (Executive Officer); Travis Gering (Executive Officer/Director); Richard Prince, PhD (Executive Officer/Director)",021-436856,0001823616-22-000001,https://www.sec.gov/Archives/edgar/data/1823616/000182361622000001/
"Ventis Medical, Inc.",1865505,Princeton,08540,Corporation,2020,True,Other Health Care,Decline to Disclose,2021-05-21,2021-06-04,False,4644387.0,4144003.0,28,True,False,06b,Greg Olsen (Director); Karen Laub (Executive Officer/Director/Promoter); Glenn Laub (Executive Officer/Director/Promoter),021-401765,0001567619-21-011682,https://www.sec.gov/Archives/edgar/data/1865505/000156761921011682/
"Ventis Medical, Inc.",1865505,Princeton,08540,Corporation,2020,True,Other Health Care,Decline to Disclose,2023-11-03,2023-12-14,False,1999999.0,1012512.0,7,True,False,06b,Greg Olsen (Director); Glenn Laub (Executive Officer/Director/Promoter); Karen Laub (Executive Officer/Director/Promoter),021-499737,0001567619-23-007852,https://www.sec.gov/Archives/edgar/data/1865505/000156761923007852/
"Ventis Medical, Inc.",1865505,Princeton,08540,Corporation,2020,True,Other Health Care,Decline to Disclose,2024-09-12,2024-10-11,False,4000000.0,2999996.0,1,True,False,06b,Karen Laub (Director/Executive Officer/Promoter); Greg Olsen (Director); Glenn Laub (Director/Executive Officer/Promoter),021-526595,0000929638-24-003482,https://www.sec.gov/Archives/edgar/data/1865505/000092963824003482/
Vest Coast Equip SPV LLC,1886361,Rumson,07760,Limited Liability Company,2021,True,Other,Decline to Disclose,2021-09-29,2021-11-15,False,500000.0,415000.0,12,True,False,06b,Robert DiFazio (Executive Officer); N/A Vest Coast Capital LLC (Executive Officer/Director),021-421111,0001886361-21-000001,https://www.sec.gov/Archives/edgar/data/1886361/000188636121000001/
Vest Coast SPV I LLC,1867421,Rumson,07760,Limited Liability Company,2021,True,Other,Decline to Disclose,2021-06-14,2021-06-22,False,750000.0,750000.0,25,True,False,06b,N/A Vest Coast Capital LLC (Executive Officer/Director); Robert DiFazio (Executive Officer),021-403708,0001867421-21-000001,https://www.sec.gov/Archives/edgar/data/1867421/000186742121000001/
Vest Coast SPV I LLC,1867421,Rumson,07760,Limited Liability Company,2021,True,Other,Decline to Disclose,2022-09-27,2022-09-28,False,250000.0,250000.0,22,True,False,06b,Robert DiFazio (Executive Officer); N/A Vest Coast Capital LLC (Executive Officer/Director),021-460177,0001867421-22-000001,https://www.sec.gov/Archives/edgar/data/1867421/000186742122000001/
Vigor Dispensary LLC,2058600,Morganville,07751,Limited Liability Company,2022,True,Other,Decline to Disclose,2023-06-13,2025-03-03,False,1500000.0,250000.0,8,False,True,06b,Alan Ao (Executive Officer),021-539657,0002058600-25-000001,https://www.sec.gov/Archives/edgar/data/2058600/000205860025000001/
Vigor Dispensary LLC,2058600,Morganville,07751,Limited Liability Company,2022,True,Other,Decline to Disclose,2024-05-24,2025-03-03,False,925000.0,925000.0,1,False,True,06b,Alan Ao (Executive Officer),021-539661,0002058600-25-000002,https://www.sec.gov/Archives/edgar/data/2058600/000205860025000002/
"Vinci Pharmaceuticals, Inc.",1785495,Avon By The Sea,07717,Corporation,overFiveYears,False,Other Health Care,Decline to Disclose,2026-01-02,2026-01-26,False,25348339.0,20218331.0,53,True,False,06b,Sarah Hassan (Director); Richard Lindstrom (Director); Sigurd Kirk (Director); Neil Austrian Jr. (Director); Philip Gioia (Executive Officer/Director),021-571185,0001785495-26-000003,https://www.sec.gov/Archives/edgar/data/1785495/000178549526000003/
"Viridis GTS Loan Fund I, LLC",1966360,Allendale,07401,Limited Liability Company,2023,True,Other,Decline to Disclose,2023-01-30,2023-03-01,False,6000000.0,1400000.0,7,True,False,06b,Benjamin Engleman (Executive Officer),021-474571,0001966360-23-000001,https://www.sec.gov/Archives/edgar/data/1966360/000196636023000001/
VisionaryBlock Entertainment Services Inc.,2033909,Clark,07066,Corporation,2023,True,Other Technology,No Revenues,2024-08-01,2024-08-16,False,1100000.0,25000.0,1,True,False,06b,Nicholas Calhoun (Executive Officer/Director); Erika McFadden (Executive Officer/Director),021-521742,0002033909-24-000002,https://www.sec.gov/Archives/edgar/data/2033909/000203390924000002/
"Vislink Technologies, Inc.",1565228,Hackettstown,07840,Corporation,overFiveYears,False,Other Technology,Decline to Disclose,,2021-08-24,False,0.0,0.0,0,False,False,06b,Carleton Miller (Executive Officer/Director); Ralph Faison (Director); Jude Panetta (Director); Brian Krolicki (Director); James Conway (Director); Michael Bond (Executive Officer/Director); Susan Swenson (Director),021-411088,0001493152-21-021112,https://www.sec.gov/Archives/edgar/data/1565228/000149315221021112/
"Vislink Technologies, Inc.",1565228,Mt. Olive,07828,Corporation,overFiveYears,False,Other Technology,Decline to Disclose,2024-01-01,2024-01-12,False,,0.0,0,False,False,06b,Ralph Faison (Director); Jude Panetta (Director); Susan Swenson (Director); Carleton Miller (Executive Officer/Director); Brian Krolicki (Director); Christopher DeSalvo (Executive Officer),021-502360,0001493152-24-002190,https://www.sec.gov/Archives/edgar/data/1565228/000149315224002190/
"Vislink Technologies, Inc.",1565228,Mt. Olive,07828,Corporation,overFiveYears,False,Other Technology,Decline to Disclose,2024-01-04,2024-01-12,False,0.0,0.0,0,False,False,06b,Brian Krolicki (Director); Christopher DeSalvo (Executive Officer); Ralph Faison (Director); Susan Swenson (Director); Jude Panetta (Director); Carleton Miller (Executive Officer/Director),021-502361,0001493152-24-002194,https://www.sec.gov/Archives/edgar/data/1565228/000149315224002194/
"Vislink Technologies, Inc.",1565228,Mt. Olive,07828,Corporation,overFiveYears,False,Other Technology,Decline to Disclose,2024-01-19,2024-01-26,False,0.0,0.0,0,False,False,06b,Carleton Miller (Executive Officer/Director); Susan Swenson (Director); Michael Bond (Executive Officer); Brian Krolicki (Director); Jude Panetta (Director); Ralph Faison (Director),021-503629,0001493152-24-003942,https://www.sec.gov/Archives/edgar/data/1565228/000149315224003942/
"Vislink Technologies, Inc.",1565228,Mt. Olive,07828,Corporation,overFiveYears,False,Other Technology,Decline to Disclose,2024-02-12,2024-02-16,False,0.0,0.0,0,False,False,06b,Jude Panetta (Director); Carleton Miller (Executive Officer/Director); Brian Krolicki (Director); Ralph Faison (Director); Michael Bond (Executive Officer); Susan Swenson (Director),021-505509,0001493152-24-007007,https://www.sec.gov/Archives/edgar/data/1565228/000149315224007007/
"Vislink Technologies, Inc.",1565228,Mt. Olive,07828,Corporation,overFiveYears,False,Other Technology,Decline to Disclose,2024-06-17,2024-06-20,False,0.0,0.0,0,False,False,06b,Brian Krolicki (Director); Ralph Faison (Director); Michael Bond (Executive Officer); Carleton Miller (Executive Officer/Director); Jude Panetta (Director); Susan Swenson (Director),021-516487,0001493152-24-024497,https://www.sec.gov/Archives/edgar/data/1565228/000149315224024497/
"Vislink Technologies, Inc.",1565228,Mt. Olive,07828,Corporation,overFiveYears,False,Other Technology,Decline to Disclose,2024-08-29,2024-09-03,False,0.0,0.0,0,False,False,06b,Susan Swenson (Director); Ralph Faison (Director); Jude Panetta (Director); Michael Bond (Executive Officer); Carleton Miller (Executive Officer/Director); Brian Krolicki (Director),021-523058,0001493152-24-034814,https://www.sec.gov/Archives/edgar/data/1565228/000149315224034814/
"Vuja De Sciences, Inc.",1776838,Hoboken,07030,Corporation,2017,True,Other,Decline to Disclose,2021-05-31,2021-06-15,False,1500000.0,1217315.0,10,False,False,06b,Lee Helman (Director); Richard Lampe (Executive Officer/Director); Robert Hurst (Director); David Warshawsky (Executive Officer/Director); Chand Khanna (Director),021-402978,0001776838-21-000001,https://www.sec.gov/Archives/edgar/data/1776838/000177683821000001/
"Vuja De Sciences, Inc.",1776838,Hoboken,07030,Corporation,overFiveYears,False,Other,Decline to Disclose,2022-11-16,2022-11-29,False,935400.0,875000.0,11,True,True,06b,Chand Khanna (Director); Richard Lampe (Executive Officer/Director); David Warshawsky (Executive Officer/Director); Carl Barrett (Director); Frank Taffy (Director); Lee Helman (Director),021-466008,0001776838-22-000001,https://www.sec.gov/Archives/edgar/data/1776838/000177683822000001/
"Vuja De Sciences, Inc.",1776838,Hoboken,07030,Corporation,overFiveYears,False,Other,Decline to Disclose,2023-10-18,2023-10-30,False,400000.0,391060.0,7,True,True,06b,Chand Khanna (Director); Frank Taffy (Director); Carl Barrett (Director); Lee Helman (Director); David Warshawsky (Executive Officer/Director); Richard Lampe (Executive Officer/Director),021-495907,0001776838-23-000001,https://www.sec.gov/Archives/edgar/data/1776838/000177683823000001/
"Vuja De Sciences, Inc.",1776838,Hoboken,07030,Corporation,overFiveYears,False,Other,Decline to Disclose,2024-02-06,2024-05-28,False,1000000.0,700000.0,8,True,True,06b,Carl Barrett (Director); Frank Taffy (Director); David Warshawsky (Executive Officer/Director); Chand Khanna (Director); Lee Helman (Director); Richard Lampe (Executive Officer/Director),021-514414,0001776838-24-000001,https://www.sec.gov/Archives/edgar/data/1776838/000177683824000001/
"Vuja De Sciences, Inc.",1776838,Hoboken,07030,Corporation,overFiveYears,False,Other,Decline to Disclose,2024-10-04,2024-10-17,False,750000.0,370000.0,9,True,True,06b,David Warshawsky (Executive Officer/Director); Lee Helman (Director); Carl Barrett (Director); Chand Khanna (Director); Richard Lampe (Executive Officer/Director); Frank Taffy (Director),021-527108,0001776838-24-000002,https://www.sec.gov/Archives/edgar/data/1776838/000177683824000002/
Vybes App Inc,2059026,Hoboken,07030,Corporation,2024,True,Other Technology,Decline to Disclose,2025-03-23,2025-03-31,False,50000.0,25000.0,1,True,False,06b,Andrew Henderson (Director); Oliver Spanton (Director),021-542567,0002059026-25-000002,https://www.sec.gov/Archives/edgar/data/2059026/000205902625000002/
Vybes App Inc,2059026,Hoboken,07030,Corporation,2024,True,Other Technology,Decline to Disclose,2025-06-20,2025-07-15,False,3000000.0,25000.0,1,False,False,06b,Andrew Henderson (Executive Officer/Director); Oliver Spanton (Director),021-551784,0002059026-25-000004,https://www.sec.gov/Archives/edgar/data/2059026/000205902625000004/
WESTOCK INC.,1948130,Norwood,07648,Corporation,2019,True,Other Technology,Decline to Disclose,2022-09-13,2022-09-28,False,3230747.0,2255731.0,12,True,False,06b,Cameron McCarthy (Executive Officer/Director); Dmitriy Shumayev (Executive Officer); Jeffrey Silverman (Director); Bethanis Panos (Director),021-460176,0001948130-22-000001,https://www.sec.gov/Archives/edgar/data/1948130/000194813022000001/
WESTWAY STUDIOS LLC,2105848,Pine Brook,07058,Limited Liability Company,2025,True,Other,Decline to Disclose,2025-10-27,2026-01-16,False,1000000.0,175000.0,3,True,False,06b,Howard Alter (Executive Officer/Director/Promoter); Zachary Hausman (Executive Officer/Director/Promoter),021-570303,0002105848-26-000001,https://www.sec.gov/Archives/edgar/data/2105848/000210584826000001/
WRITESEA GROUP INC.,1959447,Bayonne,07002,Corporation,2021,True,Other Technology,Decline to Disclose,2022-03-22,2022-12-29,False,,2030108.0,11,True,False,06b,Justin Dawkins (Director); Brandon Mitchell (Executive Officer/Director),021-469044,0001959447-22-000002,https://www.sec.gov/Archives/edgar/data/1959447/000195944722000002/
Watch Fantom Inc.,1987217,Montclair,07043,Corporation,2018,True,Other Technology,Decline to Disclose,2023-07-28,2023-08-08,False,9999981.0,7999991.0,43,True,False,06b,Zachary Rosenberg (Executive Officer/Director); Jeff Herbst (Director); James Altschuler (Executive Officer/Director),021-489048,0001987217-23-000001,https://www.sec.gov/Archives/edgar/data/1987217/000198721723000001/
"Water Automation, LLC",2003316,Point Pleasant,08742,Limited Liability Company,2023,True,Manufacturing,Decline to Disclose,2023-10-31,2023-12-11,False,2000000.0,467499.0,4,True,False,06b,Amy Beth Capizzi (Executive Officer); Gregory Capizzi (Executive Officer),021-499215,0002003316-23-000001,https://www.sec.gov/Archives/edgar/data/2003316/000200331623000001/
"Wazooapps, Inc.",1845928,Parsippany,07054,Corporation,2020,True,Other,Decline to Disclose,2021-02-12,2021-02-23,False,4000000.0,4000000.0,4,False,False,06b,Michael Fedor (Executive Officer),021-390238,0001845928-21-000001,https://www.sec.gov/Archives/edgar/data/1845928/000184592821000001/
WellSheet Inc.,1716179,Newark,07102,Corporation,overFiveYears,False,Other Technology,Decline to Disclose,2021-09-09,2021-09-20,False,2700000.0,2695000.0,10,False,False,06b,Georgia Papathomas (Director); Craig Limoli (Executive Officer/Director); John Paul Patrizio (Executive Officer/Director); Thomas Wisniewski (Director); John Glaser (Director),021-413918,0001716179-21-000001,https://www.sec.gov/Archives/edgar/data/1716179/000171617921000001/
WellSheet Inc.,1716179,Newark,07102,Corporation,overFiveYears,False,Other Technology,Decline to Disclose,2022-08-22,2023-09-25,True,2420000.0,1420000.0,10,False,False,06b,Georgia Papathomas (Director); Thomas Wisniewski (Director); John Glaser (Director); John Paul Patrizio (Executive Officer/Director); Craig Limoli (Executive Officer/Director),021-458027,0001716179-23-000001,https://www.sec.gov/Archives/edgar/data/1716179/000171617923000001/
"West Orange ASC, LLC",1941056,West Orange,07052,Limited Liability Company,overFiveYears,False,Other Health Care,Decline to Disclose,2022-08-01,2022-08-12,False,3203130.0,2124525.0,14,True,False,06b,GERALD TOFANI (Executive Officer); KARIN GRAULICH (Director); JESSICA MANN (Director); DONALD CHERVENAK (Director); DEBBRA KEEGAN (Director); MEG STAGLIANO (Executive Officer/Director); ALEX SCOTT (Executive Officer); TESHA SIMPSON (Executive Officer/Director),021-455826,0001941056-22-000001,https://www.sec.gov/Archives/edgar/data/1941056/000194105622000001/
"Win Time EB-5 150-170 Properties, LLC",1662037,Edison,08817,Limited Liability Company,overFiveYears,False,Construction,Decline to Disclose,2017-09-06,2021-05-06,True,20000000.0,4500000.0,9,True,False,06c,Chinghue Tsay (Executive Officer); Jason Cheng (Executive Officer),021-254081,0001662037-21-000002,https://www.sec.gov/Archives/edgar/data/1662037/000166203721000002/
"Woodcrest Apartments I, LLC",2028755,Bridgewater,08807,Limited Liability Company,2024,True,Other,No Revenues,2024-06-21,2024-07-01,False,6555000.0,6555000.0,91,True,False,06b,James Stuart (Executive Officer); Sanjay Hedge (Executive Officer); Kinjal Suchak (Executive Officer); Paul Williams (Executive Officer),021-517467,0002028755-24-000001,https://www.sec.gov/Archives/edgar/data/2028755/000202875524000001/
Work Onward Inc,1995576,Ridgewood,07450,Corporation,2023,True,Other Technology,Decline to Disclose,2023-09-19,2023-09-29,False,120000.0,120000.0,1,False,True,06b,Jooyoung (Holly) Diamond (Executive Officer/Director),021-493383,0001995576-23-000001,https://www.sec.gov/Archives/edgar/data/1995576/000199557623000001/
"WorkWave Holdco, Inc.",1954666,Holmdel,07733,Corporation,2018,True,Other Technology,Decline to Disclose,2022-10-31,2022-11-17,False,,85446710.0,126,True,False,06b,Darren Roos (Director); Eric Palmer (Director); Sheryl Hoskins (Director); Rohan Sukhdeo (Executive Officer); Sejal Pietrzak (Director); Adam Scheid (Director); Jonathan Wulkan (Director); Jana Hey (Executive Officer); Stewart Lynn (Director); Johannes Reichel (Director); Kelly Gliatta (Executive Officer); David Giannetto (Executive Officer); Naveen Wadhera (Director),021-465025,0001954666-22-000001,https://www.sec.gov/Archives/edgar/data/1954666/000195466622000001/
Xenon Ophthalmics Inc,1988832,Belleville,07109,Corporation,2019,True,Biotechnology,Decline to Disclose,2019-08-15,2023-08-22,False,,2365500.0,16,True,True,06b,Bruce Stark (Director); Steve Susanibar (Executive Officer/Director); Michelle DeFossett (Director); Zeshan Kahn (Executive Officer/Director); Robert Gilligan (Director),021-490391,0001988832-23-000001,https://www.sec.gov/Archives/edgar/data/1988832/000198883223000001/
Xscape Photonics Inc.,1947986,Fort Lee,07024,Corporation,2022,True,Other Technology,Decline to Disclose,2024-09-04,2024-09-19,False,44000000.0,43849970.0,11,True,False,06b,Alexander Gaeta (Executive Officer/Director); Alexander Kash (Executive Officer/Director); James Scapa (Director); Vivek Raghunathan (Executive Officer/Director),021-524490,0001947986-24-000002,https://www.sec.gov/Archives/edgar/data/1947986/000194798624000002/
YM Corp,1416299,Sewell,08080,Corporation,overFiveYears,False,Business Services,No Revenues,,2025-06-16,True,10.0,0.0,0,True,False,06c,Tony Ramos (Director),021-535825,0001416299-25-000013,https://www.sec.gov/Archives/edgar/data/1416299/000141629925000013/
"Yummy Bazaar, Inc.",1682462,Glassboro,08028,Corporation,overFiveYears,False,Other,Decline to Disclose,2021-05-10,2021-09-22,True,3500000.0,2400000.0,4,True,False,06b,David Meskhi (Executive Officer/Director); Arthur Maloy (Director); Weihua Yan (Executive Officer); Rebecca Chou (Executive Officer/Director); Han Shen (Director),021-400522,0001682462-21-000002,https://www.sec.gov/Archives/edgar/data/1682462/000168246221000002/
"Yummy Bazaar, Inc.",1682462,Glassboro,08028,Corporation,overFiveYears,False,Other,Decline to Disclose,2023-10-23,2023-11-06,True,1000000.0,50000.0,1,False,False,06b,David Meskhi (Executive Officer/Director); Weihua Yan (Executive Officer); Rebecca Chou (Executive Officer/Director); Han Shen (Director),021-496479,0001682462-23-000002,https://www.sec.gov/Archives/edgar/data/1682462/000168246223000002/
"Yummy Bazaar, Inc.",1682462,Glassboro,08028,Corporation,overFiveYears,False,Other,Decline to Disclose,2025-05-09,2025-05-22,False,450000.0,450000.0,2,False,False,06b,David Meskhi (Executive Officer/Director); Rebecca Chou (Executive Officer/Director); Han Shen (Director),021-547005,0001458511-25-000005,https://www.sec.gov/Archives/edgar/data/1682462/000145851125000005/
"Zebedee, Inc.",1874126,Hoboken,07030,Corporation,2019,True,Other Technology,Decline to Disclose,2021-07-08,2021-07-23,False,13500000.0,12894975.0,17,True,False,06b,Stephen McKeon (Director); Nicholas Brand (Director); David Osojnik (Director); Simon Cowell (Executive Officer/Director/Promoter),021-407536,0001874126-21-000001,https://www.sec.gov/Archives/edgar/data/1874126/000187412621000001/
"Zebedee, Inc.",1874126,Hoboken,07030,Corporation,2019,True,Other Technology,Decline to Disclose,2022-05-26,2022-06-09,False,35000000.0,33069757.0,13,True,False,06b,Afonso Campos (Director); Nicholas Brand (Director); Simon Cowell (Executive Officer/Director/Promoter); Andre Neves (Director); Stephen McKeon (Director),021-448707,0001874126-22-000001,https://www.sec.gov/Archives/edgar/data/1874126/000187412622000001/
Zelta Technology Inc,1924609,Jersey City,07302,Corporation,2021,True,Other Technology,Decline to Disclose,2022-03-19,2022-05-11,False,500000.0,355000.0,9,True,False,06b,Pierce Healy (Executive Officer/Director),021-445282,0001924609-22-000001,https://www.sec.gov/Archives/edgar/data/1924609/000192460922000001/
Zelta Technology Inc,1924609,Jersey City,07302,Corporation,2021,True,Other Technology,Decline to Disclose,2022-10-28,2022-11-07,False,120000.0,20000.0,1,True,True,06b,Pierce Healy (Executive Officer/Director); Conor McGuinness (Director),021-464115,0001924609-22-000003,https://www.sec.gov/Archives/edgar/data/1924609/000192460922000003/
Zelta Technology Inc,1924609,Jersey City,07302,Corporation,2021,True,Other Technology,Decline to Disclose,2022-10-28,2022-11-07,False,120000.0,20000.0,1,True,True,06b,Pierce Healy (Executive Officer/Director),021-464112,0001924609-22-000002,https://www.sec.gov/Archives/edgar/data/1924609/000192460922000002/
Zena Therapeutics Inc.,1992540,Princeton,08540,Corporation,2021,True,Pharmaceuticals,Decline to Disclose,2023-08-11,2023-09-07,False,500000.0,500000.0,1,True,False,06b,Eileen Carry (Executive Officer/Director); Ariane Vasilatis (Executive Officer/Director),021-491564,0001878646-23-000027,https://www.sec.gov/Archives/edgar/data/1992540/000187864623000027/
"Zerify, Inc.",1285543,Edison,08837,Corporation,overFiveYears,False,Other Technology,"$1 - $1,000,000",2023-03-06,2023-04-07,False,17550.0,17550.0,5,True,False,06b,Mark Kay (Executive Officer/Director),021-478232,0001477932-23-002320,https://www.sec.gov/Archives/edgar/data/1285543/000147793223002320/
"ZeroMark, Inc.",2024673,Scotch Plains,07076,Corporation,2022,True,Manufacturing,Decline to Disclose,2024-05-14,2024-06-06,True,6966536.0,6966536.0,23,True,False,06b,Joel Anderson (Executive Officer/Director),021-514305,0001739074-24-000006,https://www.sec.gov/Archives/edgar/data/2024673/000173907424000006/
Zing Tech Inc.,1914400,Tenafly,07670,Corporation,2021,True,Restaurants,Decline to Disclose,2022-02-16,2022-03-03,False,7184998.0,6641647.0,20,True,False,06b,Tomer Zilkha (Director); Lior Prosor (Director); Avishai Shoham (Executive Officer/Director),021-435721,0001914400-22-000001,https://www.sec.gov/Archives/edgar/data/1914400/000191440022000001/
dottxt Inc.,2005263,Ridgewood,07450,Corporation,2023,True,Other Technology,Decline to Disclose,2023-12-12,2023-12-22,False,3240000.0,2700000.0,2,True,False,06b,Daniel Gerlanc (Executive Officer/Director); Clement Vanden Driessche (Director); Remi Louf (Executive Officer/Director); Brandon Willard (Director),021-500624,0002005263-23-000001,https://www.sec.gov/Archives/edgar/data/2005263/000200526323000001/
dottxt Inc.,2005263,Jersey City,07310,Corporation,2023,True,Other Technology,Decline to Disclose,2024-08-01,2024-08-16,False,9000000.0,7637015.0,3,True,False,06b,Julien Hobeika (Director); Clement Vanden Driessche (Director); Daniel Gerlanc (Executive Officer/Director); Remi Louf (Executive Officer/Director); Brandon Willard (Director),021-521735,0002005263-24-000002,https://www.sec.gov/Archives/edgar/data/2005263/000200526324000002/
eBumps Inc.,1841327,Princeton,08540,Corporation,2020,True,Other,Decline to Disclose,2021-01-02,2021-01-25,False,500000.0,50000.0,1,False,True,06b,Corin Rose (Executive Officer/Director); Cole Johnson (Director); Jonah Tuckman (Executive Officer/Director); Marc Johnson (Director),021-387206,0001841327-21-000001,https://www.sec.gov/Archives/edgar/data/1841327/000184132721000001/
"electroCore, Inc.",1560258,Rockaway,07866,Corporation,overFiveYears,False,Other Health Care,Decline to Disclose,2021-09-20,2021-10-04,False,192000.0,192000.0,0,True,False,06b,Stephen Ondra (Director); Daniel Goldberger (Executive Officer/Director); Michael Atieh (Director); Peter Cuneo (Director); Thomas Patton (Director); Brian Posner (Executive Officer); JP Errico (Director); Trevor Moody (Director); John Gandolfo (Director); Thomas Errico (Director),021-415526,0001193805-21-001401,https://www.sec.gov/Archives/edgar/data/1560258/000119380521001401/
"electroCore, Inc.",1560258,Rockaway,07866,Corporation,overFiveYears,False,Other Health Care,Decline to Disclose,2023-08-02,2023-08-08,False,52372.0,52372.0,7,True,False,06b,Peter Cuneo (Director); Trevor Moody (Director); Julie Goldstein (Director); Daniel Goldberger (Executive Officer/Director); John Gandolfo (Director); Thomas Errico (Director); Patricia Wilber (Director); Brian Posner (Executive Officer); Thomas Patton (Director),021-489036,0001193805-23-001117,https://www.sec.gov/Archives/edgar/data/1560258/000119380523001117/
"electroCore, Inc.",1560258,Rockaway,07866,Corporation,overFiveYears,False,Other Health Care,Decline to Disclose,2023-08-02,2023-08-08,False,750000.0,750000.0,6,True,False,06b,Brian Posner (Executive Officer); Trevor Moody (Director); Thomas Errico (Director); Patricia Wilber (Director); Daniel Goldberger (Executive Officer/Director); Peter Cuneo (Director); Julie Goldstein (Director); Thomas Patton (Director); John Gandolfo (Director),021-489037,0001193805-23-001118,https://www.sec.gov/Archives/edgar/data/1560258/000119380523001118/
"electroCore, Inc.",1560258,Rockaway,07866,Corporation,overFiveYears,False,Other Health Care,Decline to Disclose,2024-05-01,2024-05-08,False,0.0,0.0,0,False,False,06b,Brian Posner (Executive Officer); Peter Cuneo (Director); Daniel Goldberger (Executive Officer/Director); John Gandolfo (Director); Thomas Errico (Director); Charles Theofilos (Director); Thomas Patton (Director); Julie Goldstein (Director); Patricia Wilber (Director),021-512720,0001193805-24-000615,https://www.sec.gov/Archives/edgar/data/1560258/000119380524000615/
"electroCore, Inc.",1560258,Rockaway,07866,Corporation,overFiveYears,False,Other Health Care,Decline to Disclose,2024-06-05,2024-06-12,False,7845000.0,7845000.0,13,True,False,06b,Patricia Wilber (Director); Julie Goldstein (Director); Brian Posner (Executive Officer); Thomas Errico (Director); Charles Theofilos (Director); Daniel Goldberger (Executive Officer/Director); Thomas Patton (Director); Peter Cuneo (Director); John Gandolfo (Director),021-515841,0001193805-24-000789,https://www.sec.gov/Archives/edgar/data/1560258/000119380524000789/
"electroCore, Inc.",1560258,Rockaway,07866,Corporation,overFiveYears,False,Other Health Care,Decline to Disclose,2024-08-01,2024-08-02,False,0.0,0.0,0,False,False,06b,Peter Cuneo (Director); Brian Posner (Executive Officer); Julie Goldstein (Director); Thomas Patton (Director); Daniel Goldberger (Executive Officer/Director); Thomas Errico (Director); John Gandolfo (Director); Patricia Wilber (Director); Charles Theofilos (Director),021-520516,0001193805-24-000982,https://www.sec.gov/Archives/edgar/data/1560258/000119380524000982/
"electroCore, Inc.",1560258,Rockaway,07866,Corporation,overFiveYears,False,Other Health Care,Decline to Disclose,2024-11-11,2024-11-15,False,0.0,0.0,0,False,False,06b,Thomas Patton (Director); Peter Cuneo (Director); Charles Theofilos (Director); Daniel Goldberger (Executive Officer/Director); John Gandolfo (Director); Joshua Lev (Executive Officer); Patricia Wilber (Director); Thomas Errico (Director); Julie Goldstein (Director),021-529589,0001193805-24-001379,https://www.sec.gov/Archives/edgar/data/1560258/000119380524001379/
"electroCore, Inc.",1560258,Rockaway,07866,Corporation,overFiveYears,False,Other Health Care,Decline to Disclose,2025-09-10,2025-09-16,False,,0.0,0,False,False,06b,Joshua Lev (Executive Officer); Patricia Wilber (Director); John Gandolfo (Director); Thomas Patton (Director); Julie Goldstein (Director); James Theofilos (Director); Elena Bonfiglioli (Director); Thomas Errico (Director); Daniel Goldberger (Executive Officer/Director),021-557696,0001493152-25-013744,https://www.sec.gov/Archives/edgar/data/1560258/000149315225013744/
"electroCore, Inc.",1560258,Rockaway,07866,Corporation,overFiveYears,False,Other Health Care,Decline to Disclose,2025-10-02,2025-10-17,False,1856000.0,1856000.0,3,True,False,06b,Thomas Errico (Director); Joshua Lev (Executive Officer); Patricia Wilber (Director); Thomas Patton (Director); Elena Bonfiglioli (Director); James Theofilos (Director); John Gandolfo (Director); Daniel Goldberger (Executive Officer/Director); Julie Goldstein (Director),021-561311,0001493152-25-018447,https://www.sec.gov/Archives/edgar/data/1560258/000149315225018447/
"electroCore, Inc.",1560258,Rockaway,07866,Corporation,overFiveYears,False,Other Health Care,Decline to Disclose,2025-10-06,2025-10-17,False,,0.0,0,False,False,06b,Patricia Wilber (Director); Daniel Goldberger (Executive Officer/Director); Julie Goldstein (Director); Joshua Lev (Executive Officer); Thomas Errico (Director); Elena Bonfiglioli (Director); James Theofilos (Director); Thomas Patton (Director); John Gandolfo (Director),021-561310,0001493152-25-018446,https://www.sec.gov/Archives/edgar/data/1560258/000149315225018446/
exworth global,1870961,Short Hills,07078,Corporation,2021,True,Other Technology,Decline to Disclose,,2021-07-09,False,50000000.0,0.0,0,False,True,06b,WEI HUANG (Executive Officer),021-405686,0001870961-21-000001,https://www.sec.gov/Archives/edgar/data/1870961/000187096121000001/
"iFundWomen, Inc.",1943214,Montclair,07043,Corporation,overFiveYears,False,Other Technology,Decline to Disclose,2021-11-08,2022-08-22,False,1000000.0,650000.0,5,False,False,06b,Divya Gugnami (Director); Karen Cahn (Executive Officer/Director); Anjali Kumar (Director); Carolyn Spencer (Executive Officer),021-456467,0001943214-22-000001,https://www.sec.gov/Archives/edgar/data/1943214/000194321422000001/
iQure Pharma Inc.,1996977,Skillman,08558,Corporation,2019,True,Pharmaceuticals,Decline to Disclose,2023-10-04,2023-10-11,False,2000000.0,1500000.0,13,True,False,06b,Pawel Zolnierczyk (Executive Officer),021-494444,0001996977-23-000001,https://www.sec.gov/Archives/edgar/data/1996977/000199697723000001/
iQure Pharma Inc.,1996977,Princeton,08540,Corporation,2019,True,Other,Decline to Disclose,2024-04-05,2024-04-16,False,,220000.0,7,False,True,06b,Pawel Zolnierczyk (Executive Officer),021-510783,0001996977-24-000001,https://www.sec.gov/Archives/edgar/data/1996977/000199697724000001/
iQure Pharma Inc.,1996977,Skillman,08558,Corporation,overFiveYears,False,Other,Decline to Disclose,2024-12-20,2025-01-16,False,1443786.0,1443786.0,2,False,True,06b,Pawel Zolnierczyk (Executive Officer),021-535390,0001996977-25-000001,https://www.sec.gov/Archives/edgar/data/1996977/000199697725000001/
iQure Pharma Inc.,1996977,Skillman,08558,Corporation,overFiveYears,False,Other,Decline to Disclose,2025-09-09,2025-11-03,False,1750000.0,1503320.0,14,True,False,06b,Pawel Zolnierczyk (Executive Officer),021-562872,0001996977-25-000003,https://www.sec.gov/Archives/edgar/data/1996977/000199697725000003/
"messageLOUD, Inc.",1931704,Tenafly,07670,Corporation,2018,True,Other Technology,Decline to Disclose,2022-05-18,2022-06-01,False,3500000.0,1000000.0,1,False,True,06b,Garin Toren (Executive Officer/Director),021-447654,0001931704-22-000001,https://www.sec.gov/Archives/edgar/data/1931704/000193170422000001/
mining io,1897050,Short Hills,07078,Limited Liability Company,2021,True,Other Technology,Decline to Disclose,,2021-12-02,False,5000000.0,0.0,0,True,False,06c,WEI HUANG (Director),021-423379,0001897050-21-000001,https://www.sec.gov/Archives/edgar/data/1897050/000189705021000001/
"trialmatch.me, Inc.",1788361,Closter,07624,Corporation,2017,True,Other Technology,Decline to Disclose,2021-02-10,2021-02-22,False,4999988.0,4999988.0,12,True,False,06b,Tzvia Bader (Executive Officer/Director); Daniel Ruch (Director); Robert Greene (Director),021-390040,0001788361-21-000001,https://www.sec.gov/Archives/edgar/data/1788361/000178836121000001/
"trialmatch.me, Inc.",1788361,Closter,07624,Corporation,2017,True,Other Technology,Decline to Disclose,2022-01-31,2022-02-08,False,19999661.0,19999661.0,19,True,False,06b,Daniel Ruch (Director); Robert Greene (Director); Tzvia Bader (Executive Officer/Director); Scott Barclay (Director),021-432706,0001788361-22-000001,https://www.sec.gov/Archives/edgar/data/1788361/000178836122000001/
"z.Pax Holdco, Inc.",1971018,Manalapan,07726,Corporation,2023,True,Other Technology,Decline to Disclose,2023-03-15,2023-11-03,True,3000000.0,1275000.0,12,True,False,06b,Marc Zimmet (Executive Officer/Director); Vincent Fedele (Executive Officer/Director); Michael Sciacca (Director); Nicole Jasser (Executive Officer),021-477316,0001971018-23-000002,https://www.sec.gov/Archives/edgar/data/1971018/000197101823000002/
"z.Pax Holdco, Inc.",1971018,Manalapan,07726,Corporation,2023,True,Other Technology,Decline to Disclose,2023-11-02,2023-11-03,False,5000000.0,50000.0,1,True,False,06b,Nicole Jasser (Executive Officer); Vincent Fedele (Executive Officer/Director); Michael Sciacca (Director); Marc Zimmet (Executive Officer/Director),021-496412,0001971018-23-000003,https://www.sec.gov/Archives/edgar/data/1971018/000197101823000003/
