company,cik,city,zip,industry,incorporated,young_company,revenue_range,num_offerings,total_raised,largest_round,raised_last_24mo,total_investors,first_raise,last_raise,months_since_last_raise,avg_months_between_raises,related_people,edgar_url
"CoreWeave, Inc.",1769628,Roseland,07068,Other Technology,overFiveYears,False,Decline to Disclose,3,1158182236.0,1149999332.0,0,82,2020-12-14,2024-05-16,28.3,20.5,Brannin McBee (Executive Officer); Michael Intrator (Executive Officer/Director); Jack Cogen (Director); Brian Venturo (Executive Officer/Director); Ernie Rogers (Director); Nitin Agrawal (Executive Officer),https://www.sec.gov/cgi-bin/browse-edgar?action=getcompany&CIK=1769628&type=D
Attentive Mobile Inc.,1730164,Hoboken,07030,Other Technology,2016,True,Decline to Disclose,2,529046678.0,469999902.0,0,74,2021-03-09,2021-06-09,63.5,3.0,Patrick Grady (Director); Scott Friend (Director); Brian Long (Executive Officer/Director); Andrew Jones (Executive Officer/Director); John Trani (Executive Officer),https://www.sec.gov/cgi-bin/browse-edgar?action=getcompany&CIK=1730164&type=D
"CRB Group, Inc.",1688431,Fort Lee,07024,Other Banking and Financial Services,overFiveYears,False,Decline to Disclose,2,350120148.0,344120148.0,0,91,2021-02-01,2022-01-28,55.9,11.9,David Nachbar (Executive Officer); K. Waterman (Director); David Cotney (Director); Kathy Nelson (Executive Officer); Shimon Eisikowicz (Executive Officer); Israel Sendrovic (Director); Karan Mehta (Executive Officer); Kristopher Pease (Executive Officer); Charles Scharf (Director); Arlen Gelbard (Executive Officer); Mark Wagener (Director); Shimshon Gross (Director); Noah Cooper (Executive Officer); Julie Schechter (Director); Gilles Gade (Executive Officer/Director); Drew Parker (Director); Michael Raff (Executive Officer); Adam Goller (Executive Officer); Scott Tobin (Director); Phillip Riese (Director),https://www.sec.gov/cgi-bin/browse-edgar?action=getcompany&CIK=1688431&type=D
"Monad Labs, Inc.",2022178,Califon,07830,Other Technology,2022,True,Decline to Disclose,3,258393774.0,216246294.0,0,63,2022-06-07,2024-03-12,30.5,10.5,James Hunsaker (Director); Keone Hon (Executive Officer/Director); Eunice Giarta Hon (Executive Officer),https://www.sec.gov/cgi-bin/browse-edgar?action=getcompany&CIK=2022178&type=D
Rhodenergy An Environmental Co Corp,2105633,Princeton,08540,Biotechnology,2024,True,"$5,000,001 - $25,000,000",1,250000000.0,250000000.0,250000000.0,0,2025-12-31,2025-12-31,8.8,,Irfan Jameel (Executive Officer),https://www.sec.gov/cgi-bin/browse-edgar?action=getcompany&CIK=2105633&type=D
Legend Biotech Corp,1801198,Somerset,08873,Biotechnology,overFiveYears,False,Decline to Disclose,1,200000005.0,200000005.0,0,1,2023-04-19,2023-04-19,41.2,,"Li Mao, MD (Director); Tomas Heyman (Director); Fangliang Zhang, Ph.D. (Director); Darren Ji, M.D., Ph.D. (Director); Li Zhu, Ph.D. (Director); Lori Macomber (Executive Officer); Patrick Casey, Ph.D. (Director); Ye Wang, M.S. (Director); Philip Yau, CPA (Director); Ying Huang, Ph.D. (Executive Officer/Director); Corazon Sanders, Ph.D. (Director)",https://www.sec.gov/cgi-bin/browse-edgar?action=getcompany&CIK=1801198&type=D
"HVG Holdings, LLC",1965190,Teaneck,07666,Other,2022,True,Decline to Disclose,1,195620000.0,195620000.0,0,20,2023-01-31,2023-01-31,43.8,,Brian Tilley (Executive Officer/Director); Andrew White (Executive Officer/Director),https://www.sec.gov/cgi-bin/browse-edgar?action=getcompany&CIK=1965190&type=D
Estee Capital LLC,1654493,Short Hills,07078,Other Banking and Financial Services,overFiveYears,False,Decline to Disclose,10,184065568.0,39819890.0,0,142,2012-02-14,2014-04-04,149.7,2.8,SANDEEP TYAGI (Director); GAURAV SAHNI (Director),https://www.sec.gov/cgi-bin/browse-edgar?action=getcompany&CIK=1654493&type=D
"Areteia Therapeutics, Inc.",1937542,Short Hills,07078,Biotechnology,2022,True,Decline to Disclose,1,175000000.0,175000000.0,0,10,2022-06-15,2022-06-15,51.3,,Jorge Bartolome (Director); Chris Visioli (Executive Officer); Stephen Butts (Director); Benjamin Gomez (Director); Adam Koppel (Director); Ian Read (Director); Paul Berns (Director); Christopher Cox (Executive Officer); Whit Bernard (Executive Officer); Michael Bozik (Director),https://www.sec.gov/cgi-bin/browse-edgar?action=getcompany&CIK=1937542&type=D
"Apprentice FS, Inc.",1711295,Jersey City,07302,Other Technology,overFiveYears,False,Decline to Disclose,3,167962390.0,139962401.0,0,40,2018-07-03,2021-11-05,58.6,20.1,Gary Pignata (Executive Officer/Director); Nikhil Sachdev (Director); Mike Dodd (Director); Angelo Stracquatanio (Executive Officer/Director),https://www.sec.gov/cgi-bin/browse-edgar?action=getcompany&CIK=1711295&type=D
Alexander Capital Ventures LLC,1682558,Red Bank,07701,Other Banking and Financial Services,overFiveYears,False,Decline to Disclose,38,158421374.0,8511500.0,79367056.0,2454,2021-01-07,2026-03-12,6.5,1.7,Jonathan Gazdak (Executive Officer),https://www.sec.gov/cgi-bin/browse-edgar?action=getcompany&CIK=1682558&type=D
UroGen Pharma Ltd.,1668243,Princeton,08540,Pharmaceuticals,overFiveYears,False,Decline to Disclose,1,120000000.0,120000000.0,0,8,2023-07-26,2023-07-26,38.0,,"Stuart Holden, M.D. (Director); Jason Smith (Executive Officer); Arie Belldegrun, M.D. (Director); Dan Wildman (Director); Fred Cohen, M.D. (Director); Don Kim (Executive Officer); James Robinson, Jr. (Director); Cynthia Butitta (Director); Ran Nussbaum (Director); Elizabeth Barrett (Executive Officer/Director); Leana Wen, M.D., MSc (Director); Mark Schoenberg, M.D. (Executive Officer)",https://www.sec.gov/cgi-bin/browse-edgar?action=getcompany&CIK=1668243&type=D
"Reunion Neuroscience, Inc.",2007993,Morristown,07960,Pharmaceuticals,2023,True,Decline to Disclose,1,119850000.0,119850000.0,0,9,2024-01-12,2024-01-12,32.4,,Gregory Mayes (Executive Officer/Director); Michael Ehlers (Director); Ansbert Gadicke (Director); Natalie Sacks (Director); Ellen Lubman (Director); Mark Pollack (Executive Officer); Alon Lazarus (Director); Nathan Bryson (Executive Officer); Mark Theeuwes (Executive Officer); Edward Smith (Executive Officer),https://www.sec.gov/cgi-bin/browse-edgar?action=getcompany&CIK=2007993&type=D
Antios Therapeutics Inc.,1760428,Mendham,07945,Pharmaceuticals,2018,True,Decline to Disclose,2,106999993.0,74999993.0,0,64,2021-04-09,2021-11-02,58.7,6.8,Benjamin Rovinski (Director); Scott Morenstein (Director); Tamra Adams (Executive Officer); Craig Gordon (Director); Gregory Mayes (Executive Officer/Director); Abel De La Rosa (Director); Douglas Mayers (Executive Officer); Patrick Higgins (Director); Iyona Rajkomar (Director),https://www.sec.gov/cgi-bin/browse-edgar?action=getcompany&CIK=1760428&type=D
McN Investments Ltd,1822028,Short Hills,07078,Other,2019,True,Decline to Disclose,1,105299926.0,105299926.0,0,12,2021-06-11,2021-06-11,63.5,,Brynne McNulty Rojas (Executive Officer/Director); Sebastian Noguera Escalon (Director); Alexa Von Tobel (Director),https://www.sec.gov/cgi-bin/browse-edgar?action=getcompany&CIK=1822028&type=D
"Rafael Holdings, Inc.",1713863,Newark,07120,Biotechnology,2017,True,Decline to Disclose,1,104169835.0,104169835.0,0,17,2021-08-24,2021-08-24,61.0,,Michael Weiss (Director); David Polinsky (Executive Officer); Shannon Klinger (Director); Rachel Jonas (Director); Menachem Ash (Executive Officer); Mark McCamish (Director); Boris Pasche (Director); Ameet Mallik (Executive Officer/Director); Stephen Greenberg (Director); Howard Jonas (Director),https://www.sec.gov/cgi-bin/browse-edgar?action=getcompany&CIK=1713863&type=D
"Outlook Therapeutics, Inc.",1649989,Iselin,08830,Biotechnology,overFiveYears,False,Decline to Disclose,6,101865139.0,60000000.0,0,36,2021-02-03,2025-01-17,20.2,9.5,Lawrence Kenyon (Executive Officer/Director); Jeff Evanson (Executive Officer); Faisal Sukhtian (Director); Julia Haller (Director); Gerd Auffarth (Director); Yezan Haddadin (Director); Randy Thurman (Director); Julian Gangolli (Director); Andong Huang (Director); Kurt Hilzinger (Director),https://www.sec.gov/cgi-bin/browse-edgar?action=getcompany&CIK=1649989&type=D
"Aadi Bioscience, Inc.",1422142,Morristown,07960,Biotechnology,overFiveYears,False,Decline to Disclose,1,100002392.0,100002392.0,100002392.0,17,2025-03-04,2025-03-04,18.7,,Baiteng Zhao (Director); Scott Giacobello (Executive Officer); Caley Castelein (Director); Richard Maroun (Director); Bryan Ball (Executive Officer); Behzad Aghazadeh (Director); Emma Reeve (Director); Dave Lennon (Executive Officer/Director); David Dornan (Executive Officer); Mohammad Hirmand (Director); Karin Hehenberger (Director); Neil Desai (Director); Anupam Dalal (Director),https://www.sec.gov/cgi-bin/browse-edgar?action=getcompany&CIK=1422142&type=D
"Axtria, Inc.",1490702,Berkeley Heights,07922,Other Technology,overFiveYears,False,Decline to Disclose,1,100000000.0,100000000.0,0,4,2021-04-30,2021-04-30,64.8,,Richard Braddock (Director); Sanjeev Aggarwal (Director); Jaswinder Chadha (Executive Officer/Director); Amarpreet Sawhney (Director),https://www.sec.gov/cgi-bin/browse-edgar?action=getcompany&CIK=1490702&type=D
RUTH MCHAWI ZAWADI WATSON MASTER PRIVATE MINISTERIAL TRUST,2044128,Vineland,08360,Other,2024,True,"$1,000,001 - $5,000,000",1,100000000.0,100000000.0,100000000.0,1,2024-10-23,2024-10-23,23.1,,Ruth Watson (Director),https://www.sec.gov/cgi-bin/browse-edgar?action=getcompany&CIK=2044128&type=D
"Kustomer, Inc.",1979406,Short Hills,07078,Other,2023,True,Decline to Disclose,2,89999994.0,60000000.0,29999994.0,14,2023-05-15,2025-07-23,14.1,26.3,Scott Beechuk (Director); Alex Bard (Director); Michael Chapin (Executive Officer/Promoter); Neeraj Agrawal (Director); Jeremy Suriel (Director/Promoter); Bradley Birnbaum (Executive Officer/Director/Promoter),https://www.sec.gov/cgi-bin/browse-edgar?action=getcompany&CIK=1979406&type=D
VYNE Therapeutics Inc.,1566044,Bridgewater,08807,Biotechnology,overFiveYears,False,Decline to Disclose,2,88451508.0,88151508.0,0,20,2022-11-14,2023-11-01,34.8,11.6,SHARON BARBARI (Director); MUTYA HARSCH (Executive Officer); TYLER ZERONDA (Executive Officer); DAVID DOMZALSKI (Executive Officer/Director); ELISABETH SANDOVAL (Director); PATRICK LEPORE (Director); STEVEN BASTA (Director); IAIN STUART (Executive Officer); ANTHONY BRUNO (Director),https://www.sec.gov/cgi-bin/browse-edgar?action=getcompany&CIK=1566044&type=D
"WorkWave Holdco, Inc.",1954666,Holmdel,07733,Other Technology,2018,True,Decline to Disclose,1,85446710.0,85446710.0,0,126,2022-10-31,2022-10-31,46.8,,Darren Roos (Director); Eric Palmer (Director); Sheryl Hoskins (Director); Rohan Sukhdeo (Executive Officer); Sejal Pietrzak (Director); Adam Scheid (Director); Jonathan Wulkan (Director); Jana Hey (Executive Officer); Stewart Lynn (Director); Johannes Reichel (Director); Kelly Gliatta (Executive Officer); David Giannetto (Executive Officer); Naveen Wadhera (Director),https://www.sec.gov/cgi-bin/browse-edgar?action=getcompany&CIK=1954666&type=D
"Avertix Medical, Inc.",1564031,Eatontown,07724,Other Health Care,overFiveYears,False,Decline to Disclose,7,79947444.0,34252457.0,1011667.0,297,2021-07-30,2025-09-10,12.5,8.2,Christopher Pucillo (Director); Sean Cullinan (Director); Richard Schatz (Director); David Keenan (Executive Officer); Joseph Berardo (Director); Timothy Moran (Executive Officer/Director); Tom Mendell (Director); Phillip Tom (Executive Officer),https://www.sec.gov/cgi-bin/browse-edgar?action=getcompany&CIK=1564031&type=D
"Elucida Oncology, Inc.",1704594,Monmouth Junction,08852,Biotechnology,overFiveYears,False,No Revenues,3,79569200.0,35000000.0,0,542,2020-10-28,2023-05-24,40.1,15.4,Tim Boris (Director); Robert Ruffolo (Director); David Zacardelli (Director); Ulrich Wiesner (Director); Gary Sender (Director); Robert Essner (Executive Officer/Director); Natalie MacDonald (Director); Geno Germano (Executive Officer/Director),https://www.sec.gov/cgi-bin/browse-edgar?action=getcompany&CIK=1704594&type=D
Blue Logistics TopCo LLC,2015079,Madison,07940,Business Services,2024,True,Decline to Disclose,1,74330926.0,74330926.0,0,4,2024-03-01,2024-03-01,30.8,,Scott Melcher (Executive Officer); Conor Cook (Executive Officer); Kirby Fine (Executive Officer/Director); Rick Campbell (Executive Officer/Director); Todd Soiefer (Executive Officer/Director),https://www.sec.gov/cgi-bin/browse-edgar?action=getcompany&CIK=2015079&type=D
"Powerfleet, Inc.",1774170,Woodcliff Lake,07677,Other Technology,overFiveYears,False,Decline to Disclose,1,70000000.0,70000000.0,70000000.0,28,2024-10-01,2024-10-01,23.8,,Catherine Lewis (Executive Officer); Steve Towe (Executive Officer/Director); Jonathan Bates (Executive Officer); Ian Jacobs (Director); Charles Tasker (Executive Officer); Jim Zeitunian (Executive Officer); Offer Lehmann (Executive Officer); Melissa Ingram (Executive Officer); Andrew Martin (Director); David Wilson (Executive Officer); Michael McConnell (Director); Michael Brodsky (Director),https://www.sec.gov/cgi-bin/browse-edgar?action=getcompany&CIK=1774170&type=D
"OSG Group Holdings, Inc.",1708616,Ridgefield Park,07660,Other,2017,True,Decline to Disclose,1,68143638.0,68143638.0,0,37,2017-05-30,2017-05-30,111.9,,Mark Casale (Director); Ken Powell (Executive Officer); Anthony Catalfano (Director); Robert Gillocheau (Director); Davinder Athwal (Executive Officer); Scott Bernstein (Director); Ashok Vemuri (Director); Kevin Keleghan (Executive Officer/Director); Nick Seibert (Director); Igno Waesberghe (Director),https://www.sec.gov/cgi-bin/browse-edgar?action=getcompany&CIK=1708616&type=D
"Sitetracker, Inc.",1711376,Montclair,07042,Other Technology,overFiveYears,False,Decline to Disclose,1,66491167.0,66491167.0,0,9,2022-07-07,2022-07-07,50.6,,Giuseppe Incitti (Executive Officer/Director/Promoter); Colin Bryant (Director); Michael Creegan (Executive Officer); Scott Hilleboe (Director); Kevin Stevens (Director); John Tough (Director),https://www.sec.gov/cgi-bin/browse-edgar?action=getcompany&CIK=1711376&type=D
"Ascend Wellness Holdings, Inc.",1756390,Morristown,07960,Other,overFiveYears,False,Decline to Disclose,2,65000000.0,50000000.0,65000000.0,8,2025-01-10,2025-05-27,16.0,4.5,Abner Kurtin (Executive Officer/Director); Frank Perullo (Executive Officer/Director); Josh Gold (Director); Roman Nemchenko (Executive Officer); Julie Francis (Director); Scott Swid (Director); Samuel Brill (Executive Officer/Director),https://www.sec.gov/cgi-bin/browse-edgar?action=getcompany&CIK=1756390&type=D
"Allied Health MSO Holdco, LLC",1932158,West Long Branch,07764,Other Health Care,2021,True,Decline to Disclose,2,62830941.0,56408941.0,0,69,2022-05-06,2022-12-30,44.8,7.8,"Matt Devine (Executive Officer); Matthew Jameson (Director); Nadeem Baig, M.D. (Director); Robert Gialanella, M.D. (Director)",https://www.sec.gov/cgi-bin/browse-edgar?action=getcompany&CIK=1932158&type=D
"HC Parent Holdings, LLC",1900846,Teaneck,07666,Other,2021,True,Decline to Disclose,1,62560000.0,62560000.0,0,8,2021-12-14,2021-12-14,57.4,,DeVer Warner (Executive Officer/Director); Brian Tilley (Executive Officer/Director),https://www.sec.gov/cgi-bin/browse-edgar?action=getcompany&CIK=1900846&type=D
"Northfield Bancorp, Inc.",1493225,Woodbridge,07095,Other Banking and Financial Services,overFiveYears,False,Decline to Disclose,1,62000000.0,62000000.0,0,24,2022-06-17,2022-06-17,51.3,,Gualberto Medina (Director); Annette Catino (Director); Frank Patafio (Director); Paul Stahlin (Director); Gil Chapman (Director); Karen Kessler (Director); David Fasanella (Executive Officer); John Connors (Director); Robin Lefkowitz (Executive Officer); William Jacobs (Executive Officer); Steven Klein (Executive Officer/Director); Tara French (Executive Officer); Timothy Harrison (Director); Patrick Ryan (Director),https://www.sec.gov/cgi-bin/browse-edgar?action=getcompany&CIK=1493225&type=D
"Claris Biotherapeutics, Inc.",1809726,Jersey City,07302,Biotechnology,overFiveYears,False,Decline to Disclose,4,60099991.0,44499994.0,5599999.0,21,2020-04-13,2025-09-12,12.4,21.7,Meredith Fisher (Director); Reza Dana (Director); Kenneth Harrison (Director); Henry Rath (Executive Officer); Susan Orr (Executive Officer); Clarke Atwell (Executive Officer/Director); Marc de Garidel (Director),https://www.sec.gov/cgi-bin/browse-edgar?action=getcompany&CIK=1809726&type=D
Buckle Corp.,1818302,Jersey City,07310,Other Technology,2019,True,Decline to Disclose,1,59999965.0,59999965.0,0,36,2021-07-16,2021-07-16,62.3,,Vikas Singhal (Director); Dustin Walsey (Executive Officer/Director); Jonathan Kalman (Director); Kristi Matus (Executive Officer); Jeffrey Nash (Executive Officer); Cort Ahl (Director); Andrew Rear (Director); Bryson Koehler (Director); Marty Young (Executive Officer/Director),https://www.sec.gov/cgi-bin/browse-edgar?action=getcompany&CIK=1818302&type=D
NJ/NY Gotham Football Club LLC,1904112,Whippany,07981,Other,2021,True,Decline to Disclose,2,58696373.0,33696373.0,25000000.0,11,2021-12-28,2025-03-14,18.4,38.5,Christine Heider (Executive Officer); Ryan Dillon (Executive Officer); Steven Temares (Director); Carolyn Tisch Blodget (Director); Ophir Barone (Director); Edward Nalbandian (Director); Tammy Murphy (Director),https://www.sec.gov/cgi-bin/browse-edgar?action=getcompany&CIK=1904112&type=D
Eve Nexus Inc.,2106025,Parsippany,07054,Manufacturing,overFiveYears,False,Decline to Disclose,1,58304989.0,58304989.0,58304989.0,82,2025-12-08,2025-12-08,9.6,,John McCormick (Director); Alexander Menzel (Director); Jason Castriota (Executive Officer/Director),https://www.sec.gov/cgi-bin/browse-edgar?action=getcompany&CIK=2106025&type=D
CENNTRO ELECTRIC GROUP Ltd,1707919,Freehold,07728,Manufacturing,2017,True,Decline to Disclose,1,58300000.0,58300000.0,0,5,2022-07-20,2022-07-20,50.2,,Peter Wang (Executive Officer/Director); Tony Tsai (Executive Officer); Joe Tong (Director); Chris Thorne (Director); Wei Zhong (Executive Officer); Benjamin Ge (Director); Edmond Cheng (Executive Officer); Marianne McInerney (Executive Officer); Justin Davis-Rice (Director),https://www.sec.gov/cgi-bin/browse-edgar?action=getcompany&CIK=1707919&type=D
"Research Imaging Company, LLC",1965064,Teaneck,07666,Other Health Care,2022,True,Decline to Disclose,1,57451000.0,57451000.0,0,2,2023-01-24,2023-01-24,44.0,,"Jeffrey Kinell (Director); Jonathan Goldin (Director); James Primerano, Jr. (Director); Ralph Reyes (Executive Officer); Lori Wright (Director); Andrew White (Director); Matthew Brown (Director); Brett Prager (Director)",https://www.sec.gov/cgi-bin/browse-edgar?action=getcompany&CIK=1965064&type=D
Agora Atlas Corp,2003428,Jersey City,07310,Other Technology,2023,True,Decline to Disclose,2,57159980.0,49499986.0,49499986.0,13,2023-12-05,2025-06-25,15.0,18.7,Joseph McGrady (Executive Officer); Robert Hadick (Director); Andrew Evans (Executive Officer/Director/Promoter); Nicholas Van Eck (Executive Officer/Director/Promoter),https://www.sec.gov/cgi-bin/browse-edgar?action=getcompany&CIK=2003428&type=D
"Character Biosciences, Inc.",2066192,Jersey City,07311,Biotechnology,overFiveYears,False,Decline to Disclose,2,57030491.0,48174992.0,57030491.0,20,2025-03-20,2025-09-02,12.7,5.5,Reut Shema (Director); Vivek Garipalli (Director); Mayssa Attar (Director); James Kasuboski (Director); Cheng Zhang (Executive Officer/Director); Peter DiLaura (Director); Jason Hafler (Director); Nick Olsen (Director),https://www.sec.gov/cgi-bin/browse-edgar?action=getcompany&CIK=2066192&type=D
Orcosa Inc.,1852165,Ewing,08628,Biotechnology,2020,True,Decline to Disclose,3,56490750.0,37925000.0,7275000.0,103,2021-03-05,2024-12-23,21.1,22.8,Robert Pollaro (Director/Executive Officer); Bryan Ridall (Director/Executive Officer); Vincent Mileto (Director/Executive Officer),https://www.sec.gov/cgi-bin/browse-edgar?action=getcompany&CIK=1852165&type=D
"Goldin Parent, Inc.",1846289,Runnemede,08078,Other,2020,True,Decline to Disclose,1,54750015.0,54750015.0,0,21,2020-12-28,2020-12-28,68.9,,Kenneth Goldin (Executive Officer/Director); Matthew Brown (Director); Michaela Venuti (Director); Jesse Jacobs (Director); Nathaniel Turner V (Executive Officer/Director); Ross Hoffman (Executive Officer/Director),https://www.sec.gov/cgi-bin/browse-edgar?action=getcompany&CIK=1846289&type=D
Critical Response Group Inc.,1895416,Hamilton Township,08619,Other,overFiveYears,False,Decline to Disclose,3,53075000.0,49000000.0,0,4,2017-09-28,2024-05-03,28.7,39.6,Frank Rodgers (Executive Officer/Director); Ethan Killeen (Executive Officer/Director); Tom Burt (Director); Alexander Carney (Executive Officer); Chase Meyer (Director); Mary Beth Brosnihan (Director); Michael Rodgers (Executive Officer/Director); Philip Coyne (Executive Officer); Barry Leistner (Director),https://www.sec.gov/cgi-bin/browse-edgar?action=getcompany&CIK=1895416&type=D
BED BATH & BEYOND INC,886158,Union,07083,Retailing,overFiveYears,False,"Over $100,000,000",2,51049443.0,40717903.0,0,8,2022-11-14,2022-11-16,46.3,0.1,Andrea Weiss (Director); Ann Yerger (Director); Jeffrey Kirwan (Director); Mara Sirhal (Executive Officer); Marjorie Bowen (Director); Laura Crossen (Executive Officer); Sue Gove (Executive Officer/Director); Minesh Shah (Director); Benjamin Rosenzweig (Director); Harriet Edelman (Director); Bart Sichel (Executive Officer); Anu Gupta (Executive Officer); Lynda Markoe (Executive Officer); Joshua Schechter (Director); Shelly Lombard (Director); Patty Wu (Executive Officer),https://www.sec.gov/cgi-bin/browse-edgar?action=getcompany&CIK=886158&type=D
"MIAMI INTERNATIONAL HOLDINGS, INC.",1438472,Princeton,08540,Other,overFiveYears,False,Decline to Disclose,1,50150000.0,50150000.0,0,5,2021-07-30,2021-07-30,61.9,,"Lance Emmons (Executive Officer); Sayer Al Sayer (Director); Barry Belmont (Director); Talal Al-Bahar (Director); Albert Barro, Jr. (Director); John Beckelman (Director); Mark Raymond (Director); J Teekell (Director); Thomas Gallagher (Executive Officer/Director); Khaled El-Marsafy (Director); Shelly Brown (Executive Officer); Robert Prunetti (Director); Michael Ameen (Director); Abdulwahab Al-Nakib (Director); Jack Mondel (Executive Officer/Director); Douglas Schafer, Jr. (Executive Officer/Director); Ricardo Blach (Director); Edward Deitzel (Executive Officer); Mark Wetjen (Executive Officer); Paul Kotos (Director); Mark Massad (Director); William Hopkins (Director); William O'Brien, III (Director); Jassem Zainal (Director); Christopher Brady (Director); Barbara Comly (Executive Officer); Paul Stahlin (Director); Thomas Kelly, Jr. (Director)",https://www.sec.gov/cgi-bin/browse-edgar?action=getcompany&CIK=1438472&type=D
CHURCH & DWIGHT CO INC /DE/,313927,Ewing,08628,Other,overFiveYears,False,"Over $100,000,000",2,50000000.0,50000000.0,50000000.0,1,2022-09-15,2025-05-11,16.5,31.8,Ravichandra Saligram (Director); Patrick de Maynadier (Executive Officer); Matthew Farrell (Director); Robert Shearer (Director); Carlos Ruiz (Executive Officer); Lee McChesney (Executive Officer); Richard Dierker (Executive Officer/Director); Laurie Yoler (Director); Michael Read (Executive Officer); Mark Magazine (Executive Officer); Michael Smith (Director); Brian Buchert (Executive Officer); Kevin Gokey (Executive Officer); Penry Price (Director); Joseph Longo (Executive Officer); Bradlen Cashaw (Director); Carlen Hooker (Executive Officer); Janet Vergis (Director); Rene Hemsey (Executive Officer); Surabhi Pokhriyal (Executive Officer); Carlos Linares (Executive Officer); Arthur Winkleback (Director); Susan Saideman (Director); Bradley Irwin (Director),https://www.sec.gov/cgi-bin/browse-edgar?action=getcompany&CIK=313927&type=D
Cenntro Automotive Group Ltd,1895651,Freehold,07728,Other Technology,overFiveYears,False,"$5,000,001 - $25,000,000",1,50000000.0,50000000.0,0,5,2021-11-05,2021-11-05,58.6,,Ming He (Executive Officer/Director); Peter Wang (Executive Officer/Director); Higashi Michihiro (Director); Liu Yun (Director); Yeung Yeung (Director),https://www.sec.gov/cgi-bin/browse-edgar?action=getcompany&CIK=1895651&type=D
"Navigator Medicines, Inc.",2035715,Scotch Plains,07076,Biotechnology,2024,True,Decline to Disclose,1,49999998.0,49999998.0,0,4,2024-08-23,2024-08-23,25.1,,NAVEEN DARYANI (Executive Officer); ANDREW LEVIN (Director); STEPHEN THOMAS (Executive Officer/Director/Promoter); WILLIAM BONIFICIO (Executive Officer/Promoter); WOUTER JOUSTRA (Director),https://www.sec.gov/cgi-bin/browse-edgar?action=getcompany&CIK=2035715&type=D
Alacriti Payments Inc.,2108131,Bridgewater,08807,Business Services,2025,True,Decline to Disclose,1,49999981.0,49999981.0,49999981.0,2,2026-01-06,2026-01-06,8.6,,Sai Raavi (Executive Officer); Manish Gurukula (Executive Officer),https://www.sec.gov/cgi-bin/browse-edgar?action=getcompany&CIK=2108131&type=D
"Gennao Bio, Inc.",1862102,Pennington,08534,Biotechnology,2020,True,Decline to Disclose,2,47500005.0,32500008.0,0,10,2021-05-06,2022-11-28,45.9,18.8,Julie Hambleton (Director); Anuj Goswami (Executive Officer); Claudine Prowse (Executive Officer); Joe McIntosh (Executive Officer); Bradley Campbell (Director); Craig Gordon (Director); Stephen Squinto (Executive Officer/Director/Promoter); Peter Thompson (Director); Dale Ludwig (Executive Officer); Chris Duke (Executive Officer); Gary Sender (Director),https://www.sec.gov/cgi-bin/browse-edgar?action=getcompany&CIK=1862102&type=D
"INTERPACE BIOSCIENCES, INC.",1054102,Parsippany,07054,Other Health Care,overFiveYears,False,Decline to Disclose,1,47000000.0,47000000.0,47000000.0,2,2024-10-11,2024-10-11,23.5,,Stephen Sullivan (Director); Vijay Aggarwal (Director); Joseph Keegan (Director); Fortunato Ron Rocca (Director); Christopher McCarthy (Executive Officer); Thomas Burnell (Executive Officer/Director),https://www.sec.gov/cgi-bin/browse-edgar?action=getcompany&CIK=1054102&type=D
Sevaro Health Inc,1966570,East Brunswick,08816,Other Technology,overFiveYears,False,Decline to Disclose,2,45999963.0,34999972.0,34999972.0,4,2023-02-13,2025-06-11,15.5,27.9,Krishan Narula (Executive Officer/Director); Ajay Sharma (Director); Kapil Desai (Director); Anna Haghgooie (Director); Dr. Rajiv Narula (Executive Officer/Director),https://www.sec.gov/cgi-bin/browse-edgar?action=getcompany&CIK=1966570&type=D
"Zebedee, Inc.",1874126,Hoboken,07030,Other Technology,2019,True,Decline to Disclose,2,45964732.0,33069757.0,0,30,2021-07-08,2022-05-26,52.0,10.6,Afonso Campos (Director); Nicholas Brand (Director); Simon Cowell (Executive Officer/Director/Promoter); Andre Neves (Director); Stephen McKeon (Director),https://www.sec.gov/cgi-bin/browse-edgar?action=getcompany&CIK=1874126&type=D
"Thrombolex, Inc.",1703764,Kingston,08528,Other Health Care,overFiveYears,False,Decline to Disclose,5,45811369.0,32775000.0,32775000.0,179,2021-11-15,2026-02-26,6.9,12.8,David Bonita (Director); Keegan Harper (Director); Paul Stewart (Director); Sam Liang (Director); Marvin Woodall (Executive Officer/Director); John Cerminaro (Executive Officer); Clay DeMarcus (Director); Michael Cerminaro (Executive Officer/Director),https://www.sec.gov/cgi-bin/browse-edgar?action=getcompany&CIK=1703764&type=D
"Exxat, Inc.",1844245,Warren,07059,Other Technology,overFiveYears,False,Decline to Disclose,1,45000202.0,45000202.0,45000202.0,3,2026-01-14,2026-01-14,8.3,,Aarti Vaishnav (Executive Officer/Director); Kunal Vaishnav (Executive Officer/Director); Mike Salfity (Director),https://www.sec.gov/cgi-bin/browse-edgar?action=getcompany&CIK=1844245&type=D
"Interstate Waste Services, Inc.",1802041,Teaneck,07666,Other,2020,True,Decline to Disclose,2,45000000.0,25000000.0,0,16,2021-04-06,2022-05-10,52.5,13.1,Brian D'Amico (Executive Officer/Director); Brian Michaud (Director); Jack Perko (Executive Officer); Michael DiBella (Executive Officer/Director); Will McDavid (Director); Brian Giambagno (Executive Officer); Ross Gatlin (Director); John Spegal (Director); Marc Sulam (Director),https://www.sec.gov/cgi-bin/browse-edgar?action=getcompany&CIK=1802041&type=D
"Cellectar Biosciences, Inc.",1279704,Florham Park,07932,Biotechnology,overFiveYears,False,Decline to Disclose,2,44999993.0,24500000.0,0,37,2020-12-28,2023-09-08,36.6,32.3,Chad Kolean (Executive Officer); Jarrod Longcor (Executive Officer); Darrell Lea (Executive Officer); Frederick Driscoll (Director); James Caruso (Executive Officer/Director); Stefan Loren (Director); John Neis (Director); Asher Chanan-Kahn (Director); Douglas Swirsky (Director); Andrei Shustov (Executive Officer),https://www.sec.gov/cgi-bin/browse-edgar?action=getcompany&CIK=1279704&type=D
"ROTOMAIRE, INC.",1916238,Holmdel,07733,Other Technology,2019,True,Decline to Disclose,2,44002945.0,34002945.0,0,53,2022-02-23,2023-06-28,38.9,16.1,Janey Whiteside (Director); Wilfried Schobeiri (Director); Steve McLaughlin (Director); Rob Olson (Director); Jehan Luth (Executive Officer/Director); Logan Allin (Director); Michael Budde (Executive Officer),https://www.sec.gov/cgi-bin/browse-edgar?action=getcompany&CIK=1916238&type=D
Xscape Photonics Inc.,1947986,Fort Lee,07024,Other Technology,2022,True,Decline to Disclose,1,43849970.0,43849970.0,0,11,2024-09-04,2024-09-04,24.7,,Alexander Gaeta (Executive Officer/Director); Alexander Kash (Executive Officer/Director); James Scapa (Director); Vivek Raghunathan (Executive Officer/Director),https://www.sec.gov/cgi-bin/browse-edgar?action=getcompany&CIK=1947986&type=D
Celularity Inc,1752828,Florham Park,07932,Biotechnology,overFiveYears,False,Decline to Disclose,5,41847237.0,30000007.0,11847230.0,18,2022-05-20,2025-10-24,11.0,10.3,Diane Parks (Director); Peter Diamandis (Director); John Haines (Executive Officer); Vincent LeVien (Director); Joseph DosSantos (Executive Officer); Robert Hariri (Executive Officer/Director); Geoffrey Ling (Director); Stephen Brigido (Executive Officer),https://www.sec.gov/cgi-bin/browse-edgar?action=getcompany&CIK=1752828&type=D
"Distinct Holdings Group, LLC",1662722,Kenilworth,07033,Other Technology,overFiveYears,False,"Over $100,000,000",1,40966623.0,40966623.0,0,63,2015-12-23,2015-12-23,129.1,,Dave Calamai (Director); Alfred D'Allesandro (Director); Michael Long (Director); Louis Alterman (Director); Douglas Traver (Director); Eric Hutto (Executive Officer/Director); Peter Pettit (Director); William Fleder (Director); A. Perfall (Director); Jim Hoch (Director); Mike Elliott (Director),https://www.sec.gov/cgi-bin/browse-edgar?action=getcompany&CIK=1662722&type=D
"First Commerce Bancorp, Inc./NJ",2105285,Lakewood,08701,Other Banking and Financial Services,overFiveYears,False,Decline to Disclose,1,40000000.0,40000000.0,40000000.0,15,2025-12-30,2025-12-30,8.8,,Stanley Koreyva (Director); Danny Beagle (Executive Officer); Thomas Bovino (Director); Eliezer Weinman (Director); Donald Mindiak (Executive Officer/Director); LaTifa Sciscoe (Executive Officer); Rhiannon Williams (Executive Officer); Gershon Biegeleisen (Director); Abraham Penzer (Director); Debra Morgan (Executive Officer); Gregory Garcia (Executive Officer); Aaron Bookman (Director); Eli Rennert (Executive Officer); David Onderko (Executive Officer); Mary Malec (Executive Officer); Tonia Thompson (Executive Officer); Aaron Sussman (Director); Salvatore Alfieri (Director); Michael Merkin (Director),https://www.sec.gov/cgi-bin/browse-edgar?action=getcompany&CIK=2105285&type=D
"IVIEW Therapeutics, Inc.",1848749,Cranbury,08512,Biotechnology,overFiveYears,False,Decline to Disclose,2,39204816.0,30027445.0,0,20,2021-02-26,2024-05-14,28.4,38.5,Qi Zhu (Director); Houman Hemmati (Executive Officer/Director); Wei Wang (Executive Officer/Director); Jingjie Li (Director); Xiaolu Sun (Director); Bo Liang (Executive Officer/Director); Bin He (Director),https://www.sec.gov/cgi-bin/browse-edgar?action=getcompany&CIK=1848749&type=D
"Throtle, Inc.",1723887,Red Bank,07701,Other Technology,overFiveYears,False,Decline to Disclose,2,38489392.0,36350000.0,0,14,2023-03-22,2024-08-28,24.9,17.2,Mary Jordan (Executive Officer); Paul Chachko (Executive Officer/Director); Bruce Biegel (Director); David Kirwan (Director); Robert Brooks (Executive Officer); Christopher Neuner (Executive Officer); David Ridore (Executive Officer); David Moore (Director); Christopher French (Director),https://www.sec.gov/cgi-bin/browse-edgar?action=getcompany&CIK=1723887&type=D
Slaine Holdings LLC,1923090,Jersey City,07302,Other,overFiveYears,False,Decline to Disclose,6,37269174.0,31821112.0,33091951.0,16,2022-04-01,2025-08-31,12.8,8.2,Jason Jacobs (Executive Officer); Daniel Clark (Director); Colin Smith (Executive Officer); Terrence McLean (Executive Officer/Director),https://www.sec.gov/cgi-bin/browse-edgar?action=getcompany&CIK=1923090&type=D
"PTC THERAPEUTICS, INC.",1070081,South Plainfield,07080,Biotechnology,overFiveYears,False,Decline to Disclose,1,35897425.0,35897425.0,0,40,2023-04-10,2023-04-10,41.5,,"Stepanie Okey (Director); Michael Schmertzler (Director); Matthew Klein, M.D. (Executive Officer/Director); Eric Pauwels (Executive Officer); Alethia Young (Director); Neil Almstead, Ph.D (Executive Officer); Glenn Steele Jr., M.D., Ph.D. (Director); David Southwell (Director); Emily Hill (Executive Officer); Jerome Zeldis, M.D., Ph.D. (Director); Mark Boulding (Executive Officer); Christine Utter (Executive Officer); Allan Jacobson, Ph.D. (Director); Emma Reeve (Director); Mary Smith (Director)",https://www.sec.gov/cgi-bin/browse-edgar?action=getcompany&CIK=1070081&type=D
"Analytical Wizards, Inc.",1792312,Iselin,08830,Business Services,overFiveYears,False,Decline to Disclose,1,35000000.0,35000000.0,0,1,2021-12-22,2021-12-22,57.1,,Jeff Kozloff (Director); Anup Gupta (Director); Jaya Subramaniam (Director); Ram Sharma (Executive Officer/Director),https://www.sec.gov/cgi-bin/browse-edgar?action=getcompany&CIK=1792312&type=D
Blue Sage Solutions LLC,1839280,Englewood Cliffs,07632,Computers,overFiveYears,False,"$5,000,001 - $25,000,000",1,35000000.0,35000000.0,0,3,2020-12-23,2020-12-23,69.1,,David Aach (Executive Officer),https://www.sec.gov/cgi-bin/browse-edgar?action=getcompany&CIK=1839280&type=D
"Onkos Surgical, Inc.",1654928,Parsippany,07054,Other Health Care,overFiveYears,False,Decline to Disclose,1,33500001.0,33500001.0,0,17,2021-08-31,2021-08-31,60.8,,Antony Koblish (Director); Patrick Treacy (Executive Officer/Director); Paul Touhey (Director); Adele Oliva (Director); Stephen Bloch (Director); Bradly Tyler (Executive Officer),https://www.sec.gov/cgi-bin/browse-edgar?action=getcompany&CIK=1654928&type=D
Data Vault Holdings Inc.,1882356,East Brunswick,08816,Other Technology,2021,True,Decline to Disclose,1,33040355.0,33040355.0,0,145,2023-05-11,2023-05-11,40.5,,Constantine Potamianos (Executive Officer); Nathaniel Bradley (Executive Officer); Joseph Battiato (Executive Officer); Sonia Choi (Executive Officer),https://www.sec.gov/cgi-bin/browse-edgar?action=getcompany&CIK=1882356&type=D
"Colliers Engineering & Design, Inc.",1982980,Holmdel,07733,Other,overFiveYears,False,Decline to Disclose,3,31970221.0,16955994.0,13585819.0,35,2023-05-05,2024-12-02,21.7,9.5,George Schwab IV (Director); Elias Mulamoottil (Director); Matthew Hawkins (Director); Kevin Haney (Executive Officer/Director); Brian Curtis (Executive Officer); Leonardo Ponzio (Executive Officer/Director),https://www.sec.gov/cgi-bin/browse-edgar?action=getcompany&CIK=1982980&type=D
"Cranium Al, Inc.",1969474,Short Hills,07078,Other Technology,2022,True,Decline to Disclose,3,31299998.0,19649998.0,0,61,2023-03-06,2023-10-16,35.3,3.7,Jay Leek (Director); Jonathan Dambrot (Executive Officer/Director); Felix Knoll (Executive Officer/Director); Gerhard Eschelbeck (Director); Marcus Bartram (Director),https://www.sec.gov/cgi-bin/browse-edgar?action=getcompany&CIK=1969474&type=D
Nuvolo Technologies Corp,1657367,Paramus,07652,Other Technology,overFiveYears,False,Decline to Disclose,1,30999970.0,30999970.0,0,11,2021-02-11,2021-02-11,67.4,,Henry Frankievich (Director); Michael Boggs (Director); Sam Brasch (Director); Daniel Goldsmith (Director); Laura Bottino (Director); Thomas Stanford (Executive Officer/Director),https://www.sec.gov/cgi-bin/browse-edgar?action=getcompany&CIK=1657367&type=D
Duality Technologies Inc.,1790904,Maplewood,07040,Other Technology,2016,True,Decline to Disclose,1,30000000.0,30000000.0,0,6,2021-07-12,2021-07-12,62.5,,George Kadifa (Director); Alon Kaufman (Executive Officer/Director); Vinod Vaikuntanathan (Executive Officer); Shafi Goldwasser (Executive Officer); Kurt Rohloff (Executive Officer); Roi Bar-Kat (Director); Rina Shainski (Executive Officer/Director); Taejoon Park (Director); Yuval Shachar (Director),https://www.sec.gov/cgi-bin/browse-edgar?action=getcompany&CIK=1790904&type=D
"Liberty Currency Reserve, LLC",1941738,Ridgewood,07450,Other Banking and Financial Services,2022,True,Decline to Disclose,1,30000000.0,30000000.0,0,1,2022-07-27,2022-07-27,50.0,,Vivek Tyagi (Executive Officer),https://www.sec.gov/cgi-bin/browse-edgar?action=getcompany&CIK=1941738&type=D
"AMICUS THERAPEUTICS, INC.",1178879,Princeton,08542,Biotechnology,overFiveYears,False,Decline to Disclose,1,29999985.0,29999985.0,0,2,2023-10-05,2023-10-05,35.7,,"John Crowley (Director); David Clark (Executive Officer); Eiry Roberts, M.D. (Director); Ellen Rosenberg (Executive Officer); Margaret McGlynn (Director); Craig Wheeler (Director); Michael Kelly (Director); Bradley Campbell (Executive Officer/Director); Michael Raab (Director); Simon Harford (Executive Officer); Glenn Sblendorio (Director); Burke Whitman (Director); Lynn Bleil (Director); Jeffrey Castelli, Ph.D. (Executive Officer)",https://www.sec.gov/cgi-bin/browse-edgar?action=getcompany&CIK=1178879&type=D
"Ablative Solutions, Inc.",1535723,Fair Haven,07704,Other Health Care,overFiveYears,False,Decline to Disclose,1,29333042.0,29333042.0,0,121,2023-03-31,2023-03-31,41.9,,Michael Fulton (Director); Paul Buckman (Director); David Fischell (Director); John Kerschen (Director); Andrew Tochterman (Director); Kate Rumrill (Executive Officer/Director); Lisa Mastromattei (Executive Officer); Geoff Pardo (Director); Ronald Bache (Director),https://www.sec.gov/cgi-bin/browse-edgar?action=getcompany&CIK=1535723&type=D
"Cyware Labs, Inc.",1786699,Jersey City,07310,Other Technology,overFiveYears,False,Decline to Disclose,1,28027030.0,28027030.0,0,10,2023-06-21,2023-06-21,39.2,,Alexander Doll (Director); Charles Collins (Director); Jain Akshat (Executive Officer/Director); Anthony Belfiore (Director); Anuj Goel (Executive Officer/Director); Eric Noeth (Director),https://www.sec.gov/cgi-bin/browse-edgar?action=getcompany&CIK=1786699&type=D
"SPROUT FOODS, INC",1427930,Montvale,07645,Other,overFiveYears,False,Decline to Disclose,1,28000000.0,28000000.0,0,1,2021-02-10,2021-02-10,67.4,,Scott Stevens (Director); Houston Lane (Director); Phil Sanford (Director); Capp Culver (Executive Officer/Director); Joseph Cavaliere (Director),https://www.sec.gov/cgi-bin/browse-edgar?action=getcompany&CIK=1427930&type=D
"Hepion Pharmaceuticals, Inc.",1583771,Edison,08837,Pharmaceuticals,overFiveYears,False,Decline to Disclose,3,27900004.0,20000000.0,0,16,2022-11-04,2024-07-19,26.2,10.2,Kaouthar Lbiati (Director); John Cavan (Executive Officer); Michael Purcell (Director); Timothy Block (Director); John Brancaccio (Director),https://www.sec.gov/cgi-bin/browse-edgar?action=getcompany&CIK=1583771&type=D
VASCULAR THERAPIES INC,1342710,Cresskill,07626,Biotechnology,overFiveYears,False,Decline to Disclose,2,27712154.0,23963442.0,0,150,2021-08-13,2022-02-18,55.2,6.2,Robert Flanagan (Director); Allan Tessler (Director); Gerald Dorros (Director); Robert Croce (Director); Andrew Midler (Director); John McDermott (Executive Officer/Director); Sriram Iyer (Executive Officer/Director); Daniel Ryan (Director); Somu Subramaniam (Director),https://www.sec.gov/cgi-bin/browse-edgar?action=getcompany&CIK=1342710&type=D
Sporttrade Inc.,1875936,Camden,08103,Other,2018,True,Decline to Disclose,1,26387513.0,26387513.0,0,26,2021-06-16,2021-06-16,63.3,,Thomas Wittman (Director); Alexander Kane (Executive Officer/Director); David Frohardt-Lane (Director),https://www.sec.gov/cgi-bin/browse-edgar?action=getcompany&CIK=1875936&type=D
"Health Recovery Solutions, Inc.",1562357,Hoboken,07030,Other Technology,overFiveYears,False,Decline to Disclose,1,25374617.0,25374617.0,0,5,2021-03-04,2021-03-04,66.7,,Jarrett Bauer (Executive Officer/Director); Rohan Udeshi (Executive Officer/Director); Gregg Michaelson (Director); Patrick O'Keefe (Director); Sasank Aleti (Director); Scott Perricelli (Director),https://www.sec.gov/cgi-bin/browse-edgar?action=getcompany&CIK=1562357&type=D
"Arya For Work, Inc.",2024148,Princeton,08540,Other,2022,True,Decline to Disclose,2,25314302.0,18079306.0,18079306.0,30,2024-05-10,2025-08-18,13.2,15.3,Kunal Sarda (Executive Officer/Director/Promoter); Aike Ho (Director); Arunram Kalaiselvan (Director); Byron Ling (Director),https://www.sec.gov/cgi-bin/browse-edgar?action=getcompany&CIK=2024148&type=D
"CALADRIUS BIOSCIENCES, INC.",320017,Basking Ridge,07920,Biotechnology,overFiveYears,False,Decline to Disclose,1,25000000.0,25000000.0,0,23,2021-01-25,2021-01-25,68.0,,Steven Klosk (Director); Gregory Brown (Director); Steven Myers (Director); Cynthia Schwalm (Director); Peter Traber (Director); Anne Whitaker (Director); David Mazzo (Executive Officer/Director); Michael Davidson (Director),https://www.sec.gov/cgi-bin/browse-edgar?action=getcompany&CIK=320017&type=D
"trialmatch.me, Inc.",1788361,Closter,07624,Other Technology,2017,True,Decline to Disclose,2,24999649.0,19999661.0,0,31,2021-02-10,2022-01-31,55.8,11.7,Daniel Ruch (Director); Robert Greene (Director); Tzvia Bader (Executive Officer/Director); Scott Barclay (Director),https://www.sec.gov/cgi-bin/browse-edgar?action=getcompany&CIK=1788361&type=D
Princeton Nuenergy Inc.,2000535,Bordentown,08505,Other Technology,2019,True,Decline to Disclose,1,23997611.0,23997611.0,0,34,2023-10-26,2023-10-26,35.0,,Jerry Wang (Director); Xiaofang Yang (Director); Chao Yan (Executive Officer/Director),https://www.sec.gov/cgi-bin/browse-edgar?action=getcompany&CIK=2000535&type=D
"Jackson Rose Venture II, LLC",2006461,Seaside Park,08752,Other,2023,True,Decline to Disclose,1,23785000.0,23785000.0,0,98,2023-12-21,2023-12-21,33.1,,Kevin DeRosa (Executive Officer),https://www.sec.gov/cgi-bin/browse-edgar?action=getcompany&CIK=2006461&type=D
"Acuitive Technologies, Inc.",1864239,Allendale,07401,Other Health Care,overFiveYears,False,Decline to Disclose,3,22535435.0,12960435.0,0,53,2021-05-10,2023-12-01,33.8,15.4,Alex Khowaylo (Executive Officer/Director); David Washburn (Executive Officer/Director); Gary Fischetti (Director); James Maylayter (Director); Vincent Forlenza (Director); Michael McCarthy (Executive Officer/Director),https://www.sec.gov/cgi-bin/browse-edgar?action=getcompany&CIK=1864239&type=D
BOKKSU INC.,1768977,Carlstadt,07072,Retailing,2018,True,Decline to Disclose,1,22460469.0,22460469.0,0,40,2021-07-30,2021-07-30,61.9,,Danny Taing (Executive Officer/Director); Jonathan Shulkin (Director),https://www.sec.gov/cgi-bin/browse-edgar?action=getcompany&CIK=1768977&type=D
"Covera Health, Inc.",1722373,North Bergen,07047,Other Health Care,2017,True,Decline to Disclose,1,22395814.0,22395814.0,0,7,2021-08-04,2021-08-04,61.7,,Allyson White (Director); Ron Vianu (Executive Officer/Director); Raz Winiarsky (Executive Officer/Director),https://www.sec.gov/cgi-bin/browse-edgar?action=getcompany&CIK=1722373&type=D
REE Holdings I Corp.,1955298,Trenton,08638,Other Energy,2022,True,Decline to Disclose,1,22109870.0,22109870.0,0,19,2022-11-04,2022-11-04,46.7,,BARON CARLSON (Executive Officer/Director); MICHELLE MARCELLUS (Executive Officer); JOHN KLOHOKER (Executive Officer); BLAKE LIEBLING (Executive Officer/Director); TIMOTHY WHELAN (Executive Officer/Director); Robert Tangredi (Director); REES THOMAS (Director); ERIC KOWNACKI (Executive Officer/Director); CARDIE SAUNDERS (Director); STEVEN DECILLIS II (Executive Officer); ALAN WILKINSON (Executive Officer/Director); MICHAEL MOTHERSBAUGH (Executive Officer/Director); BARBARA BURNS (Executive Officer),https://www.sec.gov/cgi-bin/browse-edgar?action=getcompany&CIK=1955298&type=D
Vahan Inc.,1886516,Franklin Lakes,07417,Other Technology,overFiveYears,False,Decline to Disclose,3,21896529.0,14768543.0,0,50,2021-09-10,2024-08-27,24.9,17.8,Suren Dutia (Director); Madhav Krishna (Executive Officer/Director/Promoter); Rishi Srivastava (Director),https://www.sec.gov/cgi-bin/browse-edgar?action=getcompany&CIK=1886516&type=D
"BioAegis Therapeutics, Inc.",1546604,Morristown,07960,Biotechnology,overFiveYears,False,Decline to Disclose,1,21770592.0,21770592.0,0,27,2021-12-23,2021-12-23,57.1,,Valerie Ceva (Executive Officer/Director); Mark DiNubile (Executive Officer/Director); Susan Levinson (Executive Officer/Director),https://www.sec.gov/cgi-bin/browse-edgar?action=getcompany&CIK=1546604&type=D
"Ceptur Therapeutics, Inc.",1810375,Hillsborough,08844,Biotechnology,2021,True,Decline to Disclose,1,21499994.0,21499994.0,0,9,2021-12-22,2021-12-22,57.1,,Aaron Kantoff (Director); Paiman Ghoroghchian (Executive Officer/Director); Daniel Heller (Director); Samuel Gunderson (Director),https://www.sec.gov/cgi-bin/browse-edgar?action=getcompany&CIK=1810375&type=D
"Novata, Inc.",1892433,Mantoloking,08738,Other Technology,2021,True,Decline to Disclose,1,20749990.0,20749990.0,0,12,2021-10-29,2021-10-29,58.9,,Tasha Matharu (Director); Scott Kennedy (Executive Officer); Pavani Thagirisa (Director); Christina Alfonso-Ercan (Executive Officer); Chris Jurgens (Director); Alexander Friedman (Executive Officer/Director); Erik Hirsch (Director),https://www.sec.gov/cgi-bin/browse-edgar?action=getcompany&CIK=1892433&type=D
"Vinci Pharmaceuticals, Inc.",1785495,Avon By The Sea,07717,Other Health Care,overFiveYears,False,Decline to Disclose,1,20218331.0,20218331.0,20218331.0,53,2026-01-02,2026-01-02,8.7,,Sarah Hassan (Director); Richard Lindstrom (Director); Sigurd Kirk (Director); Neil Austrian Jr. (Director); Philip Gioia (Executive Officer/Director),https://www.sec.gov/cgi-bin/browse-edgar?action=getcompany&CIK=1785495&type=D
Tiger Biotherapeutics Inc.,1972279,Cranbury,08512,Other Technology,2023,True,Decline to Disclose,1,20000230.0,20000230.0,0,4,2023-03-23,2023-03-23,42.1,,Jie FAN (Executive Officer/Director); Quan ZHOU (Director); Bihua Chen (Director),https://www.sec.gov/cgi-bin/browse-edgar?action=getcompany&CIK=1972279&type=D
"Citius Pharmaceuticals, Inc.",1506251,Cranford,07016,Pharmaceuticals,overFiveYears,False,Decline to Disclose,1,20000012.0,20000012.0,0,7,2021-01-27,2021-01-27,67.9,,Carol Webb (Director); Suren Dutia (Director); Leonard Mazur (Executive Officer/Director); Myron Holubiak (Executive Officer/Director); Eugene Holuka (Director); Jaime Bartushak (Executive Officer); William Kane (Director); Howard Safir (Director),https://www.sec.gov/cgi-bin/browse-edgar?action=getcompany&CIK=1506251&type=D
AR CPT Holdings Inc.,2057507,Hackensack,07601,Other Health Care,2025,True,Decline to Disclose,1,19594855.0,19594855.0,19594855.0,8,2025-02-14,2025-02-14,19.3,,James Clark (Director); Frank Liporace (Director); Andrew Cothrel (Director); Edwin Diaz (Executive Officer); Demetri Soteropoulos (Executive Officer/Director); Salvatore Leo (Executive Officer/Director),https://www.sec.gov/cgi-bin/browse-edgar?action=getcompany&CIK=2057507&type=D
Calamu Technologies Corp,1906454,Asbury,08802,Other Technology,2019,True,Decline to Disclose,1,19475002.0,19475002.0,0,41,2022-01-12,2022-01-12,56.4,,John Stewart (Director); Steve Ward (Director); Paul Lewis (Executive Officer/Director); Lou Ryan (Director),https://www.sec.gov/cgi-bin/browse-edgar?action=getcompany&CIK=1906454&type=D
"Linnaeus Therapeutics, Inc.",1752026,Haddonfield,08033,Biotechnology,overFiveYears,False,Decline to Disclose,5,19424064.0,5824155.0,6167000.0,64,2021-08-09,2026-02-17,7.2,13.6,Patrick Mooney (Executive Officer/Director); Todd Thomson (Director); James Demetriades (Director); Chris Arendt (Director); Michael Poisel (Director); John Lepping (Director),https://www.sec.gov/cgi-bin/browse-edgar?action=getcompany&CIK=1752026&type=D
CB World Management LLC,1926549,Iselin,08830,Other,2020,True,Decline to Disclose,2,19008599.0,19008599.0,19008599.0,3,2023-11-08,2024-11-01,22.8,11.8,David Katz (Director); Thomas Ealy (Director); Beat Cabiallavetta (Director); Michael Choe (Director); Richard Eknoian (Executive Officer/Director); Anthony Arnold (Director); David Sheffer (Director); Mutian Rui (Director),https://www.sec.gov/cgi-bin/browse-edgar?action=getcompany&CIK=1926549&type=D
"RunPod, Inc.",2002761,Moorestown,08057,Other Technology,2022,True,Decline to Disclose,1,18517994.0,18517994.0,0,13,2023-11-20,2023-11-20,34.2,,Zhen Lu (Executive Officer/Director); Pardeep Singh (Executive Officer/Director),https://www.sec.gov/cgi-bin/browse-edgar?action=getcompany&CIK=2002761&type=D
"Synergy Pet Group, Inc.",1976163,Lakewood,08701,Other,2023,True,Decline to Disclose,1,18499954.0,18499954.0,0,1,2023-04-21,2023-04-21,41.2,,Rochel Ostreicher (Executive Officer/Director); Haskell Nebenzahl (Executive Officer/Director); Matthew Koven (Director),https://www.sec.gov/cgi-bin/browse-edgar?action=getcompany&CIK=1976163&type=D
"Cyclacel Pharmaceuticals, Inc.",1130166,Berkeley Heights,07922,Biotechnology,overFiveYears,False,Decline to Disclose,6,18062112.0,8000000.0,3062112.0,9,2020-12-18,2025-03-21,18.2,10.2,Avraham Ben-Tzvi (Director); Kiu Seng (Executive Officer); David Natan (Director); Kwang Chong (Director); Datuk Dr. Doris Wong Sing Ee (Executive Officer),https://www.sec.gov/cgi-bin/browse-edgar?action=getcompany&CIK=1130166&type=D
CLIO LLC,1745657,Piscataway,08854,Other,overFiveYears,False,Decline to Disclose,1,17810913.0,17810913.0,0,13,2022-09-09,2022-09-09,48.5,,Julian Steinberg (Director); Rafael Rodas (Executive Officer); John Bush (Director); John Thompson (Executive Officer); Alyssa Ferenz (Director); John McGuckin (Executive Officer); Sergey Konchakovskiy (Executive Officer/Director/Promoter),https://www.sec.gov/cgi-bin/browse-edgar?action=getcompany&CIK=1745657&type=D
"Provenance Blockchain Labs, Inc.",2043053,Monmouth Beach,07750,Other Technology,2024,True,No Revenues,2,17650200.0,15000200.0,17650200.0,23,2024-10-25,2024-11-12,22.4,0.6,"Ira Miller (Executive Officer); June Ou (Director); Dr. Sachin Jaitly (Director); Anthony Moro (Executive Officer/Director); Mike Cagney (Director); Alfred Macdaniel, Jr. (Director); Dan Garzia (Executive Officer)",https://www.sec.gov/cgi-bin/browse-edgar?action=getcompany&CIK=2043053&type=D
Onyx East Hanover LLC,1898984,Woodbridge,07095,Construction,2021,True,Decline to Disclose,1,17500000.0,17500000.0,0,30,2021-12-07,2021-12-07,57.6,,"n/a Onyx East Hanover Manager, LLC (Executive Officer/Director/Promoter); John Saraceno (Promoter); Jonathan Schultz (Promoter)",https://www.sec.gov/cgi-bin/browse-edgar?action=getcompany&CIK=1898984&type=D
IoTecha Corp,1675099,Cranbury,08512,Other Technology,overFiveYears,False,Decline to Disclose,2,17435925.0,12217953.0,0,20,2020-12-22,2021-05-26,64.0,5.1,Michael Macaluso (Director); Jean Lasserre (Director); Oleg Logvinov (Executive Officer/Director); Maciej Kranz (Director); Shaun Healey (Director); WY Lin (Director); Ruben Sklar (Executive Officer/Director); Shannon O'Donnell (Director),https://www.sec.gov/cgi-bin/browse-edgar?action=getcompany&CIK=1675099&type=D
K-9 Holdings LLC,1852076,Berkeley Heights,07922,Other,overFiveYears,False,Decline to Disclose,3,16871184.0,10000000.0,4871184.0,5,2021-03-09,2025-04-22,17.1,24.7,Steven Parker (Executive Officer/Director); Steven Beagelman (Director); Bernard Markey (Director); Philip Nisbet (Director); William Stewart (Director); Jason Parker (Executive Officer/Director); Scott Troeller (Director),https://www.sec.gov/cgi-bin/browse-edgar?action=getcompany&CIK=1852076&type=D
"Home Surplus Holdings, LLC",1927720,Keyport,07735,Retailing,2022,True,Decline to Disclose,1,16625600.0,16625600.0,0,20,2022-04-11,2022-04-11,53.5,,n/a Schwartz Family Holdings LLC (Director); Joel Schwartz (Executive Officer/Promoter),https://www.sec.gov/cgi-bin/browse-edgar?action=getcompany&CIK=1927720&type=D
"Neumentum, Inc.",1720959,Summit,07901,Pharmaceuticals,overFiveYears,False,Decline to Disclose,1,16559757.0,16559757.0,0,33,2021-09-30,2021-09-30,59.8,,Taggart McGurrin (Executive Officer); Joseph Pergolizzi (Director); August Moretti (Director); Andrew Blank (Director),https://www.sec.gov/cgi-bin/browse-edgar?action=getcompany&CIK=1720959&type=D
"Think Alpha Holdings, Inc.",2017804,Princeton,08542,Other Technology,overFiveYears,False,Decline to Disclose,1,16533319.0,16533319.0,0,8,2023-12-29,2023-12-29,32.9,,Raymond Holland (Director); Omar Kathwari (Executive Officer/Director),https://www.sec.gov/cgi-bin/browse-edgar?action=getcompany&CIK=2017804&type=D
"Elligint Health, Inc.",2051403,Edison,08837,Other Technology,2024,True,Decline to Disclose,2,16323838.0,13123838.0,16323838.0,58,2024-12-27,2024-12-27,20.9,0.0,Sumesh Poyil (Executive Officer); Adam Sabloff (Director); Enrico Picozza (Director); Steven Tolle (Director); Chris Caramanico (Executive Officer/Director); Michael Ludwig (Director); Ashish Kapoor (Director); Lenard Marcus (Director); Danielle Bellanger (Director); Gregg Michaelson (Director),https://www.sec.gov/cgi-bin/browse-edgar?action=getcompany&CIK=2051403&type=D
"Ayala Pharmaceuticals, Inc.",1100397,Monmouth Junction,08852,Biotechnology,overFiveYears,False,Decline to Disclose,3,16277346.0,11093521.0,0,11,2021-04-14,2023-10-18,35.2,15.1,Andres Gutierrez (Executive Officer); Igor Gitelman (Executive Officer); Pini Orbach (Director); Murray Goldberg (Director); Vered Bisker-Leib (Director); Yuval Cabilly (Director); Bridget Martell (Director); Roy Golan (Executive Officer); Robert Spiegel (Director); David Sidransky (Director); Roni Appel (Director); Ken Berlin (Director/Executive Officer),https://www.sec.gov/cgi-bin/browse-edgar?action=getcompany&CIK=1100397&type=D
"Nuvectis Pharma, Inc.",1875558,Fort Lee,07024,Biotechnology,2020,True,Decline to Disclose,1,15878637.0,15878637.0,0,19,2022-07-27,2022-07-27,50.0,,James Oliviero (Director); Enrique Poradosu (Executive Officer); Matthew Kaplan (Director); Michael Carson (Executive Officer); Kenneth Hoberman (Director); Ron Bentsur (Executive Officer/Director); Shay Shemesh (Executive Officer),https://www.sec.gov/cgi-bin/browse-edgar?action=getcompany&CIK=1875558&type=D
"Kanvas Biosciences, Inc.",1980849,Monmouth Junction,08852,Other Health Care,2020,True,Decline to Disclose,2,15689994.0,11775000.0,0,66,2023-06-01,2024-03-04,30.7,9.1,Paul Theunissen (Director); Jason Pontin (Director); Matthew Cheng (Executive Officer/Director); Hao Shi (Executive Officer/Director),https://www.sec.gov/cgi-bin/browse-edgar?action=getcompany&CIK=1980849&type=D
"IntelliSite Holdings, LLC",1811022,Teaneck,07666,Other,2020,True,Decline to Disclose,1,15470000.0,15470000.0,0,14,2020-12-11,2020-12-11,69.4,,Kenneth Mills (Executive Officer); Mario Campos (Executive Officer); Jorge Campos (Executive Officer); Keith Pennell (Executive Officer); Ke Ding (Executive Officer); Bradley Almond (Director),https://www.sec.gov/cgi-bin/browse-edgar?action=getcompany&CIK=1811022&type=D
Evergreen Theragnostics Inc.,1816034,Springfield,07081,Pharmaceuticals,2019,True,Decline to Disclose,1,15461652.0,15461652.0,0,58,2022-12-15,2022-12-15,45.3,,Serge Lyashchenko (Director); Sharon Roded (Director); Enrico De Maria (Director); Gerard Ber (Director); James Cook (Executive Officer/Director),https://www.sec.gov/cgi-bin/browse-edgar?action=getcompany&CIK=1816034&type=D
"Malbec Solutions, Inc.",1731758,Somerset,08873,Computers,2017,True,Decline to Disclose,1,15300000.0,15300000.0,0,5,2021-09-24,2021-09-24,60.0,,Nathaneal Lentz (Director); Madhusudan Poolu (Executive Officer); Hemanth Puttaswamy (Executive Officer/Director); John Ale (Director); Maitreya Patel (Executive Officer/Director),https://www.sec.gov/cgi-bin/browse-edgar?action=getcompany&CIK=1731758&type=D
"Centry Pharma, Inc.",1859637,Fort Lee,07024,Pharmaceuticals,2020,True,Decline to Disclose,1,15299999.0,15299999.0,0,43,2021-05-23,2021-05-23,64.1,,Kenneth Hoberman (Director); Uri Ben-Or (Executive Officer); Ron Bentsur (Executive Officer/Director); Shay Shemesh (Executive Officer); James Oliviero (Director); Matthew Kaplan (Director); Enrique Poradosu (Executive Officer),https://www.sec.gov/cgi-bin/browse-edgar?action=getcompany&CIK=1859637&type=D
"Langan Engineering, Environmental, Surveying, Landscape Architecture & Geology, D.P.C.",2006529,Parsippany,07054,Environmental Services,overFiveYears,False,Decline to Disclose,2,15214134.0,10728354.0,4485780.0,81,2024-01-16,2025-04-15,17.3,14.9,Ronald Fuerst (Executive Officer); Ryan Linthicum (Executive Officer/Director); Richard Burrow (Executive Officer/Director); Marc Gallagher (Executive Officer); Chris Hager (Executive Officer); Donald Hodson (Executive Officer); Lori Simpson (Executive Officer/Director); Satyendu Yadavalli (Executive Officer); Robert Johnston (Executive Officer/Director); Rudolph Frizzi (Executive Officer); David Gockel (Executive Officer/Director); Alan Poeppel (Executive Officer/Director); Gregory Elko (Executive Officer/Director); George Leventis (Executive Officer/Director),https://www.sec.gov/cgi-bin/browse-edgar?action=getcompany&CIK=2006529&type=D
Uniken Inc.,1593428,Chatham Township,07928,Computers,overFiveYears,False,Decline to Disclose,1,15104694.0,15104694.0,15104694.0,12,2025-02-04,2025-02-04,19.6,,Gonzalo Alonso (Executive Officer/Director); Rodrigo Garcia (Director); Maria Ochoa Rosellini (Director),https://www.sec.gov/cgi-bin/browse-edgar?action=getcompany&CIK=1593428&type=D
Dashverse Corp.,1973726,Jersey City,07302,Other Technology,2022,True,Decline to Disclose,2,15056623.0,12816695.0,0,10,2023-04-07,2024-09-17,24.2,17.4,Sanidhya Narain (Executive Officer/Director); LALITH GUDIPATI (Director); NAMAN LAHOTY (Director); SOUMYADEEP MUKHERJEE (Director),https://www.sec.gov/cgi-bin/browse-edgar?action=getcompany&CIK=1973726&type=D
"DiRx, Inc.",1914245,East Brunswick,08816,Business Services,2020,True,Decline to Disclose,3,15009920.0,9009600.0,0,49,2020-09-18,2021-12-16,57.3,7.4,Peter Licata (Executive Officer); Simone Grapini-Goodman (Executive Officer); Satish Srinivasan (Executive Officer/Director); Guarav Abroal (Executive Officer); Benjamin Maizel (Executive Officer); Dimitrios Angeles (Executive Officer); Ravishanker Kovi (Director); Nagaraj Shagrithaya (Executive Officer/Director); George Thomas (Director); Naveen Paladugu (Director),https://www.sec.gov/cgi-bin/browse-edgar?action=getcompany&CIK=1914245&type=D
"Experic, LLC",2038894,Cranbury,08512,Other,overFiveYears,False,Decline to Disclose,1,15000001.0,15000001.0,0,8,2024-09-10,2024-09-10,24.5,,Thomas Weller (Director); Derek Hennecke (Director); William Mitchell (Director); Andrew Frazier (Director); Matthew Reber (Director); David Wood (Executive Officer/Director),https://www.sec.gov/cgi-bin/browse-edgar?action=getcompany&CIK=2038894&type=D
"One Kosmos, Inc.",1851408,Jersey City,07310,Other Technology,2017,True,Decline to Disclose,1,14999997.0,14999997.0,0,3,2021-02-04,2021-02-04,67.6,,Hemen Vimadalal (Executive Officer/Director),https://www.sec.gov/cgi-bin/browse-edgar?action=getcompany&CIK=1851408&type=D
"Grace Therapeutics, Inc.",1444192,Princeton,08540,Biotechnology,overFiveYears,False,No Revenues,1,14999985.0,14999985.0,14999985.0,14,2025-02-10,2025-02-10,19.4,,Robert J. DelAversano (Executive Officer); Amresh Kumar (Executive Officer); Prashant Kohli (Director/Executive Officer); Carrie D'Andrea (Executive Officer); S. George Kottayil (Director); Edward Neugeboren (Director); A. Brian Davis (Director); Dr. R. Loch Macdonald (Executive Officer); Vimal Kavuru (Director),https://www.sec.gov/cgi-bin/browse-edgar?action=getcompany&CIK=1444192&type=D
Pietra Inc.,1881009,Hoboken,07030,Retailing,2018,True,Decline to Disclose,1,14925000.0,14925000.0,0,11,2021-06-23,2021-06-23,63.1,,Ronak Trivedi (Executive Officer/Director),https://www.sec.gov/cgi-bin/browse-edgar?action=getcompany&CIK=1881009&type=D
"Love Corn USA, Inc.",1747204,Ho-Ho-Kus,07423,Other,overFiveYears,False,Decline to Disclose,3,14899997.0,6299997.0,6299997.0,4,2022-03-23,2025-03-14,18.4,17.9,Thomas Hadley (Director); Richard Gray (Director); James McCloskey (Executive Officer/Director); Gavin McCloskey (Executive Officer/Director); Shane Thakrar (Director); Marissa McCloskey (Executive Officer/Director); Mark Lyons (Director),https://www.sec.gov/cgi-bin/browse-edgar?action=getcompany&CIK=1747204&type=D
Doceree Inc,1920505,Short Hills,07078,Other Technology,overFiveYears,False,Decline to Disclose,2,14778035.0,10565021.0,4213014.0,5,2022-03-15,2024-10-03,23.7,30.7,Ashish Venkataramani (Director); Pulkit Jain (Executive Officer); Harshit Jain (Executive Officer/Director); Silky Jain (Director); Prakash Parthasarathy (Director); Rahul Gupta (Director),https://www.sec.gov/cgi-bin/browse-edgar?action=getcompany&CIK=1920505&type=D
AmeriCrew Inc.,1407573,Dumont,07628,Telecommunications,overFiveYears,False,Decline to Disclose,3,14694000.0,13824000.0,0,19,2021-05-10,2022-09-30,47.8,8.3,"Brian Weis (Director/Executive Officer); Jose Mercado, Jr. (Director); Paul Dunne (Director/Executive Officer); Ross DiMaggio (Director/Executive Officer)",https://www.sec.gov/cgi-bin/browse-edgar?action=getcompany&CIK=1407573&type=D
"563 Systems, LLC",1984509,Mount Laurel,08054,Other Technology,overFiveYears,False,Decline to Disclose,1,14399994.0,14399994.0,0,7,2023-06-23,2023-06-23,39.1,,Lawrence Berran (Director); James White (Executive Officer/Director); Michael DiPiano (Director); Gregory White (Director),https://www.sec.gov/cgi-bin/browse-edgar?action=getcompany&CIK=1984509&type=D
Beam Inc. /DE/,1897953,Sparta,07871,Other Technology,2020,True,Decline to Disclose,1,14221464.0,14221464.0,0,56,2021-11-12,2021-11-12,58.4,,Etwaru Dharmendra (Director); Steven Oesterle (Director); Carla Pickens (Director); R Wang (Director); Michael Sutcliff (Executive Officer/Director),https://www.sec.gov/cgi-bin/browse-edgar?action=getcompany&CIK=1897953&type=D
Linus Biotechnology Inc.,1918153,North Brunswick,08902,Biotechnology,2020,True,Decline to Disclose,2,14149992.0,7999997.0,0,7,2023-05-19,2024-07-29,25.9,14.4,Rafi Syed (Director); Amol Deshpande (Director); Ashok Krishnamurthi (Director); Manish Arora (Executive Officer/Director),https://www.sec.gov/cgi-bin/browse-edgar?action=getcompany&CIK=1918153&type=D
"Advanced Bio Development, Inc.",1696505,Englewood Cliffs,07632,Other,overFiveYears,False,Decline to Disclose,1,14065879.0,14065879.0,0,23,2020-09-01,2020-09-01,72.8,,Scott Greene (Executive Officer); Michael Tannenbaum (Director); Michael Farello (Director); M. Todd Bartee (Director); Mark French (Executive Officer/Director); Kawhi Leonard (Director); Dennis Robertson (Director); Ralph Ferrante (Director),https://www.sec.gov/cgi-bin/browse-edgar?action=getcompany&CIK=1696505&type=D
"Chronic Care Management, Inc.",1722987,Moorestown,08057,Other Health Care,2017,True,Decline to Disclose,3,13981267.0,6398523.0,0,56,2021-03-05,2022-08-10,49.5,8.6,Mitchell Daitz (Director); Dale Wollschleger (Director); John Hopper (Director); David Hunt (Executive Officer/Director); Mark Douglas (Executive Officer); Alex Washburn (Director); Russell Hirsch (Director); Andrew Schoenthal (Director),https://www.sec.gov/cgi-bin/browse-edgar?action=getcompany&CIK=1722987&type=D
Devron Corp,1833400,North Brunswick,08902,Other Technology,2020,True,Decline to Disclose,1,13814999.0,13814999.0,0,14,2022-02-01,2022-02-01,55.7,,Matthew Levinson (Director); Kartik Chopra (Executive Officer/Director),https://www.sec.gov/cgi-bin/browse-edgar?action=getcompany&CIK=1833400&type=D
"Eos Energy Enterprises, Inc.",1805077,Edison,08820,Other Energy,2019,True,Decline to Disclose,3,13750000.0,13750000.0,0,11,2023-01-18,2023-05-12,40.5,1.9,Alexander Dimitrief (Director); Claude Demby (Director); Joe Mastrangelo (Executive Officer/Director); Marian Walters (Director); Audrey Zibelman (Director); Jeffrey Bornstein (Director); Russell Stidolph (Director); Melissa Berube (Executive Officer); Nathan Kroeker (Executive Officer),https://www.sec.gov/cgi-bin/browse-edgar?action=getcompany&CIK=1805077&type=D
Enalare Therapeutics Inc.,1835701,Princeton,08540,Pharmaceuticals,2018,True,Decline to Disclose,2,13525875.0,12500000.0,0,13,2022-02-07,2022-08-08,49.6,6.0,Robert Yedid (Director); Mark Coleman (Director); Daniel Motto (Executive Officer); Joseph Pergolizzi (Executive Officer/Director); Gino Santini (Director); Joseph Petko (Director); Herman Cukier (Executive Officer/Director),https://www.sec.gov/cgi-bin/browse-edgar?action=getcompany&CIK=1835701&type=D
CollX Inc.,1911101,Haddonfield,08033,Other,2021,True,Decline to Disclose,4,13437777.0,8214999.0,8214999.0,41,2021-11-17,2024-11-01,22.8,11.8,Theodore Mann (Executive Officer/Director); Wesley Gottesman (Director),https://www.sec.gov/cgi-bin/browse-edgar?action=getcompany&CIK=1911101&type=D
"Imunon, Inc.",749647,Lawrenceville,08648,Biotechnology,overFiveYears,False,Decline to Disclose,2,13250001.0,10000000.0,3250001.0,7,2024-08-01,2025-05-27,16.0,9.8,David Gaiero (Executive Officer); James Dentzer (Director); Donald Braun (Director); Michael Tardugno (Executive Officer/Director); Frederick Fritz (Director); Stacy Lindborg (Executive Officer/Director); Christine Pellizzari (Director); Douglas Faller (Executive Officer); Susan Eylward (Executive Officer); Khursheed Anwer (Executive Officer),https://www.sec.gov/cgi-bin/browse-edgar?action=getcompany&CIK=749647&type=D
Eion Corp.,1959159,Princeton,08542,Other Technology,2020,True,Decline to Disclose,1,13064976.0,13064976.0,0,10,2022-12-08,2022-12-08,45.6,,Ian Sedgman (Director); Tom Shields (Director); Elliot Chang (Executive Officer/Director/Promoter); Lawrence Wolf (Executive Officer/Director/Promoter); Ryan Clinton (Director),https://www.sec.gov/cgi-bin/browse-edgar?action=getcompany&CIK=1959159&type=D
"CircleBlack, Inc.",1816802,Jersey City,07302,Other Technology,overFiveYears,False,Decline to Disclose,2,12573790.0,8250000.0,0,7,2021-10-28,2023-05-31,39.8,19.1,Lincoln Ross (Executive Officer/Director); Kipp Nelson (Director); Gaurav Bhandari (Director); Susan Michel (Director); W. Whamond (Director); Ranu Dayal (Director); Aron Miodownik (Director),https://www.sec.gov/cgi-bin/browse-edgar?action=getcompany&CIK=1816802&type=D
"ASCENDIA PHARMACEUTICALS, INC.",1855888,New Brunswick,08902,Pharmaceuticals,2021,True,Decline to Disclose,4,12500582.0,4999999.0,5000638.0,15,2021-04-07,2025-05-22,16.1,16.5,Shoufeng Li (Director); James Gale (Director); Jingjun Huang (Executive Officer/Director); Theron Odlaug (Director); Robert Bloder (Director),https://www.sec.gov/cgi-bin/browse-edgar?action=getcompany&CIK=1855888&type=D
"Gadget Software, Inc.",1691338,Hackensack,07601,Other Technology,overFiveYears,False,Decline to Disclose,1,12390876.0,12390876.0,0,18,2021-12-28,2021-12-28,56.9,,Rabindra Soni (Executive Officer/Director),https://www.sec.gov/cgi-bin/browse-edgar?action=getcompany&CIK=1691338&type=D
Scanifly Inc.,1840412,Hightstown,08520,Other Technology,2018,True,Decline to Disclose,2,12272412.0,10000002.0,0,18,2020-12-29,2022-02-17,55.2,13.6,Eric Chapman (Director); Gregory Makkay (Executive Officer/Director); Jason Steinberg (Executive Officer/Director); Marc Michel (Director); John Novak (Executive Officer/Director),https://www.sec.gov/cgi-bin/browse-edgar?action=getcompany&CIK=1840412&type=D
"Balcony Technology Group, Inc.",1996120,Hoboken,07030,Other,2021,True,Decline to Disclose,1,12032575.0,12032575.0,0,38,2023-09-29,2023-09-29,35.9,,Greggory Lester (Executive Officer/Director); Alexander McGee (Executive Officer/Director); Michael Reichel (Executive Officer/Director); Daniel Silverman (Executive Officer/Director),https://www.sec.gov/cgi-bin/browse-edgar?action=getcompany&CIK=1996120&type=D
"Genomic Prediction, Inc.",1897345,North Brunswick,08902,Other Health Care,2017,True,Decline to Disclose,1,11999988.0,11999988.0,0,20,2021-11-16,2021-11-16,58.3,,Laurent Tellier (Executive Officer/Director); Stephen Hsu (Executive Officer/Director); Nathan Mee (Director); Sailesh Ramakrishnan (Director),https://www.sec.gov/cgi-bin/browse-edgar?action=getcompany&CIK=1897345&type=D
"Futurestay, Inc.",1625942,New Brunswick,08901,Other Technology,overFiveYears,False,Decline to Disclose,1,11965026.0,11965026.0,0,52,2021-10-13,2021-10-13,59.4,,Thomas Wisniewski (Director); Jonathan Fabio (Director); S. Philip Kennard (Executive Officer/Director),https://www.sec.gov/cgi-bin/browse-edgar?action=getcompany&CIK=1625942&type=D
"JACKSON ROSE VENTURE I, LLC",1884802,Seaside Park,08752,Other,2021,True,Decline to Disclose,1,11865000.0,11865000.0,0,84,2021-10-19,2021-10-19,59.2,,Kevin Derosa (Executive Officer),https://www.sec.gov/cgi-bin/browse-edgar?action=getcompany&CIK=1884802&type=D
TearClear Corp.,1706975,Princeton,08540,Pharmaceuticals,overFiveYears,False,Decline to Disclose,1,11764262.0,11764262.0,0,70,2023-06-29,2023-06-29,38.9,,Richard Heinick (Director); Tyler Stowater (Director); Stuart Raetzman (Director); Srini Venkatesh (Executive Officer); Richard Harrison (Executive Officer); William Link (Director); Jeffry Weinhuff (Director),https://www.sec.gov/cgi-bin/browse-edgar?action=getcompany&CIK=1706975&type=D
"Durin Life Sciences, Inc.",1797306,Stratford,08084,Biotechnology,overFiveYears,False,Decline to Disclose,2,11699900.0,6200000.0,0,5,2021-03-16,2023-10-17,35.3,31.0,Maribeth Bluyus (Executive Officer); Robert Nagele (Director); Rene Chaze (Director),https://www.sec.gov/cgi-bin/browse-edgar?action=getcompany&CIK=1797306&type=D
"STANDARD EULER, INC.",1654483,Newark,07102,Other,overFiveYears,False,Decline to Disclose,1,11283549.0,11283549.0,0,24,2022-04-25,2022-04-25,53.0,,Kenny Tay (Executive Officer/Director); Hector Macquarrie (Director); John Hein (Director); Daniel Myers (Executive Officer/Director); Sam Hasty (Director),https://www.sec.gov/cgi-bin/browse-edgar?action=getcompany&CIK=1654483&type=D
GAXOS.AI INC.,1895618,Roseland,07068,Other Technology,2021,True,Decline to Disclose,3,11159172.0,5000005.0,9040012.0,36,2021-12-31,2024-12-26,21.0,17.9,Alex Kisin (Director); Adam Holzer (Director); Steven Shorr (Executive Officer/Director); Vadim Mats (Executive Officer/Director); Scott Grayson (Director),https://www.sec.gov/cgi-bin/browse-edgar?action=getcompany&CIK=1895618&type=D
"K1X, Inc.",1994776,Morristown,07960,Other,2022,True,Decline to Disclose,1,11019264.0,11019264.0,0,1,2024-09-06,2024-09-06,24.6,,John LaMancuso (Executive Officer),https://www.sec.gov/cgi-bin/browse-edgar?action=getcompany&CIK=1994776&type=D
911INFORM HOLDINGS INC.,1866935,Wall,07727,Telecommunications,2020,True,"$5,000,001 - $25,000,000",1,11004000.0,11004000.0,0,19,2021-06-14,2021-06-14,63.4,,Ivo Allen (Executive Officer),https://www.sec.gov/cgi-bin/browse-edgar?action=getcompany&CIK=1866935&type=D
"Pinata Rent, Inc.",1810837,Newark,07102,Other Technology,2019,True,Decline to Disclose,4,10875000.0,8000000.0,0,8,2021-04-27,2023-08-11,37.5,9.2,Lily Liu (Executive Officer/Director); Dimitri Falk (Executive Officer/Director); Jason Kimmel (Director); Michael Fawkes (Director); Adam Demuyakor (Director),https://www.sec.gov/cgi-bin/browse-edgar?action=getcompany&CIK=1810837&type=D
"electroCore, Inc.",1560258,Rockaway,07866,Other Health Care,overFiveYears,False,Decline to Disclose,10,10695372.0,7845000.0,1856000.0,29,2021-09-20,2025-10-06,11.6,5.4,Patricia Wilber (Director); Daniel Goldberger (Executive Officer/Director); Julie Goldstein (Director); Joshua Lev (Executive Officer); Thomas Errico (Director); Elena Bonfiglioli (Director); James Theofilos (Director); Thomas Patton (Director); John Gandolfo (Director),https://www.sec.gov/cgi-bin/browse-edgar?action=getcompany&CIK=1560258&type=D
"Hive Brands Holdings, Inc.",1837862,Freehold,07728,Retailing,2020,True,Decline to Disclose,2,10518180.0,7180257.0,0,36,2021-12-06,2023-12-13,33.4,24.2,Scott Morris (Director); Katie Tyson (Executive Officer),https://www.sec.gov/cgi-bin/browse-edgar?action=getcompany&CIK=1837862&type=D
"Partake Foods, Inc.",1725059,Jersey City,07310,Other,overFiveYears,False,Decline to Disclose,1,10482644.0,10482644.0,0,50,2022-03-31,2022-03-31,53.8,,Larry Marcus (Director); Irene Chang Britt (Director); Charles Muth (Director); Robert Kavner (Director); Denise Woodard (Executive Officer/Director/Promoter),https://www.sec.gov/cgi-bin/browse-edgar?action=getcompany&CIK=1725059&type=D
FPG Inc.,1882174,Hoboken,07030,Other Technology,2018,True,Decline to Disclose,1,10429122.0,10429122.0,0,50,2021-08-30,2021-08-30,60.8,,John Peurifoy (Executive Officer/Director); Van Phuong Phu (Executive Officer/Director); Kevin March (Executive Officer/Director),https://www.sec.gov/cgi-bin/browse-edgar?action=getcompany&CIK=1882174&type=D
"Avibra, Inc.",1792135,Iselin,08830,Other Technology,overFiveYears,False,Decline to Disclose,2,10344991.0,7184997.0,0,13,2021-04-13,2024-09-19,24.2,41.2,Yogesh Shetty (Executive Officer/Director); John Kim (Director); Jim Feuille (Director),https://www.sec.gov/cgi-bin/browse-edgar?action=getcompany&CIK=1792135&type=D
dottxt Inc.,2005263,Jersey City,07310,Other Technology,2023,True,Decline to Disclose,2,10337015.0,7637015.0,0,5,2023-12-12,2024-08-01,25.8,7.7,Julien Hobeika (Director); Clement Vanden Driessche (Director); Daniel Gerlanc (Executive Officer/Director); Remi Louf (Executive Officer/Director); Brandon Willard (Director),https://www.sec.gov/cgi-bin/browse-edgar?action=getcompany&CIK=2005263&type=D
"Outerspace Ops, Inc.",1880063,Carlstadt,07072,Other Technology,2019,True,Decline to Disclose,2,10211314.0,5300600.0,0,33,2019-06-21,2020-12-09,69.5,17.6,ALEX PESSALA (Executive Officer/Director); JOHN VICKERS (Director); RICKY CHOI (Executive Officer/Director); PHILIP MOLDAVSKI (Executive Officer),https://www.sec.gov/cgi-bin/browse-edgar?action=getcompany&CIK=1880063&type=D
"Antenna, Inc.",1835880,Chatham,07928,Other Technology,2019,True,Decline to Disclose,1,10149985.0,10149985.0,0,24,2022-02-16,2022-02-16,55.3,,Rameez Tase (Executive Officer/Director); Gordon Rubenstein (Director); Jonathan Carson (Director),https://www.sec.gov/cgi-bin/browse-edgar?action=getcompany&CIK=1835880&type=D
"AppWork Technologies, Inc.",2034676,Ramsey,07446,Other Technology,overFiveYears,False,Decline to Disclose,2,10137000.0,10000000.0,10000000.0,18,2024-08-15,2025-03-31,17.8,7.5,Akiva Landsberg (Executive Officer/Director); Naftali Halberg (Director); Israel Katz (Director),https://www.sec.gov/cgi-bin/browse-edgar?action=getcompany&CIK=2034676&type=D
"Plum Life, Inc.",1856224,Berkley Heights,07922,Other,2020,True,Decline to Disclose,2,10104666.0,7754666.0,0,24,2021-03-31,2022-02-09,55.5,10.3,Sajiv Mehra (Executive Officer/Director/Promoter); Gregory Kiernan (Director); Manish Bhatt (Executive Officer/Director/Promoter); Matthew Kinley (Director); Rahim Rajpar (Executive Officer/Director/Promoter); Amir Weiss (Executive Officer/Director/Promoter),https://www.sec.gov/cgi-bin/browse-edgar?action=getcompany&CIK=1856224&type=D
Blue Planet Training Inc,1674474,Montclair,07043,Other,overFiveYears,False,"$5,000,001 - $25,000,000",3,10080974.0,6118712.0,0,209,2018-03-12,2021-08-24,61.0,20.7,Adam Grant (Director); Giancarlo Esposito (Director); Michelle Lee (Director); Panagiotis Gianopoulos (Director); William Moran (Director); Molly Ringwald (Director); Cathy Wong (Executive Officer); Cherita McIntye (Director); Chris Varelas (Director); William Hoogterp Jr (Executive Officer/Director); Joanne Mallia-Barsati (Director); Kim Polese (Director); John Nugent (Director); Zhenguo Yao (Director); Jia Jiang (Director); Eddie Leung (Executive Officer); Jamie Merisotis (Director); David Fizdale (Director); Brian Boland (Director),https://www.sec.gov/cgi-bin/browse-edgar?action=getcompany&CIK=1674474&type=D
Avina Clean Hydrogen Inc.,1953878,Short Hills,07078,Other Energy,2021,True,Decline to Disclose,1,10000000.0,10000000.0,0,1,2022-09-16,2022-09-16,48.3,,Vishal Shah (Executive Officer),https://www.sec.gov/cgi-bin/browse-edgar?action=getcompany&CIK=1953878&type=D
"CANCER GENETICS, INC",1349929,Rutherford,07070,Biotechnology,overFiveYears,False,Decline to Disclose,1,10000000.0,10000000.0,0,6,2021-02-01,2021-02-01,67.7,,John Roberts (Executive Officer); Howard McLeod (Director); Geoffrey Harris (Director); Franklyn Prendergast (Director); Edmund Cannon (Director),https://www.sec.gov/cgi-bin/browse-edgar?action=getcompany&CIK=1349929&type=D
"ChemoMouthpiece, LLC",1977151,Closter,07624,Other Health Care,overFiveYears,False,No Revenues,1,10000000.0,10000000.0,0,1,2024-02-23,2024-02-23,31.0,,David Yoskowitz (Executive Officer),https://www.sec.gov/cgi-bin/browse-edgar?action=getcompany&CIK=1977151&type=D
Neurock Pharmaceuticals Inc.,2014918,Princeton,08540,Pharmaceuticals,2022,True,Decline to Disclose,1,10000000.0,10000000.0,0,1,2024-02-29,2024-02-29,30.8,,Haixing Wang (Executive Officer); Qingxi Wang (Director); Lei Cai (Executive Officer),https://www.sec.gov/cgi-bin/browse-edgar?action=getcompany&CIK=2014918&type=D
Nukkleus Inc.,1787518,Jersey City,07310,Other,2023,True,Decline to Disclose,1,10000000.0,10000000.0,10000000.0,1,2024-12-20,2024-12-20,21.2,,Reuven Yeganeh (Director); David Rokach (Director); Aviya Volodarsky (Director); Tomer Nagar (Director); Anastasiia Kotaieva (Director); Menachem Shalom (Executive Officer/Director),https://www.sec.gov/cgi-bin/browse-edgar?action=getcompany&CIK=1787518&type=D
"Slaine Insurance Holdings, LLC",1981179,Jersey City,07302,Other,2021,True,Decline to Disclose,1,10000000.0,10000000.0,0,1,2023-05-31,2023-05-31,39.8,,Travis Lewis (Executive Officer); Jason Jacobs (Executive Officer); Colin Smith (Executive Officer); Terrence McLean (Executive Officer/Director),https://www.sec.gov/cgi-bin/browse-edgar?action=getcompany&CIK=1981179&type=D
TRUE HEALTH INC.,1804472,Fair Lawn,07410,Other Health Care,2018,True,Decline to Disclose,1,10000000.0,10000000.0,0,43,2021-01-28,2021-01-28,67.9,,GENESIS GUANGA (Director); SA DONG (Director); GEORGE CHI (Executive Officer/Director),https://www.sec.gov/cgi-bin/browse-edgar?action=getcompany&CIK=1804472&type=D
Surefire Cyber Inc.,1907654,Summit,07901,Other Technology,2021,True,Decline to Disclose,1,9999998.0,9999998.0,0,3,2022-01-21,2022-01-21,56.1,,Andrew McClure (Director); Donald Dixon (Director); Cynthia Gula (Director); Mark Greisiger (Director); William Gouveia (Executive Officer/Director),https://www.sec.gov/cgi-bin/browse-edgar?action=getcompany&CIK=1907654&type=D
"U.S. Coachways, Inc.",2014582,Holmdel,07733,Other Travel,2024,True,Decline to Disclose,1,9999969.0,9999969.0,0,1,2024-02-26,2024-02-26,30.9,,Edward Telmany (Executive Officer/Director); Mark Telmany (Executive Officer/Director),https://www.sec.gov/cgi-bin/browse-edgar?action=getcompany&CIK=2014582&type=D
"Essex Finishing Holding Company, LLC",1905998,Avenel,07001,Manufacturing,2021,True,"$1 - $1,000,000",1,9762615.0,9762615.0,0,54,2021-12-28,2021-12-28,56.9,,Dave Rubenstein (Executive Officer),https://www.sec.gov/cgi-bin/browse-edgar?action=getcompany&CIK=1905998&type=D
Oilex Holding LLC,1985073,Fairfield,07004,Retailing,2023,True,Decline to Disclose,1,9595000.0,9595000.0,0,11,2023-06-29,2023-06-29,38.9,,"Jeffrey Dombcik (Director); Tiffany Hu (Executive Officer); David Hobbs (Executive Officer/Director); Holbrook Forusz (Director); n/a HTR Capital LLC (Promoter); Corbin Graves (Director); Asha Saxena (Director); Matthew Young (Director); Ron Morrow, Jr. (Director)",https://www.sec.gov/cgi-bin/browse-edgar?action=getcompany&CIK=1985073&type=D
"Transcend Software, Inc.",1863212,West Windsor,08550,Other,2019,True,Decline to Disclose,1,9500003.0,9500003.0,0,4,2021-05-07,2021-05-07,64.6,,John Haesler (Director); Ari Raivetz (Executive Officer/Director); Kip Frey (Director); Alexander Crowell (Director); Julia Sohajda (Director); Tien Sieh (Director),https://www.sec.gov/cgi-bin/browse-edgar?action=getcompany&CIK=1863212&type=D
"Leap Holdings, Inc.",1736876,Jersey City,07310,Other,2018,True,Decline to Disclose,2,9326558.0,6500000.0,0,10,2021-02-17,2023-04-07,41.6,25.6,"Richard O'Connell, Jr. (Executive Officer/Director/Promoter)",https://www.sec.gov/cgi-bin/browse-edgar?action=getcompany&CIK=1736876&type=D
Conjupro Biotherapeutics Inc.,1993155,Princeton,08540,Other,overFiveYears,False,Decline to Disclose,1,9321686.0,9321686.0,0,1,2023-09-01,2023-09-01,36.8,,Haixing Wang (Executive Officer); Qingxi Wang (Executive Officer/Director),https://www.sec.gov/cgi-bin/browse-edgar?action=getcompany&CIK=1993155&type=D
"TB FUND 1, LLC",1944059,Livingston,07039,Other Banking and Financial Services,2021,True,Decline to Disclose,1,9277888.0,9277888.0,0,125,2023-06-09,2023-06-09,39.6,,"ADITYA TRIVEDI (Executive Officer/Director); SUMIT SARAF (Executive Officer/Director); n/a TB Fund Manager, LLC (Executive Officer)",https://www.sec.gov/cgi-bin/browse-edgar?action=getcompany&CIK=1944059&type=D
"SocialSweet, Inc.",1719409,Morristown,07960,Other Technology,overFiveYears,False,Decline to Disclose,3,9156625.0,6781619.0,0,36,2021-01-07,2021-11-19,58.2,5.2,Thomas Mizzone (Director/Executive Officer); Hunter Middleton (Director); Lucas Cusimano (Director),https://www.sec.gov/cgi-bin/browse-edgar?action=getcompany&CIK=1719409&type=D
"Acute Medical Management, Inc.",1886286,Sparta,07871,Other Health Care,2020,True,Decline to Disclose,2,9028281.0,7083105.0,0,102,2022-05-18,2024-07-03,26.7,25.5,Andrew Dellapi (Director); Michael Gerardi (Director); Thomas Leisher (Executive Officer/Director/Promoter); Rick Poulton (Director/Promoter); David Schreck (Executive Officer/Director/Promoter),https://www.sec.gov/cgi-bin/browse-edgar?action=getcompany&CIK=1886286&type=D
Avlino Inc.,1935761,Matawan,07747,Computers,overFiveYears,False,"$1,000,001 - $5,000,000",1,8600000.0,8600000.0,0,4,2022-01-28,2022-01-28,55.9,,Gauthaman Vasudevan (Executive Officer); Ramana Jampala (Executive Officer),https://www.sec.gov/cgi-bin/browse-edgar?action=getcompany&CIK=1935761&type=D
"BDP Lackawanna Investors II, LLC",1841545,Montclair,07042,Construction,2021,True,Decline to Disclose,1,8500000.0,8500000.0,0,9,2021-01-26,2021-01-26,67.9,,David Placek (Executive Officer),https://www.sec.gov/cgi-bin/browse-edgar?action=getcompany&CIK=1841545&type=D
"Sonnet BioTherapeutics Holdings, Inc.",1106838,Princeton,08540,Biotechnology,overFiveYears,False,Decline to Disclose,3,8418000.0,3918000.0,3918000.0,10,2022-08-15,2024-12-10,21.5,13.9,John Cini (Executive Officer); Albert Dyrness (Director); Nailesh Bhatt (Director); Pankaj Mohan (Executive Officer/Director); Donald Griffith (Director); Susan Dexter (Executive Officer); Richard Kenny (Executive Officer); Raghu Rao (Director); Jay Cross (Executive Officer); Lori McNeil (Director),https://www.sec.gov/cgi-bin/browse-edgar?action=getcompany&CIK=1106838&type=D
"Ambit RD, Inc.",1939180,Morristown,07960,Other Technology,2021,True,Decline to Disclose,9,8415759.0,2040000.0,0,27,2022-04-30,2023-11-10,34.5,2.3,Edward Kitfield (Director); Robert Sederman (Executive Officer/Director),https://www.sec.gov/cgi-bin/browse-edgar?action=getcompany&CIK=1939180&type=D
SoupCan Investment LLC,1795311,Lawrenceville,08648,Other,2019,True,Decline to Disclose,1,8390000.0,8390000.0,0,22,2019-11-20,2019-11-20,82.2,,Xueying Li (Executive Officer),https://www.sec.gov/cgi-bin/browse-edgar?action=getcompany&CIK=1795311&type=D
Sion Inc.,1944751,Oceanport,07757,Other Technology,overFiveYears,False,Decline to Disclose,1,8349995.0,8349995.0,0,42,2022-08-31,2022-08-31,48.8,,IRVING BETESH (Executive Officer/Director); ANDY GREENFIELD (Director); ALFONS MUSRY (Executive Officer/Director),https://www.sec.gov/cgi-bin/browse-edgar?action=getcompany&CIK=1944751&type=D
Ironlight Group Inc.,1960430,Basking Ridge,07920,Other Technology,2022,True,Decline to Disclose,1,8319948.0,8319948.0,0,27,2022-12-28,2022-12-28,44.9,,Jake Moilanen (Executive Officer); Vivian Maese Bannon (Executive Officer/Director); Robert McGrath (Executive Officer/Director); Matthew Celebuski (Executive Officer/Director),https://www.sec.gov/cgi-bin/browse-edgar?action=getcompany&CIK=1960430&type=D
"Textnology, Inc.",1853468,Roseland,07068,Other Technology,2020,True,Decline to Disclose,2,8288064.0,7788064.0,0,67,2021-03-10,2024-02-23,31.0,35.5,Chris Tiffin (Executive Officer/Director),https://www.sec.gov/cgi-bin/browse-edgar?action=getcompany&CIK=1853468&type=D
Acreto Cloud Corp.,1788940,Jersey City,07307,Other Technology,overFiveYears,False,Decline to Disclose,2,8189364.0,5439364.0,0,25,2021-02-09,2024-03-26,30.0,37.5,Joe Silva (Director); Babak Pasdar (Executive Officer/Director); Easwaran Sundaram (Director); Thad Eidman (Executive Officer/Director),https://www.sec.gov/cgi-bin/browse-edgar?action=getcompany&CIK=1788940&type=D
"Ventis Medical, Inc.",1865505,Princeton,08540,Other Health Care,2020,True,Decline to Disclose,3,8156511.0,4144003.0,0,36,2021-05-21,2024-09-12,24.4,19.9,Karen Laub (Director/Executive Officer/Promoter); Greg Olsen (Director); Glenn Laub (Director/Executive Officer/Promoter),https://www.sec.gov/cgi-bin/browse-edgar?action=getcompany&CIK=1865505&type=D
Stark Lab Inc.,1913912,Princeton,08540,Other Technology,2020,True,Decline to Disclose,1,8014936.0,8014936.0,0,36,2022-02-11,2022-02-11,55.4,,Andrew McLoughlin (Director); Michael Fouquet (Executive Officer/Director); Catherine Noone (Executive Officer/Director),https://www.sec.gov/cgi-bin/browse-edgar?action=getcompany&CIK=1913912&type=D
Avotres Inc.,1841331,Hanover,07927,Biotechnology,overFiveYears,False,Decline to Disclose,2,8000000.0,4000000.0,0,6,2020-12-29,2023-05-02,40.8,28.1,Bruce Cooper (Director); Dan Zhao (Director); Jihong Chen (Director); Xi Qin (Director); Hong Jiang (Director); Alex Li (Director); John Houghton (Executive Officer); Biao He (Director),https://www.sec.gov/cgi-bin/browse-edgar?action=getcompany&CIK=1841331&type=D
"PodPlay Technologies, Inc.",2092582,Kearny,07032,Other Technology,2025,True,Decline to Disclose,1,8000000.0,8000000.0,8000000.0,4,2025-10-10,2025-10-10,11.5,,Max Kogler (Executive Officer),https://www.sec.gov/cgi-bin/browse-edgar?action=getcompany&CIK=2092582&type=D
Watch Fantom Inc.,1987217,Montclair,07043,Other Technology,2018,True,Decline to Disclose,1,7999991.0,7999991.0,0,43,2023-07-28,2023-07-28,37.9,,Zachary Rosenberg (Executive Officer/Director); Jeff Herbst (Director); James Altschuler (Executive Officer/Director),https://www.sec.gov/cgi-bin/browse-edgar?action=getcompany&CIK=1987217&type=D
"Pomelo Care, Inc.",1872337,Jersey City,07306,Other Technology,2021,True,Decline to Disclose,1,7959986.0,7959986.0,0,25,2021-06-18,2021-06-18,63.2,,Marta Kerns (Executive Officer/Director),https://www.sec.gov/cgi-bin/browse-edgar?action=getcompany&CIK=1872337&type=D
Starton Therapeutics Inc.,1743192,Paramus,07652,Biotechnology,overFiveYears,False,Decline to Disclose,7,7932224.0,2126035.0,2126035.0,95,2021-03-03,2024-10-10,23.5,7.2,Scott Kahn (Executive Officer); Nitin Kaushal (Director); Mohamad Hussein (Director); Eric Baum (Director); Roy Waldron (Director); Asher Chanan-Khan (Director); Pedro Lichtinger Waisman (Executive Officer/Director); Kenneth Anderson (Director); Moses Dodo (Director); Fotios Plakogiannis (Director); Jamie Oliver (Executive Officer),https://www.sec.gov/cgi-bin/browse-edgar?action=getcompany&CIK=1743192&type=D
"Creatd, Inc.",1357671,Fort Lee,07024,Other,overFiveYears,False,"$1 - $1,000,000",1,7777778.0,7777778.0,0,33,2021-01-04,2021-01-04,68.7,,Mark Patterson (Director); LaBrena Martin (Director); Laurie Weisberg (Executive Officer/Director); Leonard Schiller (Director); Justin Maury (Executive Officer); Chelsea Pullano (Executive Officer); Jeremy Frommer (Executive Officer/Director); Mark Standish (Director),https://www.sec.gov/cgi-bin/browse-edgar?action=getcompany&CIK=1357671&type=D
"Spring Hills Holdings II, LLC",1856482,Edison,08337,Other,2020,True,Decline to Disclose,1,7633000.0,7633000.0,0,66,2021-04-23,2021-04-23,65.1,,Alexander Markowits (Executive Officer),https://www.sec.gov/cgi-bin/browse-edgar?action=getcompany&CIK=1856482&type=D
"Haven Servicing, Inc.",1859536,Newark,07102,Other Technology,2019,True,Decline to Disclose,2,7514997.0,5514997.0,0,53,2021-05-04,2022-09-19,48.2,16.5,Christian Lawless (Director); Jonathan Chao (Executive Officer/Director); Nipun Kant (Executive Officer/Director); Sarah Liu (Director),https://www.sec.gov/cgi-bin/browse-edgar?action=getcompany&CIK=1859536&type=D
"GREENBLU, INC.",2006736,Hamilton,08609,Manufacturing,overFiveYears,False,Decline to Disclose,2,7500001.0,5000001.0,0,9,2024-01-03,2024-04-01,29.8,2.9,Michael Blatz (Director); Earl Jones (Director); Kevin Tritz (Executive Officer/Director); Howard Yuh (Executive Officer/Director),https://www.sec.gov/cgi-bin/browse-edgar?action=getcompany&CIK=2006736&type=D
"Kilimo, Inc.",1712324,Newark,19711,Other Technology,overFiveYears,False,Decline to Disclose,1,7500000.0,7500000.0,0,8,2024-06-12,2024-06-12,27.4,,Juan Abdala (Executive Officer/Director); Helge Daebel (Director); Jairo Trad (Executive Officer/Director); Oscar Pomar Hermosa (Executive Officer); Santiago Murthagh (Director),https://www.sec.gov/cgi-bin/browse-edgar?action=getcompany&CIK=1712324&type=D
Screenverse Inc.,2021931,Cranford,07016,Other,2020,True,Decline to Disclose,1,7500000.0,7500000.0,0,1,2024-04-30,2024-04-30,28.8,,Adam Malone (Director); Larry Cheng (Director); David Weinfeld (Executive Officer),https://www.sec.gov/cgi-bin/browse-edgar?action=getcompany&CIK=2021931&type=D
Caregility Corp,2099983,Wall Township,07753,Telecommunications,overFiveYears,False,Decline to Disclose,1,7486010.0,7486010.0,7486010.0,39,2025-05-30,2025-05-30,15.9,,Bruce Eatroff (Director); York Wang (Director); Tod Nestor (Executive Officer); Ronald Gaboury (Executive Officer/Director); David Shulkin (Director); Michael Brandofino (Executive Officer),https://www.sec.gov/cgi-bin/browse-edgar?action=getcompany&CIK=2099983&type=D
RLS Partners LLC,1905104,Mt. Laurel,08054,Other,2020,True,Decline to Disclose,2,7472982.0,7229876.0,0,6,2022-01-31,2023-03-17,42.3,13.5,Tarun Lalwani (Executive Officer); Russell Leo (Executive Officer); Ken Johnson (Executive Officer); Tom Casey (Executive Officer); Ken Whah (Executive Officer); Edward Shehwen (Executive Officer); N/A Sculptor RE Holdings XX LLC (Promoter); N/A RLS Partners LLC (Promoter),https://www.sec.gov/cgi-bin/browse-edgar?action=getcompany&CIK=1905104&type=D
"Drop Fitness, Inc.",1879143,Montvale,07645,Other,2017,True,Decline to Disclose,1,7333856.0,7333856.0,0,45,2021-03-08,2021-03-08,66.6,,James Balise III (Executive Officer),https://www.sec.gov/cgi-bin/browse-edgar?action=getcompany&CIK=1879143&type=D
Halfday Tonics Inc.,1937924,Laurel Springs,08021,Other,2023,True,Decline to Disclose,1,7290953.0,7290953.0,0,40,2023-08-10,2023-08-10,37.5,,Michael Lombardo (Executive Officer/Director/Promoter); Kayvon Jahanbakhsh (Director); Daniel Morad (Director),https://www.sec.gov/cgi-bin/browse-edgar?action=getcompany&CIK=1937924&type=D
Texture Corp.,1988123,Short Hills,07078,Other Technology,2023,True,Decline to Disclose,2,7230078.0,4979991.0,0,22,2023-06-13,2023-12-04,33.7,5.7,Sanjiv Sanghavi (Executive Officer/Director); Rick Zullo (Director); Victor Quinn (Executive Officer); Nicholas Brown (Executive Officer),https://www.sec.gov/cgi-bin/browse-edgar?action=getcompany&CIK=1988123&type=D
"EnaChip, Inc.",1881155,Jamesburg,08831,Other Technology,2016,True,Decline to Disclose,1,7100000.0,7100000.0,0,7,2021-08-16,2021-08-16,61.3,,Michael Cassidy (Director); Trifon Liakopoulos (Executive Officer/Director/Promoter); Michael Burychka (Director); Michael Poisel (Director); Mark Allen (Promoter),https://www.sec.gov/cgi-bin/browse-edgar?action=getcompany&CIK=1881155&type=D
"Credit Union of New Jersey, A Federal Credit Union",1930836,Ewing,08628,Other Banking and Financial Services,overFiveYears,False,Decline to Disclose,1,7000000.0,7000000.0,0,2,2022-05-20,2022-05-20,52.2,,Andrew Jaeger (Executive Officer),https://www.sec.gov/cgi-bin/browse-edgar?action=getcompany&CIK=1930836&type=D
"ZeroMark, Inc.",2024673,Scotch Plains,07076,Manufacturing,2022,True,Decline to Disclose,1,6966536.0,6966536.0,0,23,2024-05-14,2024-05-14,28.4,,Joel Anderson (Executive Officer/Director),https://www.sec.gov/cgi-bin/browse-edgar?action=getcompany&CIK=2024673&type=D
"JogoHealth, Inc.",1777982,Bridgewater,08807,Other Health Care,overFiveYears,False,Decline to Disclose,4,6872299.0,3297299.0,2175000.0,56,2021-07-31,2025-06-10,15.5,15.4,Sanjai Murali (Executive Officer/Director); Siva Nadarajah (Executive Officer/Director); Ari Bousbib (Director),https://www.sec.gov/cgi-bin/browse-edgar?action=getcompany&CIK=1777982&type=D
G3 Esports LLC,1870869,Egg Harbor Twp.,08234,Other Technology,2019,True,Decline to Disclose,2,6860000.0,5510000.0,0,23,2021-07-21,2022-04-15,53.4,8.8,James Hammerstedt (Executive Officer); Luis Gaud (Executive Officer),https://www.sec.gov/cgi-bin/browse-edgar?action=getcompany&CIK=1870869&type=D
KAI GROUP HOLDINGS INC,1734247,Ship Bottom,08008,Other Technology,2017,True,Decline to Disclose,1,6700000.0,6700000.0,0,44,2021-04-02,2021-04-02,65.8,,AnneMarie Zeni (Executive Officer); William Bartzak (Executive Officer/Director); Jay Stead (Director); Jonathan Clemente (Executive Officer); Jerre Stead (Director); Robert Druskin (Director); George Eleftheriades (Executive Officer),https://www.sec.gov/cgi-bin/browse-edgar?action=getcompany&CIK=1734247&type=D
"Digital Prime Technologies, Inc.",1790567,Jersey City,07310,Other Technology,overFiveYears,False,No Revenues,4,6670240.0,5000000.0,5000000.0,17,2021-03-31,2025-12-15,9.3,18.8,Robert Sherry (Executive Officer/Director); James Runnels (Executive Officer/Director); David Luci (Director),https://www.sec.gov/cgi-bin/browse-edgar?action=getcompany&CIK=1790567&type=D
Zing Tech Inc.,1914400,Tenafly,07670,Restaurants,2021,True,Decline to Disclose,1,6641647.0,6641647.0,0,20,2022-02-16,2022-02-16,55.3,,Tomer Zilkha (Director); Lior Prosor (Director); Avishai Shoham (Executive Officer/Director),https://www.sec.gov/cgi-bin/browse-edgar?action=getcompany&CIK=1914400&type=D
"Tharimmune, Inc.",1861657,Red Bank,07701,Biotechnology,overFiveYears,False,Decline to Disclose,3,6604160.0,2500000.0,4520000.0,42,2024-06-18,2025-06-13,15.4,5.9,Clay Kahler (Director); James Liddy (Director); Sireesh Appajosyula (Executive Officer/Director); Gary Stetz (Director); Sanam Parikh (Director); Vincent LoPriore (Executive Officer/Director),https://www.sec.gov/cgi-bin/browse-edgar?action=getcompany&CIK=1861657&type=D
"Brain Temp, Inc.",2045340,"Montclair,",07042,Other Technology,overFiveYears,False,Decline to Disclose,1,6595338.0,6595338.0,6595338.0,1,2024-11-04,2024-11-04,22.7,,Bryan Grulke (Director); Jeffrey Carr (Director); Terry Wall (Executive Officer/Director),https://www.sec.gov/cgi-bin/browse-edgar?action=getcompany&CIK=2045340&type=D
"Woodcrest Apartments I, LLC",2028755,Bridgewater,08807,Other,2024,True,No Revenues,1,6555000.0,6555000.0,0,91,2024-06-21,2024-06-21,27.1,,James Stuart (Executive Officer); Sanjay Hedge (Executive Officer); Kinjal Suchak (Executive Officer); Paul Williams (Executive Officer),https://www.sec.gov/cgi-bin/browse-edgar?action=getcompany&CIK=2028755&type=D
Get Ready Tour LLC,1803542,Summit,07901,Other,2020,True,Decline to Disclose,1,6500000.0,6500000.0,0,127,2020-04-10,2020-04-10,77.5,,Ira Pittelman (Executive Officer/Director); Tom Hulce (Executive Officer/Director),https://www.sec.gov/cgi-bin/browse-edgar?action=getcompany&CIK=1803542&type=D
LaGrange Cricket Holdings LLC,2090503,Edison,08820,Other,2024,True,Decline to Disclose,1,6404603.0,6404603.0,6404603.0,6,2025-09-22,2025-09-22,12.1,,Gurpreet Pasricha (Executive Officer),https://www.sec.gov/cgi-bin/browse-edgar?action=getcompany&CIK=2090503&type=D
Reset Technology Corp,1978959,Englewood Cliffs,07632,Other,2022,True,Decline to Disclose,1,6380511.0,6380511.0,0,16,2023-05-25,2023-05-25,40.0,,Justin Marks (Executive Officer); Clayton Teufel (Executive Officer); Mark Teufel (Executive Officer/Director); Tyler Brous (Director); Jim Blake (Director); Jason Shelton (Executive Officer/Director),https://www.sec.gov/cgi-bin/browse-edgar?action=getcompany&CIK=1978959&type=D
"RYL Company, LLC",1936243,Cape May Court House,08210,Other,2022,True,Decline to Disclose,1,6300000.0,6300000.0,0,12,2022-06-07,2022-06-07,51.6,,Blodin Ukella (Director),https://www.sec.gov/cgi-bin/browse-edgar?action=getcompany&CIK=1936243&type=D
"Blue Stripes, Inc.",1819153,Closter,07624,Other,overFiveYears,False,Decline to Disclose,1,6150000.0,6150000.0,0,21,2022-12-22,2022-12-22,45.1,,Oren Maor (Director); Ofer Koren (Director); Nir Caspi (Director); Scott Collier (Director); Kristoffel Meulen (Director); Aviv Schwietzer (Executive Officer); Oded Brenner (Executive Officer/Director); Ricky Neumann (Director),https://www.sec.gov/cgi-bin/browse-edgar?action=getcompany&CIK=1819153&type=D
Fidelis Animal Health Inc.,1869472,North Brunswick,08902,Pharmaceuticals,overFiveYears,False,Decline to Disclose,2,6129709.0,5129692.0,0,18,2021-04-26,2024-02-16,31.3,33.7,Andrew Midler (Director); Michael Wells (Executive Officer/Director/Promoter); Susan Witham (Executive Officer); Dennis Steadman (Director); Steven Leary (Executive Officer); Barry Levinson (Executive Officer/Director/Promoter); Cynthia Davis (Executive Officer),https://www.sec.gov/cgi-bin/browse-edgar?action=getcompany&CIK=1869472&type=D
"Claim Genius, Inc.",1819689,Iselin,08830,Other Technology,2019,True,Decline to Disclose,1,6050278.0,6050278.0,0,0,2021-10-08,2021-10-08,59.6,,Subba Arumilli (Director); Rajesh Pofale (Executive Officer/Director); Cheam Seong (Director); Sanjiv Sahni (Executive Officer/Director),https://www.sec.gov/cgi-bin/browse-edgar?action=getcompany&CIK=1819689&type=D
"Prompt Therapy Solutions, Inc.",1980944,Paramus,07652,Other,2018,True,Decline to Disclose,1,6041870.0,6041870.0,0,15,2023-06-09,2023-06-09,39.6,,Anthony Dwyer (Director); Adam Baliatico (Executive Officer); Raymond Baliatico (Executive Officer/Director); Peter Bell (Director),https://www.sec.gov/cgi-bin/browse-edgar?action=getcompany&CIK=1980944&type=D
Syr Corp.,1896732,Jersey City,07307,Other,2021,True,Decline to Disclose,3,6012228.0,2829991.0,772237.0,38,2023-06-02,2025-05-21,16.2,11.8,Andrew Steinwold (Director); Robert Latt (Executive Officer/Director); Thiha Min (Executive Officer/Director),https://www.sec.gov/cgi-bin/browse-edgar?action=getcompany&CIK=1896732&type=D
"FDLCL Holdings, Inc.",1722834,Edison,08817,Other,2017,True,Decline to Disclose,1,6000000.0,6000000.0,0,13,2020-01-31,2020-01-31,79.8,,Ivan Hofman (Director); Jess Ball (Director); Joseph Choorapuzha (Director); Bradley Phillips (Director); Justin Bertram (Director); Ted Chan (Director); Mark Duffy (Executive Officer),https://www.sec.gov/cgi-bin/browse-edgar?action=getcompany&CIK=1722834&type=D
"Populus Media, Inc.",1882846,Princeton,08540,Other Technology,2019,True,Decline to Disclose,2,6000000.0,5000000.0,5000000.0,3,2023-10-19,2024-11-06,22.6,12.6,Howard Seidman (Executive Officer/Director); Michael Hennessy Jr. (Director); Paul Theisen (Executive Officer/Director),https://www.sec.gov/cgi-bin/browse-edgar?action=getcompany&CIK=1882846&type=D
"Riverview Historical Plaza II, LLC",1987935,Hoboken,07030,Retailing,overFiveYears,False,Decline to Disclose,1,6000000.0,6000000.0,0,0,2023-07-18,2023-07-18,38.3,,Joseph Castelo (Executive Officer),https://www.sec.gov/cgi-bin/browse-edgar?action=getcompany&CIK=1987935&type=D
Ricovr Healthcare Inc.,1800521,Princeton,08540,Other Health Care,overFiveYears,False,Decline to Disclose,5,5872919.0,2235419.0,550000.0,33,2021-03-08,2025-12-19,9.2,14.3,Himanshu Bhatia (Executive Officer/Director); William Hagaman (Director); Andrew Dowicz (Director); Vikas Desai (Director); Piyush Sadana (Director),https://www.sec.gov/cgi-bin/browse-edgar?action=getcompany&CIK=1800521&type=D
"Gynger, Inc.",1902984,East Rutherford,07073,Other,2021,True,Decline to Disclose,1,5860002.0,5860002.0,0,6,2021-12-16,2021-12-16,57.3,,Eric Reiner (Director); Mark Ghermezian (Executive Officer/Director),https://www.sec.gov/cgi-bin/browse-edgar?action=getcompany&CIK=1902984&type=D
"CERTIFICIAL, INC.",1867626,Jersey City,07302,Other Technology,2021,True,Decline to Disclose,1,5805082.0,5805082.0,0,8,2021-05-20,2021-05-20,64.2,,ROBERT BLANCHETTE (Executive Officer/Director); PETER TERESI (Executive Officer/Director); MATTHEW PERLMAN (Director); TOBIAS WALTER (Director),https://www.sec.gov/cgi-bin/browse-edgar?action=getcompany&CIK=1867626&type=D
"Felicity AI, Inc.",2068138,Ledgewood,07852,Other Technology,2024,True,Decline to Disclose,1,5750000.0,5750000.0,5750000.0,5,2025-04-18,2025-04-18,17.2,,Paul Chang (Executive Officer/Director); Saahil Madge (Executive Officer/Director),https://www.sec.gov/cgi-bin/browse-edgar?action=getcompany&CIK=2068138&type=D
Couple.com Inc.,1836114,Basking Ridge,07920,Other Technology,2020,True,Decline to Disclose,3,5665000.0,2165000.0,1500000.0,9,2021-03-17,2025-01-10,20.5,22.9,Gerald Gorman (Director); Ryan Beswick (Executive Officer/Director),https://www.sec.gov/cgi-bin/browse-edgar?action=getcompany&CIK=1836114&type=D
Protect Animals With Satellites LLC,1944537,Upper Saddle River,07458,Other Technology,2018,True,Decline to Disclose,2,5645000.0,2920000.0,0,9,2022-08-15,2023-01-16,44.3,5.1,Kenneth Ehrman (Executive Officer/Director),https://www.sec.gov/cgi-bin/browse-edgar?action=getcompany&CIK=1944537&type=D
MRToolworx Corp,2104878,Rutherford,07070,Other Technology,2024,True,Decline to Disclose,1,5637319.0,5637319.0,5637319.0,8,2025-12-11,2025-12-11,9.5,,Sean Simons (Executive Officer); Meir Dardashti (Director); Zahid Hussain (Executive Officer/Director); Joshua Gold (Director); Daniel Crain (Executive Officer/Director),https://www.sec.gov/cgi-bin/browse-edgar?action=getcompany&CIK=2104878&type=D
"NJ BIO, Inc.",1968755,Princeton,08540,Other,overFiveYears,False,Decline to Disclose,1,5621204.0,5621204.0,0,10,2023-02-22,2023-02-22,43.1,,STEVEN KLOSK (Director); ANJANISH GONDALIA (Director); RONALD GOLD (Director); PRIYASHRI NAYAK (Director); CHETAN JAIN (Director); NARESHKUMAR JAIN (Executive Officer/Director),https://www.sec.gov/cgi-bin/browse-edgar?action=getcompany&CIK=1968755&type=D
"Scream Experiences, Inc.",1905705,Springfield,07081,Other,2021,True,Decline to Disclose,2,5609936.0,3419975.0,0,45,2021-12-08,2022-12-21,45.1,12.4,Taryn Fixel (Director); Jason Black (Executive Officer/Director/Promoter); Eric Murphy (Executive Officer/Director/Promoter),https://www.sec.gov/cgi-bin/browse-edgar?action=getcompany&CIK=1905705&type=D
Spice Finance Inc.,1941849,Berkeley Heights,07922,Other,2022,True,Decline to Disclose,2,5607370.0,4692720.0,4692720.0,28,2022-07-18,2024-10-24,23.0,27.2,JAKUB JANIAK (Executive Officer/Director/Promoter); NIYANT NARANG (Executive Officer/Director/Promoter); DUYLINH VU (Executive Officer/Director/Promoter),https://www.sec.gov/cgi-bin/browse-edgar?action=getcompany&CIK=1941849&type=D
"Otava, Inc.",1725457,Moorestown,08057,Telecommunications,overFiveYears,False,Decline to Disclose,1,5546275.0,5546275.0,5546275.0,58,2025-01-22,2025-01-22,20.1,,James Beneke (Director); Victoria Pereira (Executive Officer/Director); Margaret Kohin-Nitschelm (Director); Dennis Bryan (Director),https://www.sec.gov/cgi-bin/browse-edgar?action=getcompany&CIK=1725457&type=D
MAYWOOD RACQUET HOLDINGS LLC,2078342,Maywood,07607,Other,2025,True,Decline to Disclose,1,5535000.0,5535000.0,5535000.0,26,2025-06-03,2025-06-03,15.7,,Eric Udoff (Executive Officer); David Mandelbaum (Executive Officer),https://www.sec.gov/cgi-bin/browse-edgar?action=getcompany&CIK=2078342&type=D
CerebrumX Labs Inc.,1853016,Princeton,08540,Other Technology,2020,True,Decline to Disclose,1,5499998.0,5499998.0,0,2,2021-03-01,2021-03-01,66.8,,Sumit Chauhan (Executive Officer/Director); Kapil Arora (Executive Officer); Sandip Ranjhan (Executive Officer/Director); Michael Falcon (Director); Amit Gupta (Executive Officer); Prateek Kathpal (Director); Anuradha Gupta (Executive Officer),https://www.sec.gov/cgi-bin/browse-edgar?action=getcompany&CIK=1853016&type=D
SVELTE MEDICAL SYSTEMS INC,1396555,New Providence,07974,Biotechnology,overFiveYears,False,Decline to Disclose,1,5445363.0,5445363.0,0,17,2021-04-23,2021-04-23,65.1,,Robert Croce (Executive Officer/Director); Somu Subramaniam (Director); Richard Dakers (Director); Jack Darby (Executive Officer/Director); Robert Flanagan (Director),https://www.sec.gov/cgi-bin/browse-edgar?action=getcompany&CIK=1396555&type=D
"Meet Perry, LLC",1855622,Upper Saddle River,07458,Other Technology,2020,True,Decline to Disclose,1,5398927.0,5398927.0,0,72,2021-04-30,2021-04-30,64.8,,Matthew Bernard (Director); Michael Gentile (Director),https://www.sec.gov/cgi-bin/browse-edgar?action=getcompany&CIK=1855622&type=D
Ignite Venture Studio LLC,1957811,Princeton,08540,Other,2022,True,Decline to Disclose,1,5350006.0,5350006.0,0,4,2022-12-22,2022-12-22,45.1,,Joshua E. Ghaim (Executive Officer),https://www.sec.gov/cgi-bin/browse-edgar?action=getcompany&CIK=1957811&type=D
Navikenz Inc.,1896289,Cranbury,08512,Other Technology,overFiveYears,False,"$1,000,001 - $5,000,000",2,5350000.0,4000000.0,4000000.0,12,2021-11-17,2025-07-23,14.1,44.2,Anjan Lahiri (Executive Officer),https://www.sec.gov/cgi-bin/browse-edgar?action=getcompany&CIK=1896289&type=D
Prospective Co,1942136,Hoboken,07030,Other,2022,True,Decline to Disclose,1,5339995.0,5339995.0,0,5,2022-08-02,2022-08-02,49.8,,Andrew Stein (Executive Officer/Director/Promoter); Eric Schmalzbauer (Executive Officer/Director/Promoter); Noah Carr (Director),https://www.sec.gov/cgi-bin/browse-edgar?action=getcompany&CIK=1942136&type=D
"Nuvvon, Inc.",2018938,Bordentown,08505,Other,2022,True,Decline to Disclose,1,5301839.0,5301839.0,0,9,2024-03-29,2024-03-29,29.9,,Bryant Edwards (Director); Dr. Colin Nuckolls (Director); Dr. Simon Madgwick (Executive Officer/Director); Karmjit Sidhu (Director); Manveer Sidhu (Executive Officer),https://www.sec.gov/cgi-bin/browse-edgar?action=getcompany&CIK=2018938&type=D
Sparta Biomedical Inc.,1901419,Madison,07940,Other Health Care,2019,True,Decline to Disclose,1,5282391.0,5282391.0,0,53,2021-12-07,2021-12-07,57.6,,Ken Gall (Director); Dushyanth Surakanti (Executive Officer/Director); Dimitrios Angelis (Executive Officer/Director); Sean Fontenot (Director),https://www.sec.gov/cgi-bin/browse-edgar?action=getcompany&CIK=1901419&type=D
"POM Partners, Inc.",1943212,Newark,07102,Other Technology,overFiveYears,False,Decline to Disclose,2,5235658.0,3317863.0,0,39,2022-03-18,2023-09-20,36.2,18.1,Dan Murphy (Executive Officer); Jonas Fortenberry (Executive Officer); Andrew Leahy (Executive Officer/Director); Zachary Shulman (Director); Jerry Labowitz (Director); Bryn Bray (Executive Officer); Paul Frydman (Executive Officer); Ashley Fina (Director),https://www.sec.gov/cgi-bin/browse-edgar?action=getcompany&CIK=1943212&type=D
"Audience Town, Inc.",1822684,Newark,07102,Other Technology,2019,True,Decline to Disclose,3,5224663.0,2099056.0,0,23,2020-10-30,2023-10-31,34.8,18.0,Scott Stettler (Director); Anthony Greco (Director); Sloan Gaon (Director); Edmund Carey (Executive Officer/Director),https://www.sec.gov/cgi-bin/browse-edgar?action=getcompany&CIK=1822684&type=D
Blue Care Homes LLC,1956562,Lakewood,08701,Other Health Care,2022,True,Decline to Disclose,1,5217199.0,5217199.0,0,2,2022-11-15,2022-11-15,46.3,,Shmuel Haikins (Executive Officer),https://www.sec.gov/cgi-bin/browse-edgar?action=getcompany&CIK=1956562&type=D
Pinpoint Analytics Inc.,2039044,Manalapan,07726,Other Technology,2024,True,"$1 - $1,000,000",2,5200000.0,3200000.0,2000000.0,9,2024-08-02,2025-08-15,13.3,12.4,Mark Zurada (Executive Officer); Kip Frey (Director); Austin Rabine (Director); James Carr (Executive Officer/Director),https://www.sec.gov/cgi-bin/browse-edgar?action=getcompany&CIK=2039044&type=D
Sigo Technologies Inc.,1913514,Lawrenceville,08648,Other,2017,True,Decline to Disclose,1,5164000.0,5164000.0,0,13,2022-02-10,2022-02-10,55.5,,Nestor Solari (Executive Officer/Director); Julio Erdos (Executive Officer/Director); Rick Desai (Director),https://www.sec.gov/cgi-bin/browse-edgar?action=getcompany&CIK=1913514&type=D
AOA DX Inc.,1869920,Jersey City,07302,Biotechnology,2020,True,Decline to Disclose,2,5139450.0,2639450.0,0,71,2021-02-26,2021-11-03,58.7,8.2,Anna Milik Jeter (Executive Officer/Director); Surbhi Sarna (Director); Alexander Fisher (Executive Officer/Director); Oriana Zoghbi-Harb (Executive Officer/Director),https://www.sec.gov/cgi-bin/browse-edgar?action=getcompany&CIK=1869920&type=D
Stewarts Enterprises Holdings Inc.,1860320,Lincroft,07738,Retailing,2021,True,Decline to Disclose,2,5119342.0,5119342.0,0,23,2021-05-06,2022-12-16,45.3,19.3,Gregory Carrico (Executive Officer/Director); Barry Woods (Director); Paul Rachmuth (Executive Officer/Director); Barrie Clapham (Director); Anthony Gaines (Executive Officer/Director),https://www.sec.gov/cgi-bin/browse-edgar?action=getcompany&CIK=1860320&type=D
Langan Management Aggregator LLC,2006524,Parsippany,07054,Environmental Services,2023,True,Decline to Disclose,4,5069508.0,2486400.0,2980545.0,111,2024-01-16,2026-01-17,8.2,8.0,"Robert Johnston (Executive Officer); Ryan Linthicum (Executive Officer); Gregory Elko (Executive Officer); George Leventis (Executive Officer); Alan Poeppel (Executive Officer); David Gockel (Executive Officer); Lori Simpson (Executive Officer); Ronald Fuerst (Executive Officer); Chris Hager (Executive Officer); Donald Hodson (Executive Officer); Rudolph Frizzi (Executive Officer); Satyendu Yadavalli (Executive Officer); Marc Gallagher (Executive Officer); N/A Langan Engineering, Environmental, Surveying, Landscape Architecture and Geology, D.P.C. (Director); Richard Burrow (Executive Officer)",https://www.sec.gov/cgi-bin/browse-edgar?action=getcompany&CIK=2006524&type=D
HealthArc Worldwide Inc.,2001101,Hackensack,07601,Other Technology,2022,True,Decline to Disclose,1,5000000.0,5000000.0,0,7,2023-11-01,2023-11-01,34.8,,Kevin O'Connor (Director); Sudeep Bath (Executive Officer/Director),https://www.sec.gov/cgi-bin/browse-edgar?action=getcompany&CIK=2001101&type=D
"HealthEC, LLC",1764061,Edison,08837,Other Health Care,2018,True,Decline to Disclose,1,5000000.0,5000000.0,0,2,2023-09-26,2023-09-26,36.0,,Chris Caramanico (Executive Officer/Director); Enrico Picozza (Director); Ashish Kapoor (Director); Shilpa Nayyar (Director); Steve Tolle (Director),https://www.sec.gov/cgi-bin/browse-edgar?action=getcompany&CIK=1764061&type=D
RVL Pharmaceuticals plc,1739426,Bridgewater,08807,Pharmaceuticals,overFiveYears,False,Decline to Disclose,1,5000000.0,5000000.0,0,1,2023-08-18,2023-08-18,37.3,,BRIAN MARKISON (Executive Officer/Director); GREGORY COWAN (Director); JUAN VERGEZ (Director); JOAQUIN BENES (Director); MICHAEL DEBIASI (Director); ALISA LASK (Director); JAMES SCHAUB (Executive Officer),https://www.sec.gov/cgi-bin/browse-edgar?action=getcompany&CIK=1739426&type=D
"Underoutfit, Inc.",2013688,Middletown,07748,Retailing,2020,True,Decline to Disclose,2,5000000.0,5000000.0,0,1,2024-02-15,2025-01-17,20.2,11.1,Menny Alon (Executive Officer/Director); Daniel Malek (Executive Officer); Felix Leshno (Executive Officer/Director); Steven Castellano (Executive Officer/Director); Olympia De Castro (Executive Officer),https://www.sec.gov/cgi-bin/browse-edgar?action=getcompany&CIK=2013688&type=D
Karlsgate Inc.,1917089,Budd Lake,07828,Other Technology,2020,True,Decline to Disclose,1,4979994.0,4979994.0,0,11,2022-03-04,2022-03-04,54.7,,Xian Zhou (Executive Officer/Director); Brian Mulllin (Executive Officer/Director); Kouki Harasaki (Director),https://www.sec.gov/cgi-bin/browse-edgar?action=getcompany&CIK=1917089&type=D
"VITALIEF, INC.",1927172,New Brunswick,08901,Other,2021,True,Decline to Disclose,2,4750000.0,2750000.0,0,7,2022-04-19,2023-04-13,41.4,11.8,"Steven Libutti, M.D. (Director); John Doll (Director); Mark Kolb (Director); Reynold Panettieri, M.D. (Director); David Granese (Executive Officer); David Moore (Executive Officer/Director); Kirk McPoyle (Executive Officer)",https://www.sec.gov/cgi-bin/browse-edgar?action=getcompany&CIK=1927172&type=D
Royal Power Energy Inc,2055279,Garfield,07026,Energy Conservation,overFiveYears,False,"$1 - $1,000,000",1,4708978.0,4708978.0,0,120,2019-12-02,2019-12-02,81.8,,Frank Spano (Executive Officer),https://www.sec.gov/cgi-bin/browse-edgar?action=getcompany&CIK=2055279&type=D
TrialKit Inc.,2034872,Clifton,07012,Other Technology,2023,True,Decline to Disclose,1,4699996.0,4699996.0,0,23,2024-08-16,2024-08-16,25.3,,Ariel Deshe (Executive Officer/Director/Promoter); Eliaz Shapira (Executive Officer/Director/Promoter); Gil Ben-Artzy (Director),https://www.sec.gov/cgi-bin/browse-edgar?action=getcompany&CIK=2034872&type=D
"Bryn Pharma, Inc.",1746919,Lebanon,08833,Other Health Care,overFiveYears,False,Decline to Disclose,1,4692830.0,4692830.0,4692830.0,105,2025-04-10,2025-04-10,17.5,,Anne Whitaker (Director); Michael Kaseta (Director); Jeff Hartness (Director); Steven Hartman (Director); Joshua Ziel (Executive Officer); Michelle Lobel (Director); Steven Killmeyer (Executive Officer); Marc Rapaport (Director); Lisa Licht (Director); Sandra Loreaux (Director); James Borneman (Executive Officer); Kate Soper Diaz (Director),https://www.sec.gov/cgi-bin/browse-edgar?action=getcompany&CIK=1746919&type=D
iQure Pharma Inc.,1996977,Skillman,08558,Other,overFiveYears,False,Decline to Disclose,4,4667106.0,1503320.0,2947106.0,36,2023-10-04,2025-09-09,12.5,7.7,Pawel Zolnierczyk (Executive Officer),https://www.sec.gov/cgi-bin/browse-edgar?action=getcompany&CIK=1996977&type=D
"Pause Group, Inc.",1953623,Edison,08837,Other,2018,True,Decline to Disclose,1,4657428.0,4657428.0,0,11,2021-12-09,2021-12-09,57.5,,"Frank Fazzinga, III (Director); Fabian Urquijo (Director); Michael Pane (Director); Rochelle Weitzner (Executive Officer/Director/Promoter)",https://www.sec.gov/cgi-bin/browse-edgar?action=getcompany&CIK=1953623&type=D
NJ Nectar Management LLC,1925386,Glen Rock,07452,Other,overFiveYears,False,Decline to Disclose,3,4612320.0,2000000.0,1612320.0,14,2022-04-27,2024-11-04,22.7,15.2,James Radvany (Director); Andrew Siceloff (Executive Officer/Director); Jerome Gilbert (Director); Richard Weise (Director); Surinder Sandhu (Director),https://www.sec.gov/cgi-bin/browse-edgar?action=getcompany&CIK=1925386&type=D
Origami Surgical Inc.,1808924,Madison,07940,Other,overFiveYears,False,Decline to Disclose,4,4594791.0,1499999.0,450000.0,21,2022-07-11,2025-07-16,14.3,12.1,"Scott Flora (Director); Marc Beer (Executive Officer/Director/Promoter); Joseph Lee (Director); Patrick Culligan, M.D. (Executive Officer/Director/Promoter); John Hironimus (Executive Officer/Director)",https://www.sec.gov/cgi-bin/browse-edgar?action=getcompany&CIK=1808924&type=D
Nevakar Inc.,1677308,Bridgewater,08807,Pharmaceuticals,overFiveYears,False,Decline to Disclose,1,4585000.0,4585000.0,0,12,2023-04-24,2023-04-24,41.1,,Alex Sisson (Director); Navneet Puri (Executive Officer/Director); Ram Potti (Director); George Zorich (Director); Raul Trillo (Executive Officer/Director); Ron Wooten (Director); Sri Ramanathan (Executive Officer),https://www.sec.gov/cgi-bin/browse-edgar?action=getcompany&CIK=1677308&type=D
"Beam Health, Inc.",1859546,Red Bank,07701,Other Technology,2020,True,Decline to Disclose,2,4562637.0,2513011.0,2049626.0,37,2021-04-20,2025-07-11,14.5,50.7,Sasikant Ponnapalli (Executive Officer/Director); Shawn Merani (Director),https://www.sec.gov/cgi-bin/browse-edgar?action=getcompany&CIK=1859546&type=D
"Brooklyn Dumpling Parent Holdings, Inc.",2003006,Hackensack,07601,Other,2023,True,Decline to Disclose,21,4540194.0,1067277.0,3472917.0,47,2023-11-14,2026-03-06,6.7,1.4,Tim Driscoll (Director); Ashley Davis (Director); Daniel Nauth (Director); Claudia Lezcano (Director); Igor Kostioutchenko (Executive Officer); Pat Carey (Director); Rose Registre (Director); Jeff Galletly (Executive Officer/Director),https://www.sec.gov/cgi-bin/browse-edgar?action=getcompany&CIK=2003006&type=D
"Win Time EB-5 150-170 Properties, LLC",1662037,Edison,08817,Construction,overFiveYears,False,Decline to Disclose,1,4500000.0,4500000.0,0,9,2017-09-06,2017-09-06,108.6,,Chinghue Tsay (Executive Officer); Jason Cheng (Executive Officer),https://www.sec.gov/cgi-bin/browse-edgar?action=getcompany&CIK=1662037&type=D
"Koop Technologies, Inc.",1878381,Jersey City,07310,Other Technology,2019,True,Decline to Disclose,1,4499999.0,4499999.0,0,8,2023-06-26,2023-06-26,39.0,,Sunil Nagaraj (Director); Zakir Gazizov (Executive Officer/Director); Sergey Litvinenko (Executive Officer/Director); Abe Murray (Director); Komronkhon Khodjaev (Executive Officer),https://www.sec.gov/cgi-bin/browse-edgar?action=getcompany&CIK=1878381&type=D
BEVERAGE USA HOLDINGS INC.,1822277,Freehold,08527,Retailing,2020,True,Decline to Disclose,3,4347550.0,2052550.0,0,72,2020-10-26,2021-06-30,62.8,4.0,Rocco LaVista (Executive Officer/Director),https://www.sec.gov/cgi-bin/browse-edgar?action=getcompany&CIK=1822277&type=D
Synchrony Medical Inc.,2085429,Jersey City,07305,Biotechnology,2025,True,Decline to Disclose,1,4300000.0,4300000.0,4300000.0,12,2025-08-19,2025-08-19,13.2,,Kevin Kotler (Director); Eileen Ke (Director); Anat Shani (Executive Officer/Director); Elad Dushack (Director); Shai Policker (Director),https://www.sec.gov/cgi-bin/browse-edgar?action=getcompany&CIK=2085429&type=D
"Silo Pharma, Inc.",1514183,Englewood Cliffs,07632,Pharmaceuticals,overFiveYears,False,Decline to Disclose,1,4276000.0,4276000.0,0,47,2021-02-12,2021-02-12,67.4,,Wayne Linsley (Director); Kevin Munoz (Director); Eric Weisblum (Executive Officer/Director),https://www.sec.gov/cgi-bin/browse-edgar?action=getcompany&CIK=1514183&type=D
Black Buffalo 3D Corp,1919806,Union,07083,Other,2020,True,Decline to Disclose,3,4274985.0,3999992.0,0,10,2022-03-11,2022-07-14,50.4,2.0,Michael Galego (Director); George Perry (Executive Officer); Richard Kessler (Director); June Hee Han (Director); Heidi Cha (Executive Officer); Michael Miceli (Executive Officer/Director),https://www.sec.gov/cgi-bin/browse-edgar?action=getcompany&CIK=1919806&type=D
TB Fund 2 LLC,2000825,Livingston,07039,Business Services,2023,True,Decline to Disclose,1,4264500.0,4264500.0,0,43,2023-12-08,2023-12-08,33.6,,"n/a TB Fund Manager, LLC (Executive Officer); Aditya Trivedi (Executive Officer); Sumit Saraf (Executive Officer)",https://www.sec.gov/cgi-bin/browse-edgar?action=getcompany&CIK=2000825&type=D
RenewCO2 Inc.,2061863,Somerset,08873,Other Technology,2022,True,Decline to Disclose,1,4247933.0,4247933.0,4247933.0,2,2025-08-01,2025-08-01,13.8,,Karin Calvinho (Executive Officer/Director); Neal Dikeman (Director); Anders Laursen (Executive Officer/Director),https://www.sec.gov/cgi-bin/browse-edgar?action=getcompany&CIK=2061863&type=D
"Retail Visions, Inc.",2081412,Elmwood Park,07407,Business Services,2025,True,"$1,000,001 - $5,000,000",1,4137500.0,4137500.0,4137500.0,3,2025-08-07,2025-08-07,13.6,,Steve Smith (Executive Officer/Director),https://www.sec.gov/cgi-bin/browse-edgar?action=getcompany&CIK=2081412&type=D
Boxcar Inc.,1945555,Chatham,07928,Business Services,overFiveYears,False,Decline to Disclose,2,4118190.0,2466857.0,0,38,2022-07-21,2024-04-26,29.0,21.2,Owen Lee (Director/Executive Officer/Promoter); Dan Kelly (Director/Executive Officer/Promoter); Joseph Colangelo (Director/Executive Officer/Promoter),https://www.sec.gov/cgi-bin/browse-edgar?action=getcompany&CIK=1945555&type=D
WellSheet Inc.,1716179,Newark,07102,Other Technology,overFiveYears,False,Decline to Disclose,2,4115000.0,2695000.0,0,20,2021-09-09,2022-08-22,49.1,11.4,Georgia Papathomas (Director); Thomas Wisniewski (Director); John Glaser (Director); John Paul Patrizio (Executive Officer/Director); Craig Limoli (Executive Officer/Director),https://www.sec.gov/cgi-bin/browse-edgar?action=getcompany&CIK=1716179&type=D
"ImageProVision, Inc.",2048548,Kingston,08528,Other Technology,2021,True,"$1 - $1,000,000",1,4010000.0,4010000.0,0,40,2021-09-28,2021-09-28,59.9,,Sandeep Kulkarni (Director); Jeffrey Hall (Executive Officer); Devendra Shukla (Director); Raghu Rao (Executive Officer/Director),https://www.sec.gov/cgi-bin/browse-edgar?action=getcompany&CIK=2048548&type=D
"Northpass, Inc.",1772501,Parsippany,07054,Other Technology,2019,True,Decline to Disclose,1,4000171.0,4000171.0,0,1,2021-06-04,2021-06-04,63.7,,COLIN DAY (Director); J. CORNWELL (Executive Officer/Director); JOHN CORNWELL (Director); ROBERT KRYSTYNIAK (Executive Officer); TOM VANDER SCHAAFF (Director); CHRISTOPHER SANDERS (Executive Officer),https://www.sec.gov/cgi-bin/browse-edgar?action=getcompany&CIK=1772501&type=D
Memoramedia Inc.,2023951,Livingston,07039,Other,2024,True,Decline to Disclose,1,4000015.0,4000015.0,0,43,2024-05-15,2024-05-15,28.4,,Zach Leonsis (Director); Darren Rovell (Executive Officer/Director),https://www.sec.gov/cgi-bin/browse-edgar?action=getcompany&CIK=2023951&type=D
"KayoThera, Inc.",1778725,Princeton,08540,Other,2019,True,Decline to Disclose,1,4000001.0,4000001.0,0,5,2022-03-11,2022-03-11,54.5,,MARK ESPOSITO (Director); KEN MOHLER (Executive Officer/Director); IAN HOWES (Executive Officer); SUZANNE RETTENMIER (Executive Officer); THONG LE (Executive Officer/Director),https://www.sec.gov/cgi-bin/browse-edgar?action=getcompany&CIK=1778725&type=D
Holistik Wellness LLC,1767019,Fanwood,07023,Other,overFiveYears,False,"$1 - $1,000,000",1,4000000.0,4000000.0,0,51,2021-07-27,2021-07-27,62.0,,Erik Elfstrum (Executive Officer/Director); William Fleming (Executive Officer/Director); Jared Kaban (Director); T.J. Stouder (Executive Officer/Director); Doug Kimmel (Executive Officer/Director),https://www.sec.gov/cgi-bin/browse-edgar?action=getcompany&CIK=1767019&type=D
JOURNEY STRATEGIC WEALTH LLC,1909316,Summit,07901,Other Banking and Financial Services,2021,True,Decline to Disclose,1,4000000.0,4000000.0,0,1,2023-06-01,2023-06-01,39.8,,Michael Brown (Executive Officer/Director); Damian Lo Basso (Director); Charles Britton (Director); Brian Flynn (Director); Penny Phillips (Director),https://www.sec.gov/cgi-bin/browse-edgar?action=getcompany&CIK=1909316&type=D
LCG 2933b LLC,1822905,Summit,07901,Other,2020,True,Decline to Disclose,3,4000000.0,1400000.0,1400000.0,30,2021-06-16,2025-05-19,16.2,23.6,Daniel Lago (Executive Officer/Director); - LCG 2933b Management LLC (Director),https://www.sec.gov/cgi-bin/browse-edgar?action=getcompany&CIK=1822905&type=D
"Wazooapps, Inc.",1845928,Parsippany,07054,Other,2020,True,Decline to Disclose,1,4000000.0,4000000.0,0,4,2021-02-12,2021-02-12,67.4,,Michael Fedor (Executive Officer),https://www.sec.gov/cgi-bin/browse-edgar?action=getcompany&CIK=1845928&type=D
"DATAROOMHQ, INC.",1972871,Old Bridge,08857,Other Technology,2021,True,Decline to Disclose,1,3960000.0,3960000.0,0,10,2023-04-07,2023-04-07,41.6,,JEFFREY SCHWARTZ (Executive Officer/Director/Promoter),https://www.sec.gov/cgi-bin/browse-edgar?action=getcompany&CIK=1972871&type=D
Avalon GloboCare Corp.,1630212,Freehold,07728,Other Technology,overFiveYears,False,Decline to Disclose,2,3950000.0,3250000.0,3250000.0,4,2023-10-09,2026-02-27,6.9,28.6,Michael Mathews (Director); Meng Li (Executive Officer); Wenzhao Lu (Director); Steven Sanders (Director); Lourdes Felix (Director); Luisa Ingargiola (Executive Officer),https://www.sec.gov/cgi-bin/browse-edgar?action=getcompany&CIK=1630212&type=D
"Paragon Flavors, Inc.",1940109,Princeton,08542,Other,2019,True,Decline to Disclose,1,3912670.0,3912670.0,0,12,2022-07-15,2022-07-15,50.4,,CHRISTOPHER GREGSON (Executive Officer/Director); MARK LANGLEY (Director); MATTHEW SILLICK (Executive Officer/Director),https://www.sec.gov/cgi-bin/browse-edgar?action=getcompany&CIK=1940109&type=D
"LENDSMART, INC.",1999649,Hoboken,07030,Other Technology,2019,True,Decline to Disclose,1,3770454.0,3770454.0,0,20,2023-11-10,2023-11-10,34.5,,ANKUR PATEL (Executive Officer/Director),https://www.sec.gov/cgi-bin/browse-edgar?action=getcompany&CIK=1999649&type=D
Limit Financial Inc.,1875784,Woodcliff Lake,07677,Other Technology,2021,True,Not Applicable,1,3750000.0,3750000.0,0,4,2021-06-03,2021-06-03,63.7,,Zach Smith (Executive Officer/Director); Adam Budnick (Executive Officer/Director),https://www.sec.gov/cgi-bin/browse-edgar?action=getcompany&CIK=1875784&type=D
"Drone Express, Inc.",1897956,East Hanover,07936,Other Technology,2021,True,Decline to Disclose,1,3697000.0,3697000.0,0,9,2021-11-24,2021-11-24,58.0,,Gloria Sharret (Executive Officer/Director); Igal Sharret (Executive Officer/Director); Beth Flippo (Executive Officer/Director),https://www.sec.gov/cgi-bin/browse-edgar?action=getcompany&CIK=1897956&type=D
"TruckPay, Inc.",1665483,Tenafly,07670,Other Technology,overFiveYears,False,Decline to Disclose,2,3640000.0,3220000.0,0,34,2016-01-22,2024-06-25,27.0,101.1,Barry Honig (Executive Officer/Director),https://www.sec.gov/cgi-bin/browse-edgar?action=getcompany&CIK=1665483&type=D
Parallel Carbon Inc.,2004354,Jersey City,07310,Other Technology,2022,True,Decline to Disclose,1,3624993.0,3624993.0,0,7,2023-12-04,2023-12-04,33.7,,Andrew Shebbeare (Director); Aranzazu Orbezo (Executive Officer/Director/Promoter); Ryan Anderson (Executive Officer/Director/Promoter),https://www.sec.gov/cgi-bin/browse-edgar?action=getcompany&CIK=2004354&type=D
"Couragene, Inc.",1945169,Edison,08820,Biotechnology,2022,True,Decline to Disclose,2,3600000.0,2600000.0,0,8,2022-08-24,2024-04-03,29.7,19.3,Mike Hanrahan (Director); Guojuan Liao (Director/Executive Officer/Promoter); Jiangbing Zhou (Director); Jinlin Wang (Director),https://www.sec.gov/cgi-bin/browse-edgar?action=getcompany&CIK=1945169&type=D
"ARUKA BIO, INC.",1991781,Princeton,08540,Other Health Care,2023,True,Decline to Disclose,2,3554000.0,3550000.0,0,8,2023-08-25,2024-04-17,29.3,7.8,"SIDDHARTHA MUKHERJEE (Executive Officer/Director); NARESHKUMAR JAIN, PH.D. (Executive Officer/Director)",https://www.sec.gov/cgi-bin/browse-edgar?action=getcompany&CIK=1991781&type=D
"Vuja De Sciences, Inc.",1776838,Hoboken,07030,Other,overFiveYears,False,Decline to Disclose,5,3553375.0,1217315.0,370000.0,45,2021-05-31,2024-10-04,23.7,10.0,David Warshawsky (Executive Officer/Director); Lee Helman (Director); Carl Barrett (Director); Chand Khanna (Director); Richard Lampe (Executive Officer/Director); Frank Taffy (Director),https://www.sec.gov/cgi-bin/browse-edgar?action=getcompany&CIK=1776838&type=D
"Diligent Pharma, Inc.",1965661,Princeton,08542,Other Technology,2018,True,Decline to Disclose,1,3500000.0,3500000.0,0,2,2023-02-02,2023-02-02,43.7,,Patricia Leuchten (Executive Officer),https://www.sec.gov/cgi-bin/browse-edgar?action=getcompany&CIK=1965661&type=D
"Sunflow, Inc.",1899679,Short Hills,07078,Other,2019,True,Decline to Disclose,1,3500000.0,3500000.0,0,23,2021-12-03,2021-12-03,57.7,,Greg Besner (Executive Officer/Director); Leslie Besner (Director),https://www.sec.gov/cgi-bin/browse-edgar?action=getcompany&CIK=1899679&type=D
Trice Coffee Inc.,1882715,Jersey City,07302,Retailing,2020,True,Decline to Disclose,1,3500000.0,3500000.0,0,2,2021-10-12,2021-10-12,59.4,,PINJIE YANG (Executive Officer/Director); WEI DAI (Executive Officer/Director/Promoter); YI ZHENG (Director),https://www.sec.gov/cgi-bin/browse-edgar?action=getcompany&CIK=1882715&type=D
Connectifi Corp.,1975164,Montclair,07042,Other Technology,2022,True,Decline to Disclose,1,3400000.0,3400000.0,0,2,2023-05-05,2023-05-05,40.7,,Brian Schwinn (Director); Nicholas Kolba (Executive Officer/Director); Stanton Green (Director),https://www.sec.gov/cgi-bin/browse-edgar?action=getcompany&CIK=1975164&type=D
"Healthtech Partners, Inc.",1769715,Scotch Plains,07076,Other Technology,2019,True,Decline to Disclose,1,3376816.0,3376816.0,0,3,2021-12-21,2021-12-21,57.1,,Brian Litten (Director); Bruce Luehrs (Director); Mansoor Kahn (Executive Officer/Director); Matthew Kaufman (Executive Officer/Director); Maulik Trivedi (Director); Deven Unadkat (Director),https://www.sec.gov/cgi-bin/browse-edgar?action=getcompany&CIK=1769715&type=D
"Antigenix Therapeutics, Inc.",2073993,Princeton,08540,Other Health Care,2024,True,Decline to Disclose,1,3363695.0,3363695.0,3363695.0,17,2025-10-22,2025-10-22,11.1,,Kwesi Frimpong-Boateng (Director); Christopher Whitfield (Executive Officer/Director); Shaun Hawkins (Director),https://www.sec.gov/cgi-bin/browse-edgar?action=getcompany&CIK=2073993&type=D
"Mortgage Automation Technologies, Inc.",1949872,Fairfield,07004,Other Banking and Financial Services,2021,True,Decline to Disclose,2,3345000.0,3225000.0,120000.0,17,2022-10-14,2025-02-13,19.3,28.0,Zachary Rosenberg (Executive Officer/Director); Benjamin Edelle (Executive Officer/Director); Matthew VanFossen (Executive Officer/Director); Joseph Rodriguez (Executive Officer/Director); Gerard Melia (Executive Officer/Director); Alvin Shah (Director),https://www.sec.gov/cgi-bin/browse-edgar?action=getcompany&CIK=1949872&type=D
NEPHROS INC,1196298,South Orange,07079,Other Health Care,overFiveYears,False,Decline to Disclose,2,3302615.0,2102615.0,0,20,2017-03-17,2021-07-09,62.5,51.7,Alisa Lask (Director); Andrew Astor (Executive Officer/Director); Thomas Gwydir (Director); Arthur Amron (Director); Malcolm Person (Director); Oliver Spandow (Director),https://www.sec.gov/cgi-bin/browse-edgar?action=getcompany&CIK=1196298&type=D
Ironwood Ventures LLC,2008537,Bloomfield,07003,Retailing,2023,True,Decline to Disclose,2,3270001.0,1700001.0,1570000.0,31,2023-12-18,2025-07-24,14.1,19.2,John Cornelius (Executive Officer); Holdings LLC Back Nine (Executive Officer),https://www.sec.gov/cgi-bin/browse-edgar?action=getcompany&CIK=2008537&type=D
"Manetu, Inc.",1800907,Ridgewood,07450,Other,2019,True,"$1 - $1,000,000",2,3186461.0,2372225.0,0,82,2021-02-19,2023-08-29,36.9,30.3,David Harris (Executive Officer/Director); Conor Allen (Director); Gregory Haskins (Director),https://www.sec.gov/cgi-bin/browse-edgar?action=getcompany&CIK=1800907&type=D
OnCall Health Corp,1843676,Rutherford,07070,Other Health Care,2020,True,Decline to Disclose,1,3164995.0,3164995.0,0,18,2021-01-29,2021-01-29,67.8,,Olanrewaju Soremekun (Executive Officer/Director/Promoter); Christopher Dobyns (Executive Officer/Director/Promoter); Michael Greeley (Director),https://www.sec.gov/cgi-bin/browse-edgar?action=getcompany&CIK=1843676&type=D
"Money.net Capital, Inc.",1878792,Morganville,07751,Other Banking and Financial Services,2021,True,Decline to Disclose,3,3150000.0,1200000.0,0,18,2021-08-05,2023-12-20,33.2,14.2,Vincent Sangiovanni (Executive Officer/Director),https://www.sec.gov/cgi-bin/browse-edgar?action=getcompany&CIK=1878792&type=D
"Green Exchange, PBC",1959610,Gladstone,07934,Other,2022,True,Decline to Disclose,3,3149997.0,1550000.0,0,13,2022-03-02,2023-02-03,43.7,5.5,Alexander Kontoleon (Executive Officer); Robert Wotzcak (Director); Charles Dolan (Executive Officer/Director); Daniel Labovitz (Executive Officer/Director),https://www.sec.gov/cgi-bin/browse-edgar?action=getcompany&CIK=1959610&type=D
"Aline Technologies, Inc.",2077314,Berkeley Heights,07922,Other Technology,2022,True,Decline to Disclose,1,3134964.0,3134964.0,3134964.0,2,2025-06-25,2025-06-25,15.0,,Travis Farese (Director); Timothy Buckley (Director); Brent Farese (Executive Officer/Director),https://www.sec.gov/cgi-bin/browse-edgar?action=getcompany&CIK=2077314&type=D
"PRP Concepts, Inc.",1849660,Red Bank,07701,Other Health Care,2019,True,Decline to Disclose,1,3124000.0,3124000.0,0,42,2021-02-24,2021-02-24,67.0,,Craig Letts (Director); Eric Jania (Director); Damon Keeley (Executive Officer/Director),https://www.sec.gov/cgi-bin/browse-edgar?action=getcompany&CIK=1849660&type=D
Edible Garden AG Inc,1809750,Belvidere,07823,Agriculture,2020,True,Decline to Disclose,1,3100000.0,3100000.0,0,1,2021-10-07,2021-10-07,59.6,,James Kras (Executive Officer/Director); Michael James (Executive Officer/Director),https://www.sec.gov/cgi-bin/browse-edgar?action=getcompany&CIK=1809750&type=D
"Optimeos Life Sciences, Inc.",1819114,Princeton,08542,Biotechnology,overFiveYears,False,Decline to Disclose,2,3099996.0,2924996.0,0,9,2021-05-17,2023-06-26,39.0,25.3,"Benjamin Doranz (Director); Shahram Hejazi, PhD (Executive Officer/Director); Jason Smith, PhD (Director); Robert Prud'homme, PhD (Director)",https://www.sec.gov/cgi-bin/browse-edgar?action=getcompany&CIK=1819114&type=D
"Luupe, Inc.",1882071,Maplewood,07040,Other,2019,True,Decline to Disclose,1,3094999.0,3094999.0,0,6,2021-08-27,2021-08-27,60.9,,Keren Sachs (Executive Officer/Director); Sara Alder (Director),https://www.sec.gov/cgi-bin/browse-edgar?action=getcompany&CIK=1882071&type=D
Distinct Dermatology Inc.,1849547,Parsippany,07054,Other Technology,2021,True,Decline to Disclose,3,3051714.0,1200000.0,0,26,2021-02-22,2024-06-06,27.6,19.7,Michael Kahn (Executive Officer); Kelly Smith (Director); Robert Grossman (Director); Ryan Weldon (Director); Christopher Khorsandi (Director); Jeffrey Strauss (Executive Officer/Director); Jeffrey Moscoe (Executive Officer/Director),https://www.sec.gov/cgi-bin/browse-edgar?action=getcompany&CIK=1849547&type=D
"Paladin Cloud, Inc.",1926148,Califon,07830,Other Technology,2021,True,Decline to Disclose,2,3025000.0,2775000.0,0,8,2022-04-14,2024-05-13,28.4,25.0,Steven Hull (Executive Officer/Director); Loren Straub (Director); John De Santis (Director); Marc Averitt (Director); Daniel Deeney (Executive Officer/Director),https://www.sec.gov/cgi-bin/browse-edgar?action=getcompany&CIK=1926148&type=D
"B601 Labs, Inc.",1938948,Short Hills,07078,Other Technology,2019,True,Decline to Disclose,1,3000000.0,3000000.0,0,15,2022-05-06,2022-05-06,52.7,,Steven Cohn (Executive Officer),https://www.sec.gov/cgi-bin/browse-edgar?action=getcompany&CIK=1938948&type=D
"Paterna Biosciences, Inc.",1947951,Morristown,07960,Biotechnology,2022,True,Decline to Disclose,1,3000000.0,3000000.0,0,1,2022-09-20,2022-09-20,48.2,,Danny Mitchell (Executive Officer); Cythia Tsai (Director); Edward Rowland (Executive Officer); James Hotaling (Director); Deirdre Conway (Director),https://www.sec.gov/cgi-bin/browse-edgar?action=getcompany&CIK=1947951&type=D
Neuralift Inc.,1996521,Livingston,07039,Other Technology,2023,True,Decline to Disclose,2,2999996.0,1999998.0,999998.0,4,2023-09-21,2025-03-19,18.2,17.9,Soren Macbeth (Director); Jonathan Mendez (Executive Officer/Director/Promoter); Victor Maloney (Director); Paul Mendez (Director),https://www.sec.gov/cgi-bin/browse-edgar?action=getcompany&CIK=1996521&type=D
AllWork Inc.,1955275,Edison,08837,Other Technology,overFiveYears,False,Decline to Disclose,1,2999995.0,2999995.0,0,38,2022-11-10,2022-11-10,46.5,,Glenn Laumeister (Executive Officer/Director/Promoter); Matthew Wenzler (Executive Officer/Director); Howard Meitiner (Director); Chris Haley (Director); Rick Holton (Director),https://www.sec.gov/cgi-bin/browse-edgar?action=getcompany&CIK=1955275&type=D
"Rights, Inc.",1941565,Montclair,07042,Other Technology,2021,True,Decline to Disclose,1,2983678.0,2983678.0,0,59,2022-07-25,2022-07-25,50.0,,Tres Williams (Executive Officer/Director); Michael Flannery (Director); Scott Marshall (Director),https://www.sec.gov/cgi-bin/browse-edgar?action=getcompany&CIK=1941565&type=D
"Cinematic Health Education, Inc.",1819975,Green Brook,08812,Other Technology,2018,True,Decline to Disclose,1,2967996.0,2967996.0,0,2,2022-03-29,2022-03-29,53.9,,Richard Segal (Director); Charly Adler (Executive Officer); Dennis Brooks (Executive Officer); Joseph Schneier (Director); Timothy Murray (Executive Officer/Director); Chad Schaedler (Executive Officer),https://www.sec.gov/cgi-bin/browse-edgar?action=getcompany&CIK=1819975&type=D
"InSite Health, Inc.",2012080,Marlton,08053,Other Health Care,2022,True,Decline to Disclose,1,2947955.0,2947955.0,0,21,2022-05-27,2022-05-27,52.0,,Christopher Gaeta (Executive Officer/Director); Stephen Klasko (Director); Andrew Zalasin (Director); Mark Gaeta (Director),https://www.sec.gov/cgi-bin/browse-edgar?action=getcompany&CIK=2012080&type=D
Jackson Rose Venture II LLC - Series E,2041103,Seaside Park,08752,Other,2024,True,Decline to Disclose,1,2945000.0,2945000.0,2945000.0,18,2024-11-13,2024-11-13,22.4,,Kevin DeRosa (Executive Officer),https://www.sec.gov/cgi-bin/browse-edgar?action=getcompany&CIK=2041103&type=D
"Yummy Bazaar, Inc.",1682462,Glassboro,08028,Other,overFiveYears,False,Decline to Disclose,3,2900000.0,2400000.0,450000.0,7,2021-05-10,2025-05-09,16.6,23.9,David Meskhi (Executive Officer/Director); Rebecca Chou (Executive Officer/Director); Han Shen (Director),https://www.sec.gov/cgi-bin/browse-edgar?action=getcompany&CIK=1682462&type=D
MARS Markets Corp.,1916127,Alpine,07620,Other,2021,True,Decline to Disclose,3,2882093.0,1730000.0,5000.0,29,2021-10-08,2025-08-04,13.7,22.9,Richard Sheldon (Executive Officer); Devashish Srivastava (Executive Officer/Director); Julia Ulloa (Executive Officer); Akash Ahuja (Executive Officer/Director),https://www.sec.gov/cgi-bin/browse-edgar?action=getcompany&CIK=1916127&type=D
"SageCyber, Inc.",2020789,Tenafly,07670,Other Technology,2024,True,Decline to Disclose,1,2849360.0,2849360.0,0,15,2024-04-08,2024-04-08,29.6,,Avery More (Director); Mashe Ishai (Director); Ran Shahor (Director),https://www.sec.gov/cgi-bin/browse-edgar?action=getcompany&CIK=2020789&type=D
ELV8 INC.,1833365,West New York,07093,Other Technology,2020,True,Decline to Disclose,4,2822624.0,2577624.0,0,45,2022-02-04,2023-05-23,40.1,5.2,Michael Haddix (Executive Officer/Director),https://www.sec.gov/cgi-bin/browse-edgar?action=getcompany&CIK=1833365&type=D
Concours Pharmaceuticals LLC,1851678,Ewing,08628,Biotechnology,2018,True,Decline to Disclose,1,2725000.0,2725000.0,0,10,2021-03-05,2021-03-05,66.7,,Mark Ridall (Executive Officer),https://www.sec.gov/cgi-bin/browse-edgar?action=getcompany&CIK=1851678&type=D
"PolyGone Systems, Inc.",2079301,Kearny,07032,Other Technology,2022,True,Decline to Disclose,1,2699997.0,2699997.0,2699997.0,4,2025-07-03,2025-07-03,14.8,,Yidian Liu (Executive Officer/Director); Julie Maples (Director); Nathaniel Banks (Executive Officer/Director),https://www.sec.gov/cgi-bin/browse-edgar?action=getcompany&CIK=2079301&type=D
Senteon Inc.,1917205,Matawan,07747,Other Technology,2022,True,Decline to Disclose,2,2669436.0,2067395.0,2067395.0,11,2022-03-07,2024-11-27,21.9,32.7,Chris Harris (Executive Officer); Ron Gula (Director); Henry Zhang (Executive Officer/Director),https://www.sec.gov/cgi-bin/browse-edgar?action=getcompany&CIK=1917205&type=D
"UltronAI, Inc.",1982820,Princeton,08542,Other Technology,2023,True,Decline to Disclose,1,2600750.0,2600750.0,0,15,2023-06-12,2023-06-12,39.5,,Shashi Tripathi (Director); Marios Savvides (Director); Stefanos Damianakis (Executive Officer/Director),https://www.sec.gov/cgi-bin/browse-edgar?action=getcompany&CIK=1982820&type=D
"CONTAINIQ, INC.",1853478,Hoboken,07030,Other Technology,2020,True,Decline to Disclose,1,2580000.0,2580000.0,0,30,2021-03-17,2021-03-17,66.3,,NATHANIEL MATHERSON (Executive Officer/Director); MATTHEW LENHARD (Executive Officer/Director),https://www.sec.gov/cgi-bin/browse-edgar?action=getcompany&CIK=1853478&type=D
Knowt Inc.,1985846,East Brunswick,08816,Other Technology,2019,True,Decline to Disclose,1,2578381.0,2578381.0,0,6,2023-07-12,2023-07-12,38.5,,Abhishek Patel (Executive Officer/Director); Abheek Pandoh (Executive Officer/Director),https://www.sec.gov/cgi-bin/browse-edgar?action=getcompany&CIK=1985846&type=D
BLISS CO.,2045824,Mount Laurel,08054,Other,2022,True,Decline to Disclose,1,2550000.0,2550000.0,0,16,2024-04-29,2024-04-29,28.9,,"Joseph Buonadonna, Sr. (Director); Matthew Stevens (Director); Joseph Buonadonna, Jr. (Executive Officer/Director)",https://www.sec.gov/cgi-bin/browse-edgar?action=getcompany&CIK=2045824&type=D
"MVC Elgin, LLC",1864129,Livingston,07039,Other,2021,True,No Revenues,1,2546000.0,2546000.0,0,57,2021-05-20,2021-05-20,64.2,,Hrishikesh Pippadipally (Executive Officer); Sridhar Chava (Executive Officer); Ranjith Arvapalli (Executive Officer),https://www.sec.gov/cgi-bin/browse-edgar?action=getcompany&CIK=1864129&type=D
Aveta.Life Inc.,1867098,Weehawken,07086,Other Health Care,2021,True,No Revenues,1,2475000.0,2475000.0,0,8,2021-06-02,2021-06-02,63.8,,Bezalel Arkush (Executive Officer/Director),https://www.sec.gov/cgi-bin/browse-edgar?action=getcompany&CIK=1867098&type=D
"TETmedical, Inc.",1980705,Fair Haven,07704,Other Health Care,2021,True,Decline to Disclose,1,2461986.0,2461986.0,0,70,2023-05-31,2023-05-31,39.8,,Christine Bunt (Director); David Fischell (Executive Officer/Director); Alex Travis (Director); John Conley (Director); Roy Cohen (Director),https://www.sec.gov/cgi-bin/browse-edgar?action=getcompany&CIK=1980705&type=D
"Kaffea-X, Inc.",2059471,Randolph,07869,Other Technology,2025,True,Decline to Disclose,2,2450000.0,1950000.0,2450000.0,12,2025-02-24,2026-01-08,8.5,10.4,Emmanuel Monahogios (Executive Officer/Director); Michael Christ (Director); Jorge Vera Mera (Executive Officer); Joseph Willing (Executive Officer/Director); Mary Johannes (Executive Officer/Director); Severino Renna (Director); Paulo Peres (Executive Officer/Director); Fabien LeFebvre (Director); Sebastian Thurner (Director); Athanassios Diplas (Director); Amol Sahasrabudhe (Director); Joao Paulo Cruz Lopes Miranda (Executive Officer/Director); Mohan Verma (Executive Officer/Director),https://www.sec.gov/cgi-bin/browse-edgar?action=getcompany&CIK=2059471&type=D
MutualMarkets Inc.,2027675,Franklin Lakes,07417,Other Technology,2021,True,Decline to Disclose,1,2436537.0,2436537.0,0,21,2024-06-03,2024-06-03,27.7,,Eric Gould (Executive Officer/Director); Alan Gould (Executive Officer/Director); Lloyd Braun (Director),https://www.sec.gov/cgi-bin/browse-edgar?action=getcompany&CIK=2027675&type=D
"Integral Urgent Care Epsilon, LLC",1886402,South Plainfield,07080,Other Health Care,2021,True,Decline to Disclose,2,2432500.0,2067500.0,365000.0,26,2021-10-18,2025-09-30,11.8,47.4,Albert Saad (Executive Officer/Director/Promoter),https://www.sec.gov/cgi-bin/browse-edgar?action=getcompany&CIK=1886402&type=D
"Integral Urgent Care Zeta, LLC",1886400,South Plainfield,07080,Other Health Care,2021,True,Decline to Disclose,2,2432500.0,2067500.0,365000.0,26,2021-10-18,2025-09-30,11.8,47.4,Albert Saad (Executive Officer/Director/Promoter),https://www.sec.gov/cgi-bin/browse-edgar?action=getcompany&CIK=1886400&type=D
"Corfigo, Inc.",1702709,Montclair,07042,Other Health Care,overFiveYears,False,Decline to Disclose,1,2388489.0,2388489.0,2388489.0,10,2025-12-17,2025-12-17,9.3,,Deron Siddons (Executive Officer/Director); Jason Sperling (Executive Officer/Director); Stephen Doyle (Director),https://www.sec.gov/cgi-bin/browse-edgar?action=getcompany&CIK=1702709&type=D
"Docuverus, Inc.",2037079,Mullica Hill,08062,Other Technology,overFiveYears,False,Decline to Disclose,2,2380000.0,1880000.0,500000.0,12,2024-09-05,2025-11-10,10.5,14.2,Ameya Sharma (Director); Brian Kroker (Director); Jamie Borodin (Executive Officer/Director); Jeffrey Tench (Director),https://www.sec.gov/cgi-bin/browse-edgar?action=getcompany&CIK=2037079&type=D
Ashbry Inc.,1857134,Holmdel,07733,Other,2020,True,Decline to Disclose,1,2375000.0,2375000.0,0,36,2021-05-17,2021-05-17,64.3,,Howard Margolies (Executive Officer/Director/Promoter); Eric Wood (Executive Officer); Barry Newman (Executive Officer),https://www.sec.gov/cgi-bin/browse-edgar?action=getcompany&CIK=1857134&type=D
CRETech 5th Wall Climate LLC,1876384,Gladstone,07934,Other Technology,2021,True,Decline to Disclose,1,2375000.0,2375000.0,0,21,2021-08-10,2021-08-10,61.5,,CRETech 5th Wall Climate Manager LLC (Director); Ira Bergstein (Executive Officer); Michael Beckerman (Executive Officer/Director/Promoter),https://www.sec.gov/cgi-bin/browse-edgar?action=getcompany&CIK=1876384&type=D
Xenon Ophthalmics Inc,1988832,Belleville,07109,Biotechnology,2019,True,Decline to Disclose,1,2365500.0,2365500.0,0,16,2019-08-15,2019-08-15,85.3,,Bruce Stark (Director); Steve Susanibar (Executive Officer/Director); Michelle DeFossett (Director); Zeshan Kahn (Executive Officer/Director); Robert Gilligan (Director),https://www.sec.gov/cgi-bin/browse-edgar?action=getcompany&CIK=1988832&type=D
"Livegage, Inc.",1864252,Morganville,07751,Other Banking and Financial Services,2021,True,Decline to Disclose,1,2350000.0,2350000.0,0,3,2021-05-11,2021-05-11,64.5,,Anupam Sarwaikar (Executive Officer),https://www.sec.gov/cgi-bin/browse-edgar?action=getcompany&CIK=1864252&type=D
DP Montgomery Self Storage LLC,1963385,Montville,07045,Construction,2022,True,"$1,000,001 - $5,000,000",1,2305000.0,2305000.0,0,56,2022-08-17,2022-08-17,49.3,,Nicholas Minoia (Executive Officer),https://www.sec.gov/cgi-bin/browse-edgar?action=getcompany&CIK=1963385&type=D
Ataia Holding LLC,2058371,Old Bridge,08857,Other,2023,True,No Revenues,1,2300046.0,2300046.0,2300046.0,17,2025-02-26,2025-02-26,18.9,,Gennadiy Shapiro (Director),https://www.sec.gov/cgi-bin/browse-edgar?action=getcompany&CIK=2058371&type=D
"Do a Huddle, Inc.",1851161,Manalapan,07726,Other Technology,2020,True,Decline to Disclose,1,2276969.0,2276969.0,0,17,2020-10-15,2020-10-15,71.3,,Dan Vykhopen (Executive Officer/Director/Promoter); John Kuveke (Executive Officer/Director/Promoter); Kevin Wang (Executive Officer/Director/Promoter),https://www.sec.gov/cgi-bin/browse-edgar?action=getcompany&CIK=1851161&type=D
WESTOCK INC.,1948130,Norwood,07648,Other Technology,2019,True,Decline to Disclose,1,2255731.0,2255731.0,0,12,2022-09-13,2022-09-13,48.4,,Cameron McCarthy (Executive Officer/Director); Dmitriy Shumayev (Executive Officer); Jeffrey Silverman (Director); Bethanis Panos (Director),https://www.sec.gov/cgi-bin/browse-edgar?action=getcompany&CIK=1948130&type=D
MySky US Holdings Inc.,2033462,Hoboken,07030,Other Technology,2024,True,Decline to Disclose,1,2249342.0,2249342.0,0,7,2024-08-08,2024-08-08,25.6,,Jean De Looz (Executive Officer/Director); Christopher Marich (Executive Officer/Director),https://www.sec.gov/cgi-bin/browse-edgar?action=getcompany&CIK=2033462&type=D
"CHP Cedar SPV II, LLC",1850925,Summit,07901,Other,2021,True,Decline to Disclose,1,2247192.0,2247192.0,0,15,2021-03-04,2021-03-04,66.7,,"James Olsen (Executive Officer); -- Concord Management Services, LLC (Promoter)",https://www.sec.gov/cgi-bin/browse-edgar?action=getcompany&CIK=1850925&type=D
"RoboBurger Enterprises, Inc.",1951099,Newark,07102,Restaurants,2021,True,Decline to Disclose,1,2220000.0,2220000.0,0,3,2022-10-06,2022-10-06,47.6,,Vincent Polidoro (Director); Andrew Siegel (Executive Officer/Director); Audley Wilson (Executive Officer/Director); Martin Toha (Director),https://www.sec.gov/cgi-bin/browse-edgar?action=getcompany&CIK=1951099&type=D
Anax Holdings LLC,2068549,Wharton,07885,Other Energy,overFiveYears,False,Decline to Disclose,1,2183781.0,2183781.0,2183781.0,27,2025-05-06,2025-05-06,16.7,,Denny Wolfarth (Director); Court Coursey (Director); Joseph Longo (Director); John Fox (Director); John O'Rourke (Director); Michael Longo (Executive Officer),https://www.sec.gov/cgi-bin/browse-edgar?action=getcompany&CIK=2068549&type=D
Lulu Snacks Inc.,1792947,Madison,07940,Other,2018,True,Decline to Disclose,1,2183500.0,2183500.0,0,24,2023-06-12,2023-06-12,39.5,,Steven Atieh (Executive Officer/Director); Allison Lin (Executive Officer/Director),https://www.sec.gov/cgi-bin/browse-edgar?action=getcompany&CIK=1792947&type=D
Ami Cole Inc.,1944785,Edgewater,07020,Retailing,2020,True,Decline to Disclose,1,2154995.0,2154995.0,0,11,2021-12-15,2021-12-15,57.3,,Diarrha Ndiaye (Executive Officer/Director),https://www.sec.gov/cgi-bin/browse-edgar?action=getcompany&CIK=1944785&type=D
"Blockchain Technologies, Inc.",1897520,Jersey City,07311,Other,2021,True,Decline to Disclose,1,2125018.0,2125018.0,0,17,2021-11-19,2021-11-19,58.2,,Owen Colegrove (Executive Officer/Director); John Clarke (Executive Officer/Director),https://www.sec.gov/cgi-bin/browse-edgar?action=getcompany&CIK=1897520&type=D
"West Orange ASC, LLC",1941056,West Orange,07052,Other Health Care,overFiveYears,False,Decline to Disclose,1,2124525.0,2124525.0,0,14,2022-08-01,2022-08-01,49.8,,GERALD TOFANI (Executive Officer); KARIN GRAULICH (Director); JESSICA MANN (Director); DONALD CHERVENAK (Director); DEBBRA KEEGAN (Director); MEG STAGLIANO (Executive Officer/Director); ALEX SCOTT (Executive Officer); TESHA SIMPSON (Executive Officer/Director),https://www.sec.gov/cgi-bin/browse-edgar?action=getcompany&CIK=1941056&type=D
No Brick LLC,1874157,Jersey City,07302,Other,overFiveYears,False,Decline to Disclose,1,2100000.0,2100000.0,0,20,2021-06-15,2021-06-15,63.3,,Andrew Bensch (Executive Officer/Director); Mark Weiss (Director); Paolo Boero (Director); Matthew Bensch (Executive Officer/Director),https://www.sec.gov/cgi-bin/browse-edgar?action=getcompany&CIK=1874157&type=D
"PBJ, LLC",1996726,Cherry Hill,08003,Other,2023,True,Decline to Disclose,1,2075000.0,2075000.0,0,10,2023-09-29,2023-09-29,35.9,,Eric Danver (Executive Officer/Director/Promoter); Ira Krassan (Executive Officer/Director/Promoter),https://www.sec.gov/cgi-bin/browse-edgar?action=getcompany&CIK=1996726&type=D
"Fiducioso Advisors, Inc.",1576896,Liberty Corner,07938,Other Technology,overFiveYears,False,Decline to Disclose,2,2047000.0,1167000.0,0,31,2022-02-18,2022-09-27,47.9,7.3,Manish Malhotra (Executive Officer/Director); Rakesh Kaul (Director); Shankar Iyer (Director),https://www.sec.gov/cgi-bin/browse-edgar?action=getcompany&CIK=1576896&type=D
WRITESEA GROUP INC.,1959447,Bayonne,07002,Other Technology,2021,True,Decline to Disclose,1,2030108.0,2030108.0,0,11,2022-03-22,2022-03-22,54.1,,Justin Dawkins (Director); Brandon Mitchell (Executive Officer/Director),https://www.sec.gov/cgi-bin/browse-edgar?action=getcompany&CIK=1959447&type=D
Nemo Digital Holdings Corp.,1941273,Cherry Hill,08002,Other Banking and Financial Services,2022,True,Decline to Disclose,3,2030000.0,1900000.0,130000.0,3,2024-04-23,2025-02-17,19.2,4.9,Anthony LaMantia (Executive Officer); John Hanna (Executive Officer/Director/Promoter),https://www.sec.gov/cgi-bin/browse-edgar?action=getcompany&CIK=1941273&type=D
BHAV Acquisition Corp,2097288,Piscataway,08854,Other,2025,True,Decline to Disclose,1,2004225.0,2004225.0,2004225.0,13,2026-03-18,2026-03-18,6.3,,Balaji Swaminathan (Director); John O'Connell (Director); Piyush Sadana (Director); Giri Devanur (Executive Officer/Director); Chaitanya Setti (Executive Officer/Director),https://www.sec.gov/cgi-bin/browse-edgar?action=getcompany&CIK=2097288&type=D
Algorics Inc.,1959170,Piscataway,08854,Other Health Care,2020,True,"$1,000,001 - $5,000,000",1,2000000.0,2000000.0,0,0,2022-12-15,2022-12-15,45.3,,Nithiyanandhan Ananthakrishnan (Executive Officer/Director); Ramanamurthy Gandham (Executive Officer/Director),https://www.sec.gov/cgi-bin/browse-edgar?action=getcompany&CIK=1959170&type=D
"CS Renewables, Inc.",2000783,Fort Lee,07024,Other Energy,2023,True,Decline to Disclose,2,2000000.0,1000000.0,0,4,2023-08-21,2023-10-31,34.8,2.3,CHANGHUN KIM (Director); ILWOO CHOI (Executive Officer/Director); HAKBIN KIM (Director),https://www.sec.gov/cgi-bin/browse-edgar?action=getcompany&CIK=2000783&type=D
Ethical Brands Inc.,1799550,Red Bank,07700,Other,overFiveYears,False,Decline to Disclose,1,2000000.0,2000000.0,0,9,2022-05-20,2022-05-20,52.2,,Josef Spronz (Director); Henrik Svennas (Director); Marc Buehler (Executive Officer); Melissa Feldman (Executive Officer/Director),https://www.sec.gov/cgi-bin/browse-edgar?action=getcompany&CIK=1799550&type=D
"Exafluence, Inc.",1964950,South Brunswick,08852,Computers,2020,True,Decline to Disclose,1,2000000.0,2000000.0,0,1,2023-02-01,2023-02-01,43.8,,RAVIKIRAN DHARMAVARAM (Executive Officer/Director); NAINA DHARMAVARAM (Executive Officer/Director),https://www.sec.gov/cgi-bin/browse-edgar?action=getcompany&CIK=1964950&type=D
Friendly Honey Inc.,1926542,Holmdel,07733,Other,2022,True,No Revenues,1,2000000.0,2000000.0,0,9,2022-04-27,2022-04-27,53.0,,Derek Damiano (Executive Officer); Valerie Del Vecchio (Executive Officer),https://www.sec.gov/cgi-bin/browse-edgar?action=getcompany&CIK=1926542&type=D
OFCOLOR INC.,1984540,Maplewood,07040,Other Technology,2019,True,Decline to Disclose,1,2000000.0,2000000.0,0,3,2023-06-30,2023-06-30,38.9,,YEMI ROSE (Executive Officer/Director),https://www.sec.gov/cgi-bin/browse-edgar?action=getcompany&CIK=1984540&type=D
"Salad House Franchising, LLC",2120570,Westfield,07090,Restaurants,overFiveYears,False,Decline to Disclose,1,2000000.0,2000000.0,2000000.0,1,2026-03-14,2026-03-14,6.4,,Giuseppe Cioffi (Executive Officer); Gerald Eicke (Executive Officer),https://www.sec.gov/cgi-bin/browse-edgar?action=getcompany&CIK=2120570&type=D
Evermore Technologies Inc.,2039120,Princeton,08540,Other Technology,2023,True,Decline to Disclose,1,1995000.0,1995000.0,0,7,2024-09-20,2024-09-20,24.1,,MICHAEL RHEE (Executive Officer/Director); JESSICA LEE (Director),https://www.sec.gov/cgi-bin/browse-edgar?action=getcompany&CIK=2039120&type=D
"Octane Software Technology, Inc.",1852294,Cranbury,08512,Computers,2020,True,Decline to Disclose,1,1989997.0,1989997.0,0,11,2021-03-05,2021-03-05,66.7,,Akash Khanolkar (Executive Officer/Director); Ahmed Shalaby (Executive Officer/Director); Chang Xu (Director); Dmitry Ivanyuk (Executive Officer/Director),https://www.sec.gov/cgi-bin/browse-edgar?action=getcompany&CIK=1852294&type=D
Nume Crypto Inc.,1932325,Florence,08518,Other Technology,2021,True,Decline to Disclose,1,1959981.0,1959981.0,0,17,2022-05-11,2022-05-11,52.5,,Niveda Harishankar (Director); Madhumitha Harishankar (Executive Officer/Director),https://www.sec.gov/cgi-bin/browse-edgar?action=getcompany&CIK=1932325&type=D
North Lake Supply LLC,1886638,Augusta,07822,Agriculture,2019,True,No Revenues,3,1945000.0,1220000.0,0,35,2021-09-14,2023-04-17,41.3,9.5,Aleksandr Kleynshvag (Executive Officer); Joshua Rivas (Executive Officer); Inna Kirikova (Executive Officer); Matthew Watkins (Executive Officer); Charmaine Van Wingerden (Executive Officer); Daniel Saita (Executive Officer),https://www.sec.gov/cgi-bin/browse-edgar?action=getcompany&CIK=1886638&type=D
"Atman Labs, Inc.",2001030,Monroe Township,08831,Other Technology,2023,True,Decline to Disclose,1,1941500.0,1941500.0,0,12,2023-11-03,2023-11-03,34.7,,Shravan Nageswaran (Executive Officer/Director); Sumon Sadhu (Executive Officer/Director),https://www.sec.gov/cgi-bin/browse-edgar?action=getcompany&CIK=2001030&type=D
"INQUISITHEALTH, INC.",1567863,River Edge,07661,Other Health Care,overFiveYears,False,Decline to Disclose,2,1882302.0,1157302.0,0,15,2021-02-24,2022-03-18,54.3,12.7,Ashwin Patel (Executive Officer/Director),https://www.sec.gov/cgi-bin/browse-edgar?action=getcompany&CIK=1567863&type=D
"Sembly AI, Inc.",1779131,Closter,07624,Other Technology,2018,True,"$1 - $1,000,000",3,1878898.0,1151398.0,0,18,2021-01-08,2022-01-31,55.8,6.4,Gil Makleff (Executive Officer/Director/Promoter); Artem Koren (Executive Officer/Director); Jean-Luc Sola (Director),https://www.sec.gov/cgi-bin/browse-edgar?action=getcompany&CIK=1779131&type=D
Algoma Inc.,2046482,Newark,07102,Other Technology,2023,True,Decline to Disclose,1,1874996.0,1874996.0,1874996.0,6,2024-11-20,2024-11-20,22.1,,Josef Bromovsky (Executive Officer/Director); Vivin Hegde (Director); Seyfihan Usarer (Executive Officer/Director),https://www.sec.gov/cgi-bin/browse-edgar?action=getcompany&CIK=2046482&type=D
Slycedata Corp.,1892349,Red Bank,07701,Other Technology,2021,True,"$1 - $1,000,000",1,1850000.0,1850000.0,0,15,2021-09-20,2021-09-20,60.2,,Christopher Harrison (Executive Officer),https://www.sec.gov/cgi-bin/browse-edgar?action=getcompany&CIK=1892349&type=D
"Aspargo Laboratories, Inc.",1805092,Englewood Cliffs,07632,Pharmaceuticals,2019,True,"$1 - $1,000,000",2,1821998.0,1531998.0,0,19,2022-03-25,2022-11-28,45.9,8.1,Michael Rice (Director); Fred Biehl (Director); Michael Demurjian (Executive Officer),https://www.sec.gov/cgi-bin/browse-edgar?action=getcompany&CIK=1805092&type=D
"CaraVan Biologix, Inc.",1837437,Andover,07821,Biotechnology,2020,True,Decline to Disclose,1,1718840.0,1718840.0,0,12,2022-03-07,2022-03-07,54.6,,Michael Martino (Director); Thomas Malcolm (Executive Officer/Director); Jeffrey Riley (Executive Officer/Director); Llew Keltner (Director),https://www.sec.gov/cgi-bin/browse-edgar?action=getcompany&CIK=1837437&type=D
Logie Inc,2060898,Union City,07087,Other Technology,2021,True,"$1 - $1,000,000",1,1659990.0,1659990.0,1659990.0,17,2025-03-10,2025-03-10,18.5,,Ehud Segev (Executive Officer),https://www.sec.gov/cgi-bin/browse-edgar?action=getcompany&CIK=2060898&type=D
"Matinas BioPharma Holdings, Inc.",1582554,Bedminster,07921,Biotechnology,overFiveYears,False,Decline to Disclose,1,1650000.0,1650000.0,1650000.0,4,2025-02-13,2025-02-13,19.3,,Robin Smith (Director); Eric Ende (Director); Jerome Jabbour (Executive Officer/Director); Evelyn D'An (Director); Keith Kucinski (Executive Officer); Matthew Wikler (Director); Natasha Giordano (Director),https://www.sec.gov/cgi-bin/browse-edgar?action=getcompany&CIK=1582554&type=D
POPOLOGY Global Corp.,2093414,Collingswood,08108,Other Technology,2024,True,Decline to Disclose,1,1650000.0,1650000.0,1650000.0,3,2025-03-19,2025-03-19,18.2,,H. Wright (Director); Wendy Kahn (Director); Michael Kahn (Director); Oscar Bjers (Executive Officer); Joe Rey (Executive Officer); Oliver Fuselier (Executive Officer); Lou Heidelberger (Executive Officer),https://www.sec.gov/cgi-bin/browse-edgar?action=getcompany&CIK=2093414&type=D
Stone Hill Holdings LLC,1946795,Pennington,08534,Agriculture,2020,True,No Revenues,1,1630000.0,1630000.0,0,5,2022-09-28,2022-09-28,47.9,,Robert Piasio (Executive Officer/Director/Promoter),https://www.sec.gov/cgi-bin/browse-edgar?action=getcompany&CIK=1946795&type=D
"Vanguard Claims Administration Holdings, Inc.",2105211,Woodbury,08096,Other,2025,True,Decline to Disclose,1,1599997.0,1599997.0,1599997.0,2,2025-09-10,2025-09-10,12.5,,Brian Gilliam (Executive Officer/Director); Robert Gilliam (Director),https://www.sec.gov/cgi-bin/browse-edgar?action=getcompany&CIK=2105211&type=D
"Fairly, Inc.",1841967,Princeton,08540,Other Technology,2020,True,Decline to Disclose,1,1595000.0,1595000.0,0,4,2021-01-11,2021-01-11,68.4,,James Burns (Executive Officer/Director); Prajay Tipre (Executive Officer/Director),https://www.sec.gov/cgi-bin/browse-edgar?action=getcompany&CIK=1841967&type=D
Polygraf Inc.,1981123,Newark,19702,Other Technology,2021,True,Decline to Disclose,1,1560000.0,1560000.0,0,20,2022-04-25,2022-04-25,53.0,,Vince Lane (Executive Officer/Director); Vignesh Karumbaya (Executive Officer/Director); Yagub Rahimov (Executive Officer),https://www.sec.gov/cgi-bin/browse-edgar?action=getcompany&CIK=1981123&type=D
"AvePoint, Inc.",1777921,Jersey City,07310,Other Technology,2019,True,Decline to Disclose,1,1550000.0,1550000.0,0,3,2022-09-12,2022-09-12,48.4,,James Caci (Executive Officer); Xunkai Gong (Executive Officer/Director); Janet Schijns (Director); Jeff Epstein (Director); Jeff Teper (Director); Tianyi Jiang (Executive Officer/Director); John Ho (Director); Brian Brown (Executive Officer/Director),https://www.sec.gov/cgi-bin/browse-edgar?action=getcompany&CIK=1777921&type=D
"Go4Ellis, Inc.",1889909,Brigantine,08203,Other Technology,2021,True,Decline to Disclose,1,1530906.0,1530906.0,0,20,2021-09-15,2021-09-15,60.3,,Andrew Hayes (Executive Officer/Director); Andy Kaplan (Director); David Snyder (Director),https://www.sec.gov/cgi-bin/browse-edgar?action=getcompany&CIK=1889909&type=D
"Retrieve Medical Holdings, Inc.",1452804,Bedminster,07921,Other Health Care,overFiveYears,False,No Revenues,2,1519989.0,1201489.0,0,49,2023-04-27,2023-08-23,37.1,3.9,Jason Pottinger (Director); Todd Griffith (Director); Louis Rose (Director); Mark Rosenberg (Director); Jerry Swon (Executive Officer); Joerg Klaube (Executive Officer),https://www.sec.gov/cgi-bin/browse-edgar?action=getcompany&CIK=1452804&type=D
"Activate Partners, Inc.",1959979,Holmdel,07733,Other Technology,2018,True,Decline to Disclose,1,1500000.0,1500000.0,0,1,2022-12-20,2022-12-20,45.2,,Dave Wise (Director); Chris Zaharis (Director); Anthony Rich (Director); Brian Giamo (Executive Officer/Director),https://www.sec.gov/cgi-bin/browse-edgar?action=getcompany&CIK=1959979&type=D
BDP Lackawanna Investors. LLC,1839043,Montclair,07042,Construction,2020,True,Decline to Disclose,1,1500000.0,1500000.0,0,16,2020-12-01,2020-12-01,69.8,,David Placek (Executive Officer),https://www.sec.gov/cgi-bin/browse-edgar?action=getcompany&CIK=1839043&type=D
Pricing Culture Inc.,1917945,Jersey City,07302,Other Technology,2021,True,Decline to Disclose,1,1500000.0,1500000.0,0,1,2022-03-07,2022-03-07,54.6,,Bhargav Shivarthy (Executive Officer/Director),https://www.sec.gov/cgi-bin/browse-edgar?action=getcompany&CIK=1917945&type=D
"SOCAP Global, PBC",1786529,Princeton,08540,Other,overFiveYears,False,Decline to Disclose,1,1500000.0,1500000.0,0,11,2022-06-22,2022-06-22,51.1,,Rodney Foxworth (Director); Geoff Davis (Director); Robert Munson (Executive Officer); Thomas Balderston (Executive Officer/Director); Lindsay Zizumbo (Executive Officer/Director),https://www.sec.gov/cgi-bin/browse-edgar?action=getcompany&CIK=1786529&type=D
"Cellix Biosciences, Inc.",1772419,Newark,07103,Other,2017,True,Decline to Disclose,1,1490000.0,1490000.0,0,8,2019-03-20,2019-03-20,90.2,,Mahesh Kandula (Director); Subramaniam Apparsundaram (Executive Officer/Director/Promoter); Jaideep Khanna (Director),https://www.sec.gov/cgi-bin/browse-edgar?action=getcompany&CIK=1772419&type=D
"HOPR.AI, INC.",1891889,Edison,08820,Other,2020,True,Decline to Disclose,1,1479500.0,1479500.0,0,4,2023-04-20,2023-04-20,41.2,,Jacob Guedalia (Executive Officer/Director),https://www.sec.gov/cgi-bin/browse-edgar?action=getcompany&CIK=1891889&type=D
Nitro Beverage Inc.,1858433,Asbury Park,07712,Other,2016,True,Decline to Disclose,1,1473400.0,1473400.0,0,5,2021-04-08,2021-04-08,65.6,,Ali Mohamed (Executive Officer/Director); Michelangelo D'Amico (Executive Officer/Director); Julien Machot (Director),https://www.sec.gov/cgi-bin/browse-edgar?action=getcompany&CIK=1858433&type=D
"Mindprint Learning, Inc.",1814168,Titusville,08560,Other,overFiveYears,False,Decline to Disclose,1,1460138.0,1460138.0,0,11,2023-01-10,2023-01-10,44.5,,John Martinson (Director); Eric Weinstein (Director); Nancy Weinstein (Executive Officer/Director); Eric Cantor (Director),https://www.sec.gov/cgi-bin/browse-edgar?action=getcompany&CIK=1814168&type=D
"NYIAX, INC.",1679379,Somerset,08873,Other,overFiveYears,False,Decline to Disclose,2,1450000.0,1250000.0,200000.0,5,2024-03-29,2025-01-14,20.3,9.6,William Feldman (Executive Officer); Robert Ainbinder (Director/Promoter); Michael Garone (Director); Teri Galo (Executive Officer/Director); Carolina Abenante (Executive Officer/Director/Promoter); Mark Grinbaum (Executive Officer),https://www.sec.gov/cgi-bin/browse-edgar?action=getcompany&CIK=1679379&type=D
"My Obvi, Inc.",2023664,Kearny,07302,Other,2022,True,Decline to Disclose,1,1429996.0,1429996.0,0,7,2023-12-19,2023-12-19,33.2,,Jatinder Bhatti (Director); John Herman (Director); Ronak Shah (Executive Officer/Director); Ankit Patel (Director); Ashvin Melwani (Director),https://www.sec.gov/cgi-bin/browse-edgar?action=getcompany&CIK=2023664&type=D
"AminoSense, Inc.",2116419,Montclair,07042,Other,2023,True,Decline to Disclose,1,1416621.0,1416621.0,1416621.0,2,2026-02-26,2026-02-26,6.9,,Aryeh Ganz (Executive Officer/Director/Promoter),https://www.sec.gov/cgi-bin/browse-edgar?action=getcompany&CIK=2116419&type=D
"Open Air Hotels & Resorts, LLC",1998376,Jersey City,07302,Lodging and Conventions,2023,True,No Revenues,1,1401002.0,1401002.0,0,19,2023-10-11,2023-10-11,35.5,,Paul Bagi (Executive Officer); Jordan Meltzer (Executive Officer); Lauren Meltzer (Executive Officer),https://www.sec.gov/cgi-bin/browse-edgar?action=getcompany&CIK=1998376&type=D
Barcade Holdings LLC,2080156,Jersey City,07032,Restaurants,overFiveYears,False,Decline to Disclose,1,1400000.0,1400000.0,1400000.0,3,2025-07-14,2025-07-14,14.4,,Scott Beard (Director); Paul Kermizian (Executive Officer/Director); Kevin Beard (Director); Peter Langway (Director),https://www.sec.gov/cgi-bin/browse-edgar?action=getcompany&CIK=2080156&type=D
Grignard Pure LLC,1908379,Rahway,07065,Other,2020,True,"$1 - $1,000,000",1,1400000.0,1400000.0,0,11,2021-11-04,2021-11-04,58.7,,Emile Grignard III (Executive Officer),https://www.sec.gov/cgi-bin/browse-edgar?action=getcompany&CIK=1908379&type=D
"Viridis GTS Loan Fund I, LLC",1966360,Allendale,07401,Other,2023,True,Decline to Disclose,1,1400000.0,1400000.0,0,7,2023-01-30,2023-01-30,43.8,,Benjamin Engleman (Executive Officer),https://www.sec.gov/cgi-bin/browse-edgar?action=getcompany&CIK=1966360&type=D
"Munimatrix, Inc.",2086114,Tinton Falls,07724,Other Technology,2024,True,Decline to Disclose,1,1375000.0,1375000.0,1375000.0,3,2025-09-08,2025-09-08,12.5,,Brendan Gilmartin (Executive Officer/Director),https://www.sec.gov/cgi-bin/browse-edgar?action=getcompany&CIK=2086114&type=D
"Omnivers-AI, Inc.",2040976,Montvale,07645,Other Technology,2024,True,Decline to Disclose,1,1375000.0,1375000.0,1375000.0,3,2024-09-26,2024-09-26,23.9,,Meir Bulua (Director); Marc Medelsohn (Director); Zeesh Mermelstein (Executive Officer/Director),https://www.sec.gov/cgi-bin/browse-edgar?action=getcompany&CIK=2040976&type=D
"SG Zambrano Holdings, LLC",1905173,Brigantine,08203,Other Health Care,2021,True,Decline to Disclose,1,1375000.0,1375000.0,0,30,2021-12-30,2021-12-30,56.8,,"Dr. Sami Webb (Director); N/A SSG Management, LLC (Promoter); Dr. Greg Nachajlan (Director); Dr. Anne Todd (Director)",https://www.sec.gov/cgi-bin/browse-edgar?action=getcompany&CIK=1905173&type=D
"Friendly HoneyVault, LLC",1987347,Holmdel,07733,Other,2023,True,Decline to Disclose,1,1365000.0,1365000.0,0,8,2023-07-20,2023-07-20,38.2,,Robert Damiano (Director); Kelly Del Vecchio (Director); Rachel Cordasco (Director),https://www.sec.gov/cgi-bin/browse-edgar?action=getcompany&CIK=1987347&type=D
"z.Pax Holdco, Inc.",1971018,Manalapan,07726,Other Technology,2023,True,Decline to Disclose,2,1325000.0,1275000.0,0,13,2023-03-15,2023-11-02,34.8,7.6,Nicole Jasser (Executive Officer); Vincent Fedele (Executive Officer/Director); Michael Sciacca (Director); Marc Zimmet (Executive Officer/Director),https://www.sec.gov/cgi-bin/browse-edgar?action=getcompany&CIK=1971018&type=D
Gparency LLC,1895197,Howell Township,07731,Other Technology,2021,True,Decline to Disclose,2,1321750.0,1159250.0,0,31,2022-11-23,2024-02-05,31.6,14.4,Abraham Bergman (Director); Paul Fruchthandler (Director); Ira Zlotowitz (Executive Officer/Director); Michael Fried (Director); Chayale Kaufman (Director),https://www.sec.gov/cgi-bin/browse-edgar?action=getcompany&CIK=1895197&type=D
"TRUELASTIN LABORATORIES, INC.",1756883,Chatham,07928,Other Health Care,overFiveYears,False,Decline to Disclose,1,1280000.0,1280000.0,0,12,2022-06-27,2022-06-27,51.0,,"Steve Andrzejewski (Executive Officer/Director); Bartholomew Zoni, III (Executive Officer); Yury Zhivilo (Director); Thomas Ford (Executive Officer); Mark Sheridan (Executive Officer); Gurgen Melkumov (Director); Vitaly Suslov (Director); Vladimir Grinyuk (Director)",https://www.sec.gov/cgi-bin/browse-edgar?action=getcompany&CIK=1756883&type=D
Orthonu LLC,1933332,Rumson,07760,Other,2020,True,Decline to Disclose,2,1270000.0,1270000.0,0,15,2022-04-18,2025-02-05,19.6,33.6,Sima Yakoby Epstein (Executive Officer),https://www.sec.gov/cgi-bin/browse-edgar?action=getcompany&CIK=1933332&type=D
"Origin Life Sciences, Inc.",1573901,Princeton,08540,Biotechnology,overFiveYears,False,Decline to Disclose,3,1210600.0,659600.0,0,15,2022-06-30,2023-08-18,37.3,6.8,Michael Preston (Executive Officer/Director); Jerome Korten (Director); Victor Micati (Director); David Dantzker (Executive Officer/Director); John Fernandes (Executive Officer); Anthony Brampton (Director),https://www.sec.gov/cgi-bin/browse-edgar?action=getcompany&CIK=1573901&type=D
"LIVINGSTON ASC, LLC",1845649,Livingston,07039,Other Health Care,overFiveYears,False,Decline to Disclose,1,1180000.0,1180000.0,0,13,2021-02-01,2021-02-01,67.7,,BRENT LONGENECKER (Executive Officer/Director); GERALD TOFANI (Executive Officer/Director); MEG MORGAN (Executive Officer/Director); MATTHEW FULTON (Director),https://www.sec.gov/cgi-bin/browse-edgar?action=getcompany&CIK=1845649&type=D
"MamaMancini's Holdings, Inc.",1520358,East Rutherford,07073,Other,overFiveYears,False,"$25,000,001 - $100,000,000",1,1180000.0,1180000.0,0,15,2022-09-13,2022-09-13,48.4,,Anthony Gruber (Executive Officer); Adam Michaels (Executive Officer/Director); Carl Wolf (Director); Steven Burns (Executive Officer/Director); Thomas Toto (Director); Alfred D'Agostino (Director); Michael Stengel (Director); Dean Janeway (Director); Matthew Brown (Executive Officer/Director),https://www.sec.gov/cgi-bin/browse-edgar?action=getcompany&CIK=1520358&type=D
Vigor Dispensary LLC,2058600,Morganville,07751,Other,2022,True,Decline to Disclose,2,1175000.0,925000.0,0,9,2023-06-13,2024-05-24,28.1,11.4,Alan Ao (Executive Officer),https://www.sec.gov/cgi-bin/browse-edgar?action=getcompany&CIK=2058600&type=D
Vamos Racquets LLC,2079025,Short Hills,07078,Other,2024,True,"$1 - $1,000,000",1,1172500.0,1172500.0,1172500.0,23,2025-06-25,2025-06-25,15.0,,Katherine Lynch (Executive Officer),https://www.sec.gov/cgi-bin/browse-edgar?action=getcompany&CIK=2079025&type=D
"DatChat, Inc.",1648960,New Brunswick,08901,Other Technology,overFiveYears,False,Decline to Disclose,1,1160000.0,1160000.0,0,5,2022-06-29,2022-06-29,50.9,,Darin Myman (Executive Officer/Director); Carly Schumer (Director); Joseph Nelson (Director); Peter Shelus (Executive Officer/Director); Wayne Linsley (Director),https://www.sec.gov/cgi-bin/browse-edgar?action=getcompany&CIK=1648960&type=D
"Navierre Holdings, LLC",1909320,Montvale,07645,Other Health Care,2021,True,Decline to Disclose,2,1120000.0,1015000.0,0,39,2022-02-09,2022-11-28,45.9,9.6,Mustafa Dinani (Executive Officer/Director); Jeff Stelnik (Director); Gaurav Singhvi (Director),https://www.sec.gov/cgi-bin/browse-edgar?action=getcompany&CIK=1909320&type=D
"Borobabi, Co.",1826274,Ridgewood,07450,Retailing,2020,True,Decline to Disclose,1,1100000.0,1100000.0,0,63,2020-10-04,2020-10-04,71.7,,Butler Carolyn (Executive Officer/Director); Rich Amsinger (Director),https://www.sec.gov/cgi-bin/browse-edgar?action=getcompany&CIK=1826274&type=D
"MemberFi Holdings, Inc.",1949399,Livingston,07039,Other Technology,2022,True,Decline to Disclose,1,1100000.0,1100000.0,0,2,2022-09-23,2022-09-23,48.1,,Jack Lembeck (Executive Officer),https://www.sec.gov/cgi-bin/browse-edgar?action=getcompany&CIK=1949399&type=D
Orthobond Corp,1329147,Monmouth Junction,08852,Other Technology,overFiveYears,False,Decline to Disclose,1,1075000.0,1075000.0,0,8,2022-09-05,2022-09-05,48.7,,David Nichols (Executive Officer/Director); Peter Goodwin (Director); Frank Cammisa (Director); Khalil Barrage (Director); Lisa D'Urso (Director); David Helfet (Director); Peter Scaturro (Director); Gregory Lutz (Director); Paul Volovich (Executive Officer),https://www.sec.gov/cgi-bin/browse-edgar?action=getcompany&CIK=1329147&type=D
"Moove Fitness, Inc.",1883952,Atlantic Highlands,07716,Other Technology,2021,True,Decline to Disclose,4,1072500.0,500000.0,292500.0,43,2021-08-30,2026-02-04,7.7,17.7,Ralf Sellig (Executive Officer/Director/Promoter); Malcom Severance (Executive Officer/Director/Promoter); Peter McNamara (Executive Officer/Director/Promoter); Erin Charleston (Director),https://www.sec.gov/cgi-bin/browse-edgar?action=getcompany&CIK=1883952&type=D
Spar Systems Inc.,1945414,Montvale,07645,Other Technology,2022,True,Decline to Disclose,2,1061001.0,545000.0,545000.0,24,2022-08-30,2024-12-05,21.6,27.2,Rakesh Kaul (Director); Gaurav Bazaz (Executive Officer/Director),https://www.sec.gov/cgi-bin/browse-edgar?action=getcompany&CIK=1945414&type=D
"High QA, Inc.",1763599,Hazlet,07730,Computers,overFiveYears,False,Decline to Disclose,1,1049956.0,1049956.0,0,5,2022-12-22,2022-12-22,45.1,,Douglas Cox (Director); Jeffrey Davison (Director); Glen Bressner (Director); George Boyajian (Director); Samuel Golan (Executive Officer/Director),https://www.sec.gov/cgi-bin/browse-edgar?action=getcompany&CIK=1763599&type=D
"Qredible, Inc.",1838514,Cherry Hill,08002,Other Technology,2019,True,Decline to Disclose,1,1015000.0,1015000.0,0,8,2022-09-30,2022-09-30,47.8,,Walter Lynch (Director); Doug Roberts (Executive Officer); Ronaldo Montmann (Executive Officer); Brian Fitzpatrick (Executive Officer/Director/Promoter); Rick McDonald (Executive Officer/Director/Promoter); Glen Littlejohn (Director/Promoter),https://www.sec.gov/cgi-bin/browse-edgar?action=getcompany&CIK=1838514&type=D
Other Side Dispensary LLC,1972720,Jersey City,07307,Retailing,2022,True,No Revenues,2,1000000.0,700000.0,0,6,2023-06-12,2024-02-07,31.6,7.9,Candice Haigler (Executive Officer); Corey Jackson (Executive Officer); Alyza Brevard-Rodriguez (Executive Officer),https://www.sec.gov/cgi-bin/browse-edgar?action=getcompany&CIK=1972720&type=D
"Quantalytics Holdings, LLC",1721832,Jersey City,07310,Other Technology,2017,True,Decline to Disclose,1,1000000.0,1000000.0,0,1,2021-03-12,2021-03-12,66.5,,Stephen Mathai-Davis (Executive Officer/Director); Wallace Mathai-Davis (Director); Michael York (Director); Taha Ahmed (Director); Jeffrey Yam (Director),https://www.sec.gov/cgi-bin/browse-edgar?action=getcompany&CIK=1721832&type=D
"ReSource Pro Holdings, LLC",1737693,Teaneck,07666,Other,2018,True,Decline to Disclose,1,1000000.0,1000000.0,0,4,2020-12-31,2020-12-31,68.8,,Matthew Bruno (Director); Daniel Epstein (Executive Officer/Director); Keith Pennell (Executive Officer/Director); Andrew White (Executive Officer/Director); Donald DeMuth (Director); Karl Halteman (Executive Officer); David Watkins (Director); Norman Merritt (Executive Officer/Director); Marc Roston (Director),https://www.sec.gov/cgi-bin/browse-edgar?action=getcompany&CIK=1737693&type=D
Sabavi Home LLC,2000752,Hackensack,07601,Retailing,2021,True,Decline to Disclose,1,1000000.0,1000000.0,0,15,2023-11-01,2023-11-01,34.8,,Hank Reinhart (Executive Officer); Steven Margulies (Executive Officer); Howard Blumenfeld (Executive Officer); Saul Kaszovitz (Executive Officer),https://www.sec.gov/cgi-bin/browse-edgar?action=getcompany&CIK=2000752&type=D
"Vaneltix Pharma, Inc.",932352,New Brunswick,08901,Pharmaceuticals,overFiveYears,False,Decline to Disclose,1,1000000.0,1000000.0,0,6,2023-12-12,2023-12-12,33.4,,Daniel Vickery (Executive Officer/Director); Carlo Di Fonzo (Director); C. Parsons (Director); Robert Evans (Director),https://www.sec.gov/cgi-bin/browse-edgar?action=getcompany&CIK=932352&type=D
Vest Coast SPV I LLC,1867421,Rumson,07760,Other,2021,True,Decline to Disclose,2,1000000.0,750000.0,0,47,2021-06-14,2022-09-27,47.9,15.4,Robert DiFazio (Executive Officer); N/A Vest Coast Capital LLC (Executive Officer/Director),https://www.sec.gov/cgi-bin/browse-edgar?action=getcompany&CIK=1867421&type=D
"messageLOUD, Inc.",1931704,Tenafly,07670,Other Technology,2018,True,Decline to Disclose,1,1000000.0,1000000.0,0,1,2022-05-18,2022-05-18,52.3,,Garin Toren (Executive Officer/Director),https://www.sec.gov/cgi-bin/browse-edgar?action=getcompany&CIK=1931704&type=D
Eleison Pharmaceuticals Inc,1880047,Princeton,08540,Pharmaceuticals,2020,True,Decline to Disclose,1,980000.0,980000.0,0,20,2022-04-28,2022-04-28,52.9,,Michael Otto (Director); Patrick Maguire (Executive Officer); Edwin Thomas (Executive Officer/Director); Matthew Cromie (Executive Officer); Frank Seidman (Director); Joel Morganroth (Director); William Fricker (Executive Officer); Bryan Wood (Director); Michael Lusty (Executive Officer),https://www.sec.gov/cgi-bin/browse-edgar?action=getcompany&CIK=1880047&type=D
"Quantiv Risk, Inc.",1930295,Westfield,07090,Other Technology,2020,True,Decline to Disclose,1,952000.0,952000.0,0,10,2024-05-31,2024-05-31,27.8,,Mike Nelson (Executive Officer/Director); John Pettit (Executive Officer/Director),https://www.sec.gov/cgi-bin/browse-edgar?action=getcompany&CIK=1930295&type=D
"SXD, Inc.",1924918,Chatham Township,07928,Other Technology,2022,True,Decline to Disclose,1,925000.0,925000.0,0,8,2022-04-04,2022-04-04,53.7,,Shelly Xu (Executive Officer/Director),https://www.sec.gov/cgi-bin/browse-edgar?action=getcompany&CIK=1924918&type=D
Integra Network Solutions LLC,1900863,Parsippany,07054,Other Technology,2020,True,Decline to Disclose,1,915000.0,915000.0,0,9,2021-12-22,2021-12-22,57.1,,Philip Ziegler (Director/Promoter); Dennis Specht (Director/Promoter),https://www.sec.gov/cgi-bin/browse-edgar?action=getcompany&CIK=1900863&type=D
"TreadStone Technologies, Inc.",2092565,Monmouth Junction,08852,Other Technology,overFiveYears,False,Decline to Disclose,1,910000.0,910000.0,910000.0,12,2025-10-15,2025-10-15,11.3,,Carl Glaeser (Director); Gerald DeCuollo (Executive Officer/Director); Anthony Rickert (Director); Michael Kelley (Director); Conghua Wang (Executive Officer/Director),https://www.sec.gov/cgi-bin/browse-edgar?action=getcompany&CIK=2092565&type=D
"Macrotope, Inc.",1913044,Princeton,08540,Pharmaceuticals,overFiveYears,False,Decline to Disclose,3,900000.0,400000.0,400000.0,3,2022-05-20,2025-05-27,16.0,18.1,Elliot Camptbell (Executive Officer/Director); Stephen Anderson (Executive Officer/Director),https://www.sec.gov/cgi-bin/browse-edgar?action=getcompany&CIK=1913044&type=D
MileBreaker Partners LLC,2025167,Jersey City,07302,Other,2024,True,Decline to Disclose,1,900000.0,900000.0,0,15,2024-05-22,2024-05-22,28.1,,Facundo Golinsky (Executive Officer/Director); Ben Cao (Executive Officer/Director),https://www.sec.gov/cgi-bin/browse-edgar?action=getcompany&CIK=2025167&type=D
1435 Capital SLLC,1842902,Princeton,08540,Other,2020,True,Decline to Disclose,1,895000.0,895000.0,0,1,2021-06-03,2021-06-03,63.7,,Hunt Conor (Executive Officer); Jen Ben (Executive Officer); Alexander Brufsky (Executive Officer),https://www.sec.gov/cgi-bin/browse-edgar?action=getcompany&CIK=1842902&type=D
Friend2Meet Inc,1949037,Tenafly,07670,Other Technology,2022,True,No Revenues,1,888000.0,888000.0,0,8,2022-09-05,2022-09-05,48.7,,Amihay Birenboim (Executive Officer/Director),https://www.sec.gov/cgi-bin/browse-edgar?action=getcompany&CIK=1949037&type=D
"Piermont Brands, Inc.",1974436,Englewood Cliffs,07632,Other,2019,True,"$1,000,001 - $5,000,000",1,885000.0,885000.0,0,10,2023-04-07,2023-04-07,41.6,,Charles Sachs (Director); Samuel Hirsch (Executive Officer/Director),https://www.sec.gov/cgi-bin/browse-edgar?action=getcompany&CIK=1974436&type=D
Padel United Sports Club LLC,2008281,Cresskill,07626,Other,2023,True,Decline to Disclose,2,883840.0,725000.0,158840.0,15,2023-12-19,2025-03-14,18.4,14.8,Benjamin Markoff (Director); Jonathan Kreiger (Director),https://www.sec.gov/cgi-bin/browse-edgar?action=getcompany&CIK=2008281&type=D
"Cash Mgt Solutions, LLC",1940714,Summit,07901,Other,2022,True,Decline to Disclose,2,875000.0,450000.0,450000.0,10,2022-07-25,2025-12-19,9.2,40.8,"Mark McGrath, Sr. (Executive Officer/Director); Annie Lan (Executive Officer/Director); Robert Chefitz (Executive Officer/Director); Francis Leto (Director)",https://www.sec.gov/cgi-bin/browse-edgar?action=getcompany&CIK=1940714&type=D
"Food Architects, LLC",2073602,Hoboken,07030,Other,2025,True,Not Applicable,1,850000.0,850000.0,850000.0,9,2025-06-25,2025-06-25,15.0,,Michael Farrell (Executive Officer),https://www.sec.gov/cgi-bin/browse-edgar?action=getcompany&CIK=2073602&type=D
Sunray Scientific Inc.,2030956,Eatontown,07724,Other,2020,True,Decline to Disclose,1,845232.0,845232.0,0,41,2024-07-14,2024-07-14,26.4,,Andrew Stemmermann (Director); Steve Socolof (Director); Madhu Stemmermann (Executive Officer/Director),https://www.sec.gov/cgi-bin/browse-edgar?action=getcompany&CIK=2030956&type=D
"3rd-i Technology, Inc.",2063808,Chester,07930,Other Technology,2023,True,Decline to Disclose,1,830000.0,830000.0,830000.0,7,2025-03-29,2025-03-29,17.9,,Dillon Abend (Executive Officer),https://www.sec.gov/cgi-bin/browse-edgar?action=getcompany&CIK=2063808&type=D
AIMG Corp,1980617,Marlboro,07746,Other Technology,2023,True,Decline to Disclose,1,825000.0,825000.0,0,10,2023-05-24,2023-05-24,40.1,,Adam Blaier (Executive Officer),https://www.sec.gov/cgi-bin/browse-edgar?action=getcompany&CIK=1980617&type=D
"Rebuild Capital - Vero, LLC",2066911,Englewood,07631,Other Technology,2025,True,Decline to Disclose,1,810000.0,810000.0,810000.0,13,2025-05-06,2025-05-06,16.7,,"Delaware limited liability company Rebuild Capital, LLC (Executive Officer/Director); Jeremy Kaner (Executive Officer/Director)",https://www.sec.gov/cgi-bin/browse-edgar?action=getcompany&CIK=2066911&type=D
Chinah USA LLC,1815612,East Brunswick,08816,Restaurants,2020,True,"$1 - $1,000,000",3,801500.0,551500.0,0,30,2021-04-01,2023-02-01,43.8,11.0,Hegel Hei (Executive Officer); Henry Meng (Executive Officer),https://www.sec.gov/cgi-bin/browse-edgar?action=getcompany&CIK=1815612&type=D
"BioStream Technologies, LLC",1716551,Moorestown,08057,Other Technology,overFiveYears,False,Decline to Disclose,1,800000.0,800000.0,0,4,2018-12-14,2018-12-14,93.4,,Harry Schiavi (Executive Officer/Director); Stephen Clark (Executive Officer/Director); Michael Farber (Executive Officer/Director),https://www.sec.gov/cgi-bin/browse-edgar?action=getcompany&CIK=1716551&type=D
TERRACYCLE INC,1435849,Trenton,08638,Other,overFiveYears,False,Decline to Disclose,1,800000.0,800000.0,0,2,2024-09-03,2024-09-03,24.7,,David Zaiken (Director); Thomas Szaky (Executive Officer/Director); Brett Johnson (Director); Richard Perl (Executive Officer); Daniel Rosen (Executive Officer); Veronique Cremades-Mathis (Director); Steven Russo (Director); Damian Finio (Executive Officer),https://www.sec.gov/cgi-bin/browse-edgar?action=getcompany&CIK=1435849&type=D
"Healthcare Shares, P.B.C.",1837543,Hoboken,07030,Other Health Care,2020,True,"$1 - $1,000,000",1,797501.0,797501.0,0,15,2021-01-04,2021-01-04,68.7,,Daniel Dow (Executive Officer/Promoter); Laurence Girard (Executive Officer/Director/Promoter); Daniel Gerken (Executive Officer/Promoter),https://www.sec.gov/cgi-bin/browse-edgar?action=getcompany&CIK=1837543&type=D
Inspirit Group INc,1978692,Holmdel,07733,Other Technology,2021,True,"$1,000,001 - $5,000,000",1,795355.0,795355.0,0,91,2023-05-09,2023-05-09,40.6,,Kevin Kilcullen (Director); James Courter (Director); Herbert Stern (Director); William Bartzak (Director); Robert Druskin (Director); Sharlee Jeter (Director); Charles Mays III (Executive Officer/Director),https://www.sec.gov/cgi-bin/browse-edgar?action=getcompany&CIK=1978692&type=D
Intellibusiness Inc.,1996047,Plainsboro,08536,Other,overFiveYears,False,Decline to Disclose,1,752791.0,752791.0,0,16,2023-01-01,2023-01-01,44.8,,Anjaneyulu Marempudi (Executive Officer),https://www.sec.gov/cgi-bin/browse-edgar?action=getcompany&CIK=1996047&type=D
Simply Pure Trenton NJ Inc,1936844,Ewing,08638,Other,2022,True,Decline to Disclose,1,750010.0,750010.0,0,3,2022-12-01,2022-12-01,45.8,,Tahir Johnson (Executive Officer),https://www.sec.gov/cgi-bin/browse-edgar?action=getcompany&CIK=1936844&type=D
Attract Medical LLC,1744074,Medford,08055,Other Health Care,overFiveYears,False,Decline to Disclose,1,750000.0,750000.0,0,1,2023-08-07,2023-08-07,37.6,,Virender Sharma (Director); Hazim Ansari (Director); Gregg Costantino (Executive Officer/Director); Mark Gilreath (Director),https://www.sec.gov/cgi-bin/browse-edgar?action=getcompany&CIK=1744074&type=D
Chromocell Therapeutics Corp,1919246,Freehold,07728,Pharmaceuticals,2021,True,No Revenues,2,750000.0,750000.0,0,2,2024-07-24,2024-08-06,25.6,0.4,Ezra Friedberg (Director); Chia-Lin Simmons (Director); Richard Malamut (Director); Francis Knuettel (Executive Officer); Eric Lang (Executive Officer); Todd Davis (Director),https://www.sec.gov/cgi-bin/browse-edgar?action=getcompany&CIK=1919246&type=D
"ImmunoCellular Therapeutics, Ltd.",822411,Montvale,07645,Pharmaceuticals,overFiveYears,False,No Revenues,1,750000.0,750000.0,0,1,2022-08-26,2022-08-26,49.0,,Frank Douglas (Director); Julie Kampf (Director); Robert Lehman (Director); Eli Goldberger (Executive Officer/Director); Wayne Danson (Executive Officer); Irach Taraporewala (Executive Officer/Director),https://www.sec.gov/cgi-bin/browse-edgar?action=getcompany&CIK=822411&type=D
RideAlongNow Inc.,1875751,Paramus,07652,Other Technology,2021,True,Decline to Disclose,1,750000.0,750000.0,0,1,2021-07-16,2021-07-16,62.3,,Maia Sharpley (Director); Norbert Sygdziak (Executive Officer/Director); Christine Kennedy (Executive Officer/Director),https://www.sec.gov/cgi-bin/browse-edgar?action=getcompany&CIK=1875751&type=D
Pure Technology Inc.,1959451,Montclair,07042,Other,overFiveYears,False,Decline to Disclose,1,734684.0,734684.0,0,87,2020-11-07,2020-11-07,70.6,,Jared Sanborn (Executive Officer),https://www.sec.gov/cgi-bin/browse-edgar?action=getcompany&CIK=1959451&type=D
RLS Performance Regional LLC,1905108,Mt. Laurel,08054,Other,2021,True,Decline to Disclose,1,729318.0,729318.0,0,4,2022-01-31,2022-01-31,55.8,,Tom Casey (Executive Officer); N/A Sculptor RE Holdings XX LLC (Promoter); Zachary Agins (Executive Officer); Russell Leo (Executive Officer); David Charles (Executive Officer); N/A RLS Logistics (Promoter),https://www.sec.gov/cgi-bin/browse-edgar?action=getcompany&CIK=1905108&type=D
Consumer Retail Tech Solutions Corp.,1887455,Plainsboro,08536,Other,2020,True,Decline to Disclose,1,720000.0,720000.0,0,10,2021-10-05,2021-10-05,59.7,,Manikanth Subrahmanyam (Executive Officer),https://www.sec.gov/cgi-bin/browse-edgar?action=getcompany&CIK=1887455&type=D
Amyna Systems Inc.,1853000,Hackensack,07601,Other Technology,2020,True,No Revenues,2,700000.0,450000.0,0,2,2021-03-19,2022-08-08,49.6,16.7,Min Kyriannis (Executive Officer/Director),https://www.sec.gov/cgi-bin/browse-edgar?action=getcompany&CIK=1853000&type=D
LYZ Holdings Inc.,1879487,Plainsboro,08536,Other Technology,2021,True,Decline to Disclose,1,700000.0,700000.0,0,2,2021-08-17,2021-08-17,61.3,,Gary Li (Executive Officer/Director),https://www.sec.gov/cgi-bin/browse-edgar?action=getcompany&CIK=1879487&type=D
"OLI Technologies, Inc.",2057713,North Brunswick,08902,Other Health Care,2021,True,Decline to Disclose,1,700000.0,700000.0,700000.0,4,2025-02-07,2025-02-07,19.5,,Raymond Luo (Director); Thomas Weindl (Executive Officer/Director); Carl Nicholas Ng (Director),https://www.sec.gov/cgi-bin/browse-edgar?action=getcompany&CIK=2057713&type=D
Vascarta Inc.,1823616,Summit,07901,Pharmaceuticals,2020,True,No Revenues,2,698500.0,648500.0,0,14,2020-08-25,2022-02-24,55.0,18.0,"Joel Friedman, MD, PhD (Executive Officer/Director); Graeme Silbert (Executive Officer); Travis Gering (Executive Officer/Director); Richard Prince, PhD (Executive Officer/Director)",https://www.sec.gov/cgi-bin/browse-edgar?action=getcompany&CIK=1823616&type=D
Candlestick Inc.,1899132,Nutley,07110,Other Technology,2020,True,Decline to Disclose,1,650000.0,650000.0,0,1,2021-11-24,2021-11-24,58.0,,Anthony DiMaggio (Executive Officer/Director); George Eilender (Executive Officer/Director); Karl Kanhai (Executive Officer/Director),https://www.sec.gov/cgi-bin/browse-edgar?action=getcompany&CIK=1899132&type=D
"Samsara Luggage, Inc.",1530163,Hackensack,07601,Other Technology,overFiveYears,False,"$1 - $1,000,000",2,650000.0,500000.0,0,2,2021-04-06,2021-06-07,63.6,2.0,David Dahan (Executive Officer/Director); Atara Dzikowski (Executive Officer/Director),https://www.sec.gov/cgi-bin/browse-edgar?action=getcompany&CIK=1530163&type=D
"iFundWomen, Inc.",1943214,Montclair,07043,Other Technology,overFiveYears,False,Decline to Disclose,1,650000.0,650000.0,0,5,2021-11-08,2021-11-08,58.5,,Divya Gugnami (Director); Karen Cahn (Executive Officer/Director); Anjali Kumar (Director); Carolyn Spencer (Executive Officer),https://www.sec.gov/cgi-bin/browse-edgar?action=getcompany&CIK=1943214&type=D
"Talk Dog, Inc.",2070435,Little Falls,07424,Other Technology,2022,True,Decline to Disclose,1,633333.0,633333.0,0,2,2023-05-31,2023-05-31,39.8,,David Muriello (Executive Officer/Director),https://www.sec.gov/cgi-bin/browse-edgar?action=getcompany&CIK=2070435&type=D
"PishPosh, Inc.",1611282,Lakewood,08701,Retailing,2021,True,Decline to Disclose,2,631405.0,581405.0,0,11,2022-09-13,2023-03-24,42.1,6.3,Menachem (Mark) Kahn (Director); Victor Setton (Director); Jesse Sutton (Executive Officer/Director); Chaim (Charlie) Birnbaum (Executive Officer/Director); Eric Sherb (Executive Officer); Patrick White (Director),https://www.sec.gov/cgi-bin/browse-edgar?action=getcompany&CIK=1611282&type=D
Figure Inc.,2065065,Englewood Cliffs,07632,Other Technology,overFiveYears,False,Decline to Disclose,1,609226.0,609226.0,609226.0,1,2025-02-25,2025-02-25,19.0,,Jin Woo Park (Executive Officer/Director),https://www.sec.gov/cgi-bin/browse-edgar?action=getcompany&CIK=2065065&type=D
ADI East LLC,2059740,Carlstadt,07072,Manufacturing,2025,True,Decline to Disclose,1,600360.0,600360.0,600360.0,4,2025-03-14,2025-03-14,18.4,,Anthony Jollett (Executive Officer),https://www.sec.gov/cgi-bin/browse-edgar?action=getcompany&CIK=2059740&type=D
BLONDER TONGUE LABORATORIES INC,1000683,Old Bridge,08857,Manufacturing,overFiveYears,False,Decline to Disclose,1,600000.0,600000.0,0,2,2021-03-04,2021-03-04,66.7,,Edward Grauch (Executive Officer); Rick Briggs (Director); Michael Hawkey (Director); John Burke (Director); Stephen Necessary (Director); James Williams (Director); Steven Shea (Director); Gary Scharmett (Director); Robert Palle (Director); Charles Dietz (Director); James Williams (Director); Anthony Bruno (Director); Eric Skolnik (Executive Officer),https://www.sec.gov/cgi-bin/browse-edgar?action=getcompany&CIK=1000683&type=D
Bella Ray Beverage LLC,2024038,Colts Neck,07722,Other,2023,True,Decline to Disclose,1,600000.0,600000.0,0,5,2024-04-15,2024-04-15,29.3,,Philip Petracca (Executive Officer),https://www.sec.gov/cgi-bin/browse-edgar?action=getcompany&CIK=2024038&type=D
"GaudHammer Gaming Group, Inc.",2117584,Egg Harbor Township,08234,Other,2023,True,Decline to Disclose,1,600000.0,600000.0,600000.0,2,2026-02-12,2026-02-12,7.4,,Luis Gaud (Executive Officer/Director); Anthony D'Ottavio (Director); James Hammerstedt (Executive Officer/Director),https://www.sec.gov/cgi-bin/browse-edgar?action=getcompany&CIK=2117584&type=D
"IMOR, Inc.",1883661,Short Hills,07078,Other,2021,True,Decline to Disclose,1,600000.0,600000.0,0,5,2021-09-08,2021-09-08,60.5,,Alex Betancur (Executive Officer/Director); Abby Flamholz (Director),https://www.sec.gov/cgi-bin/browse-edgar?action=getcompany&CIK=1883661&type=D
Nightjar Holdings LLC,1980834,Bloomfield,07003,Other,2021,True,No Revenues,1,600000.0,600000.0,0,4,2023-06-01,2023-06-01,39.8,,Amanda Rositano (Executive Officer); Katherine Covett (Executive Officer); Francesca DeRogatis (Executive Officer),https://www.sec.gov/cgi-bin/browse-edgar?action=getcompany&CIK=1980834&type=D
Varlo LLC,2005392,Cherry Hill,08034,Other,2020,True,Decline to Disclose,1,600000.0,600000.0,0,4,2023-11-27,2023-11-27,33.9,,Soj Jibowu (Executive Officer); Edward Chang (Executive Officer); Jacob Brown (Executive Officer),https://www.sec.gov/cgi-bin/browse-edgar?action=getcompany&CIK=2005392&type=D
STR Innovation Corp.,2107604,New Brunswick,08901,Other,2025,True,Decline to Disclose,1,586667.0,586667.0,586667.0,10,2025-12-18,2025-12-18,9.2,,Ariel Friedler (Director); Sean Belton-Knnard (Executive Officer/Director),https://www.sec.gov/cgi-bin/browse-edgar?action=getcompany&CIK=2107604&type=D
"Arbela Laboratories, Inc.",2013446,Randolph,07869,Other,2020,True,Decline to Disclose,1,575000.0,575000.0,0,12,2024-03-18,2024-03-18,30.3,,Michael LoCascio (Executive Officer/Director/Promoter),https://www.sec.gov/cgi-bin/browse-edgar?action=getcompany&CIK=2013446&type=D
Privee Labs Inc.,1857621,Princeton,08540,Computers,2021,True,No Revenues,1,570000.0,570000.0,0,20,2021-02-15,2021-02-15,67.3,,Josh Gottesman (Executive Officer); Akul Bali (Executive Officer),https://www.sec.gov/cgi-bin/browse-edgar?action=getcompany&CIK=1857621&type=D
OFP-RH LLC,2095506,Ridgewood,07450,Other,2025,True,Decline to Disclose,1,559188.0,559188.0,559188.0,10,2025-11-12,2025-11-12,10.4,,Robert Huntington (Executive Officer),https://www.sec.gov/cgi-bin/browse-edgar?action=getcompany&CIK=2095506&type=D
"Able Channel, Inc.",1798949,Cranford,07016,Other Health Care,overFiveYears,False,Decline to Disclose,1,551530.0,551530.0,0,7,2024-09-20,2024-09-20,24.1,,Brian McCourt (Executive Officer); Paul Goggin (Executive Officer),https://www.sec.gov/cgi-bin/browse-edgar?action=getcompany&CIK=1798949&type=D
Ghost Notes Inc.,1994307,Sparta,07871,Other Technology,2023,True,Decline to Disclose,1,550000.0,550000.0,0,2,2023-09-01,2023-09-01,36.8,,Jonathan Abodeely (Director); Garrick Brown (Executive Officer/Director),https://www.sec.gov/cgi-bin/browse-edgar?action=getcompany&CIK=1994307&type=D
"HillviewMed, Inc.",1788118,Lincoln Park,07035,Other Health Care,2018,True,Decline to Disclose,1,550000.0,550000.0,0,5,2021-11-29,2021-11-29,57.9,,Lisa VandeVrede (Director); Kenneth VandeVrede (Executive Officer),https://www.sec.gov/cgi-bin/browse-edgar?action=getcompany&CIK=1788118&type=D
SNOCHIP INC,2102067,Princeton,08540,Other Technology,2022,True,"$1,000,001 - $5,000,000",1,550000.0,550000.0,550000.0,3,2024-12-27,2024-12-27,20.9,,WeiTing Chen (Executive Officer); Qing Wang (Executive Officer),https://www.sec.gov/cgi-bin/browse-edgar?action=getcompany&CIK=2102067&type=D
BIO KEY INTERNATIONAL INC,1019034,Holmdel,07733,Other Technology,overFiveYears,False,Decline to Disclose,1,547730.0,547730.0,0,1,2023-12-20,2023-12-20,33.2,,Mira LaCous (Executive Officer); Robert Michel (Director); Jim Sullivan (Executive Officer); Cecilia Welch (Executive Officer); Emmanuel Alia (Director); Michael DePasquale (Executive Officer/Director); Kwok Wong (Director); Cameron Williams (Director),https://www.sec.gov/cgi-bin/browse-edgar?action=getcompany&CIK=1019034&type=D
DEAL DRIVER HOLDINGS LLC,2016685,Westfield,07090,Other Technology,2023,True,Decline to Disclose,1,525000.0,525000.0,0,11,2024-03-21,2024-03-21,30.2,,Conrad Everhard (Executive Officer); Leonard Nuara (Executive Officer),https://www.sec.gov/cgi-bin/browse-edgar?action=getcompany&CIK=2016685&type=D
Developing Zenzile LLC,1839256,Princeton,08540,Other,2020,True,Decline to Disclose,2,525000.0,275000.0,0,5,2020-11-24,2020-11-24,70.0,0.0,Mara Isaacs (Executive Officer/Director); Octopus Theatricals LLC (Director),https://www.sec.gov/cgi-bin/browse-edgar?action=getcompany&CIK=1839256&type=D
"Fractal31, Inc.",1971537,Short Hills,07078,Other,2022,True,Decline to Disclose,1,500000.0,500000.0,0,1,2023-03-16,2023-03-16,42.3,,Kushagra Saxena (Director); Nilesh Modi (Executive Officer),https://www.sec.gov/cgi-bin/browse-edgar?action=getcompany&CIK=1971537&type=D
"GlucoTrack, Inc.",1506983,Rutherford,07070,Biotechnology,overFiveYears,False,"$1 - $1,000,000",1,500000.0,500000.0,0,9,2024-04-22,2024-04-22,29.1,,Paul Goode (Executive Officer); Shimon Rapps (Director); Andrew Sycoff (Director); Erin Carter (Director); Luis Malave (Director); Allen Danzig (Director); James Cardwell (Executive Officer); Robert Fischell (Director),https://www.sec.gov/cgi-bin/browse-edgar?action=getcompany&CIK=1506983&type=D
LIVIWELL INC.,2013741,Pinebrook,07058,Other Health Care,2020,True,Decline to Disclose,1,500000.0,500000.0,0,1,2024-02-15,2024-02-15,31.3,,Daniel Seewald (Executive Officer/Director); Michael Ingber (Director),https://www.sec.gov/cgi-bin/browse-edgar?action=getcompany&CIK=2013741&type=D
"Medocity, Inc.",1576158,Parsippany,07054,Other Health Care,overFiveYears,False,Decline to Disclose,1,500000.0,500000.0,0,7,2022-08-24,2022-08-24,49.0,,Anil Balani (Executive Officer); Raj Agarwal (Executive Officer/Director),https://www.sec.gov/cgi-bin/browse-edgar?action=getcompany&CIK=1576158&type=D
"My Sales Champion, LLC",1871277,Pine Brook,07058,Other Technology,2021,True,Decline to Disclose,1,500000.0,500000.0,0,4,2021-03-17,2021-03-17,66.3,,Neal Anderson (Executive Officer),https://www.sec.gov/cgi-bin/browse-edgar?action=getcompany&CIK=1871277&type=D
NOVA LUMINOUS CRYPTO TRADING CENTER LTD,2069135,Parsippany,07054,Business Services,2025,True,"$1 - $1,000,000",1,500000.0,500000.0,500000.0,5,2025-05-19,2025-05-19,16.2,,PAGANO DANIELLAI (Director),https://www.sec.gov/cgi-bin/browse-edgar?action=getcompany&CIK=2069135&type=D
"Pocstock, Inc.",1938424,Newark,07102,Other Technology,2019,True,Decline to Disclose,1,500000.0,500000.0,0,1,2023-07-27,2023-07-27,38.0,,DeSean Brown (Executive Officer); Derrick Larane (Executive Officer); Stephen Jones (Executive Officer/Director),https://www.sec.gov/cgi-bin/browse-edgar?action=getcompany&CIK=1938424&type=D
RealAssets Technologies,1972280,Iselin,08830,Other Technology,overFiveYears,False,Decline to Disclose,3,500000.0,300000.0,50000.0,4,2023-03-27,2025-08-18,13.2,14.4,Suresh Nichani (Executive Officer/Director); Krisanth Sivarajh (Executive Officer),https://www.sec.gov/cgi-bin/browse-edgar?action=getcompany&CIK=1972280&type=D
"Sentrimed, Inc.",2014313,Mullica Hill,08062,Biotechnology,2023,True,Decline to Disclose,1,500000.0,500000.0,0,1,2024-02-28,2024-02-28,30.9,,Tabbetha Dobbins (Director); Mari Rhodehamel Yin (Executive Officer/Director); Arye Rosen (Executive Officer); William Ragatz (Executive Officer/Director); Jack Goldberg (Executive Officer/Director); Bradley Galer (Director); Gary Goldberg (Executive Officer); Christopher Leonard (Executive Officer),https://www.sec.gov/cgi-bin/browse-edgar?action=getcompany&CIK=2014313&type=D
Zena Therapeutics Inc.,1992540,Princeton,08540,Pharmaceuticals,2021,True,Decline to Disclose,1,500000.0,500000.0,0,1,2023-08-11,2023-08-11,37.5,,Eileen Carry (Executive Officer/Director); Ariane Vasilatis (Executive Officer/Director),https://www.sec.gov/cgi-bin/browse-edgar?action=getcompany&CIK=1992540&type=D
"Advanta Health Solutions, Inc.",2007056,Newark,07102,Other Health Care,overFiveYears,False,Decline to Disclose,1,486708.0,486708.0,0,1,2023-12-28,2023-12-28,32.9,,John Gayeski (Director); Courtenay Higgins (Executive Officer/Director); Daniel Matthies (Director),https://www.sec.gov/cgi-bin/browse-edgar?action=getcompany&CIK=2007056&type=D
"Five Springs, LLC",2052910,Sparta,07871,Other,2024,True,No Revenues,1,475000.0,475000.0,475000.0,8,2025-01-07,2025-01-07,20.6,,Lisa Derman (Executive Officer),https://www.sec.gov/cgi-bin/browse-edgar?action=getcompany&CIK=2052910&type=D
Private Practice Access Inc.,1993918,Englewood Cliffs,07632,Other Health Care,2023,True,Decline to Disclose,1,475000.0,475000.0,0,32,2023-09-04,2023-09-04,36.7,,Aaron Capuano (Executive Officer/Director),https://www.sec.gov/cgi-bin/browse-edgar?action=getcompany&CIK=1993918&type=D
"Two Brews, LLC",1989579,Cape May Court House,08210,Other,overFiveYears,False,"$1,000,001 - $5,000,000",1,475000.0,475000.0,0,9,2023-08-14,2023-08-14,37.4,,Jason Campbell (Executive Officer),https://www.sec.gov/cgi-bin/browse-edgar?action=getcompany&CIK=1989579&type=D
"Water Automation, LLC",2003316,Point Pleasant,08742,Manufacturing,2023,True,Decline to Disclose,1,467499.0,467499.0,0,4,2023-10-31,2023-10-31,34.8,,Amy Beth Capizzi (Executive Officer); Gregory Capizzi (Executive Officer),https://www.sec.gov/cgi-bin/browse-edgar?action=getcompany&CIK=2003316&type=D
"BFI Holder, LLC",1846280,Lambertville,08530,Other Technology,2020,True,Decline to Disclose,1,465000.0,465000.0,0,8,2021-03-05,2021-03-05,66.7,,Maurice Kerins (Executive Officer/Director),https://www.sec.gov/cgi-bin/browse-edgar?action=getcompany&CIK=1846280&type=D
"98Strong, Inc.",1902704,Princeton,08540,Other,2021,True,"$1 - $1,000,000",2,450000.0,250000.0,0,8,2021-12-27,2022-08-01,49.8,7.1,Dina Brewer (Executive Officer/Director); John Racich (Director); Nick Bunn (Director); Andrew Mavis (Executive Officer/Director); Tom Mavis (Director),https://www.sec.gov/cgi-bin/browse-edgar?action=getcompany&CIK=1902704&type=D
"B2C2 Securities, LLC",1886080,Jersey City,07302,Other Banking and Financial Services,2021,True,Decline to Disclose,1,450000.0,450000.0,0,4,2022-06-02,2022-06-02,51.8,,Dean Sovolos (Executive Officer/Director); Gino Ercolino (Executive Officer/Director); Mehra Raazi (Executive Officer/Director),https://www.sec.gov/cgi-bin/browse-edgar?action=getcompany&CIK=1886080&type=D
High St Management LLC,1965918,Hackettstown,07840,Other,2021,True,Decline to Disclose,1,450000.0,450000.0,0,3,2023-02-06,2023-02-06,43.6,,Craig Cohen (Executive Officer); Daniel Weinstein (Executive Officer),https://www.sec.gov/cgi-bin/browse-edgar?action=getcompany&CIK=1965918&type=D
"Pyros Pharmaceuticals, Inc.",1809245,Parsippany,07054,Other,2019,True,Decline to Disclose,1,450000.0,450000.0,0,1,2022-03-21,2022-03-21,54.2,,Edwin Urrutia (Executive Officer/Director); Michael Smith (Executive Officer/Director); Ron Tilles (Director),https://www.sec.gov/cgi-bin/browse-edgar?action=getcompany&CIK=1809245&type=D
TLA Innovation Inc.,1914194,Paramus,07652,Other Technology,2020,True,Decline to Disclose,1,450000.0,450000.0,0,4,2022-02-08,2022-02-08,55.5,,Benjamin Massin (Executive Officer); Ruperto Roman (Executive Officer),https://www.sec.gov/cgi-bin/browse-edgar?action=getcompany&CIK=1914194&type=D
"MyCareGorithm, LLC",2081219,Watchung,07069,Other Health Care,overFiveYears,False,"$1 - $1,000,000",1,440000.0,440000.0,440000.0,1,2025-06-27,2025-06-27,14.9,,Louis Harrison (Executive Officer/Director),https://www.sec.gov/cgi-bin/browse-edgar?action=getcompany&CIK=2081219&type=D
Social Snowball Holdings Inc.,2014723,Fair Haven,07704,Other Technology,2021,True,Decline to Disclose,1,430000.0,430000.0,0,2,2024-02-26,2024-02-26,30.9,,Noah Tucker (Executive Officer/Director),https://www.sec.gov/cgi-bin/browse-edgar?action=getcompany&CIK=2014723&type=D
Vest Coast Equip SPV LLC,1886361,Rumson,07760,Other,2021,True,Decline to Disclose,1,415000.0,415000.0,0,12,2021-09-29,2021-09-29,59.9,,Robert DiFazio (Executive Officer); N/A Vest Coast Capital LLC (Executive Officer/Director),https://www.sec.gov/cgi-bin/browse-edgar?action=getcompany&CIK=1886361&type=D
"Anderson Market, LLC",2068109,Asbury Park,07712,Restaurants,2024,True,Decline to Disclose,1,400000.0,400000.0,400000.0,3,2025-05-01,2025-05-01,16.8,,Hospitality LLC Awesomeness (Executive Officer); Chris Viola (Executive Officer),https://www.sec.gov/cgi-bin/browse-edgar?action=getcompany&CIK=2068109&type=D
Coastal Administrative Holdings LLC,2105670,Northfield,08225,Other Health Care,2024,True,Decline to Disclose,1,400000.0,400000.0,400000.0,9,2025-12-12,2025-12-12,9.4,,Arkady Finkel (Director); Joseph Lemaire (Director); James Frazzetta (Executive Officer); Charlee Feeney (Director); Douglas Tiesi (Director); Alicia Daniels (Director); Laura Cogar (Executive Officer); Thomas Yu (Executive Officer/Director); Nicholas Perosi (Director); N/A Goldfinch Holdings Group LLC (Promoter),https://www.sec.gov/cgi-bin/browse-edgar?action=getcompany&CIK=2105670&type=D
"Kingmakers Cigars, LLC",2008258,Pittstown,08867,Other,2022,True,"$1 - $1,000,000",1,400000.0,400000.0,0,1,2024-01-01,2024-01-01,32.8,,Christopher Heath (Executive Officer),https://www.sec.gov/cgi-bin/browse-edgar?action=getcompany&CIK=2008258&type=D
Zelta Technology Inc,1924609,Jersey City,07302,Other Technology,2021,True,Decline to Disclose,3,395000.0,355000.0,0,11,2022-03-19,2022-10-28,46.9,3.6,Pierce Healy (Executive Officer/Director),https://www.sec.gov/cgi-bin/browse-edgar?action=getcompany&CIK=1924609&type=D
Roxi Fantasy Gaming LLC,1913453,Chester,07930,Other,2017,True,"$1 - $1,000,000",1,381250.0,381250.0,0,0,2022-03-01,2022-03-01,54.8,,Dan Pitluk (Executive Officer),https://www.sec.gov/cgi-bin/browse-edgar?action=getcompany&CIK=1913453&type=D
"Robert Wood Johnson - Endosurgical Center, LLC",2067736,East Brunswick,08816,Hospitals and Physicians,overFiveYears,False,Decline to Disclose,1,372600.0,372600.0,372600.0,2,2025-05-01,2025-05-01,16.8,,Neil Sinha (Director); Jose Costa (Director); William Ferges (Executive Officer/Director); Jim Alexander (Director); Alexander Rapisarda (Executive Officer/Director); Karin Graulich (Director); Alene Stewart (Director),https://www.sec.gov/cgi-bin/browse-edgar?action=getcompany&CIK=2067736&type=D
"OceanTailer, Inc.",1814511,Fairfield,07004,Other,overFiveYears,False,Decline to Disclose,3,371645.0,371645.0,371645.0,12,2021-03-05,2024-12-20,21.2,22.8,Gilad Bar-Lev (Executive Officer/Director); Geoff Judge (Director); Kelly Land (Director),https://www.sec.gov/cgi-bin/browse-edgar?action=getcompany&CIK=1814511&type=D
AmpaCash Corp,1851035,Marlboro,07746,Other Technology,2018,True,No Revenues,1,370000.0,370000.0,0,21,2021-03-23,2021-03-23,66.1,,Chijioke Uzo (Executive Officer),https://www.sec.gov/cgi-bin/browse-edgar?action=getcompany&CIK=1851035&type=D
"Holland Ridge Capital III, LLC",2125714,Long Branch,07740,Other,2025,True,Decline to Disclose,1,360000.0,360000.0,360000.0,4,2026-01-30,2026-01-30,7.8,,"Holland Ridge Management, LLC (Executive Officer); Nicholas Ambrosino (Executive Officer)",https://www.sec.gov/cgi-bin/browse-edgar?action=getcompany&CIK=2125714&type=D
"UCES Worldwide, Inc.",2115158,Berkeley Heights,07922,Other Technology,2026,True,Decline to Disclose,1,350000.0,350000.0,350000.0,5,2026-01-30,2026-01-30,7.8,,Micah Riskin (Executive Officer/Director); Phillip Mellet (Executive Officer),https://www.sec.gov/cgi-bin/browse-edgar?action=getcompany&CIK=2115158&type=D
Aurelius Partners LLC,2085879,Glen Rock,07452,Other,2021,True,Decline to Disclose,1,331100.0,331100.0,331100.0,47,2025-09-01,2025-09-01,12.8,,Aloysius Donohue (Director),https://www.sec.gov/cgi-bin/browse-edgar?action=getcompany&CIK=2085879&type=D
Handy Homes Services Inc.,2010969,Rumson,07760,Other,2024,True,No Revenues,1,330000.0,330000.0,0,4,2024-02-19,2024-02-19,31.2,,Kerry Ancheta (Executive Officer),https://www.sec.gov/cgi-bin/browse-edgar?action=getcompany&CIK=2010969&type=D
Hoot Health Inc.,2046311,Millstone,08535,Other Health Care,2021,True,Decline to Disclose,1,310000.0,310000.0,0,5,2022-09-01,2022-09-01,48.8,,Robert Miglani (Executive Officer/Director); Shefali Miglani (Executive Officer),https://www.sec.gov/cgi-bin/browse-edgar?action=getcompany&CIK=2046311&type=D
IDUnique Inc.,1837206,Roseland,07068,Other Technology,2020,True,Decline to Disclose,1,310000.0,310000.0,0,9,2020-12-02,2020-12-02,69.7,,Adam Brothers (Executive Officer),https://www.sec.gov/cgi-bin/browse-edgar?action=getcompany&CIK=1837206&type=D
CISTUS MEDIA INC.,2032316,Montclair,07043,Other,2024,True,Decline to Disclose,2,300000.0,250000.0,50000.0,4,2024-07-19,2025-05-06,16.7,9.6,CANDI CARTER (Executive Officer/Director),https://www.sec.gov/cgi-bin/browse-edgar?action=getcompany&CIK=2032316&type=D
Indigo Project LLC,2123905,Wall,07719,Other,2024,True,Decline to Disclose,1,300000.0,300000.0,300000.0,1,2025-11-24,2025-11-24,10.0,,Arleigh Banner (Executive Officer),https://www.sec.gov/cgi-bin/browse-edgar?action=getcompany&CIK=2123905&type=D
Orthios Innovations LLC,2052134,North Bergen,07047,Other Health Care,2023,True,Decline to Disclose,1,300000.0,300000.0,300000.0,8,2025-01-27,2025-01-27,19.9,,Richard Adelson (Executive Officer),https://www.sec.gov/cgi-bin/browse-edgar?action=getcompany&CIK=2052134&type=D
"Dragon Interact, Inc.",2018293,New Brunswick,08901,Other,2022,True,Decline to Disclose,2,290998.0,235998.0,0,4,2024-04-08,2024-09-09,24.5,5.1,Darin Myman (Executive Officer/Director),https://www.sec.gov/cgi-bin/browse-edgar?action=getcompany&CIK=2018293&type=D
Endex Inc.,1920596,Jersey City,07302,Other Technology,2021,True,Decline to Disclose,1,285500.0,285500.0,0,23,2021-06-28,2021-06-28,62.9,,Kevin Loo (Director); Brittany Wright (Executive Officer/Director),https://www.sec.gov/cgi-bin/browse-edgar?action=getcompany&CIK=1920596&type=D
Therapute Inc.,1926021,Bridgewater,08807,Other Technology,2021,True,Decline to Disclose,2,285000.0,185000.0,0,3,2021-10-08,2022-06-04,51.7,7.9,Maggie Rose Macar (Executive Officer),https://www.sec.gov/cgi-bin/browse-edgar?action=getcompany&CIK=1926021&type=D
BLUE OAK NJ 1 LLC,1971733,Bloomfield,07003,Other,2021,True,No Revenues,1,282000.0,282000.0,0,6,2023-03-31,2023-03-31,41.9,,Danielle Wildstein (Executive Officer),https://www.sec.gov/cgi-bin/browse-edgar?action=getcompany&CIK=1971733&type=D
"Chatkick, Inc.",1869211,Hoboken,07030,Other Technology,2021,True,Decline to Disclose,1,280000.0,280000.0,0,5,2021-06-11,2021-06-11,63.5,,Daniel Jakaitis (Executive Officer/Director),https://www.sec.gov/cgi-bin/browse-edgar?action=getcompany&CIK=1869211&type=D
Canned Goods Productions LLC,2041256,Tenafly,07670,Other,2023,True,Decline to Disclose,1,275000.0,275000.0,275000.0,7,2024-10-08,2024-10-08,23.6,,Erik Kahn (Executive Officer),https://www.sec.gov/cgi-bin/browse-edgar?action=getcompany&CIK=2041256&type=D
Fabalish Inc.,1859519,Wallington,07057,Retailing,2019,True,Decline to Disclose,1,275000.0,275000.0,0,2,2021-04-15,2021-04-15,65.3,,Paul Majcherczyk (Executive Officer/Director); Jessica Gebel (Executive Officer/Director),https://www.sec.gov/cgi-bin/browse-edgar?action=getcompany&CIK=1859519&type=D
Skinny Flav LLC,1905672,Howell,07731,Retailing,overFiveYears,False,"$1 - $1,000,000",1,275000.0,275000.0,0,4,2022-01-11,2022-01-11,56.4,,Kevin Carbone (Director),https://www.sec.gov/cgi-bin/browse-edgar?action=getcompany&CIK=1905672&type=D
"Fandex, Inc.",1734986,Bedminster,07291,Other,2017,True,Decline to Disclose,1,274996.0,274996.0,0,1,2021-03-24,2021-03-24,66.1,,Ed Tiryakian (Executive Officer/Director); Jerome Ley (Director); Matthew D'Alessandro (Executive Officer/Director),https://www.sec.gov/cgi-bin/browse-edgar?action=getcompany&CIK=1734986&type=D
Robossis Inc,2088958,Cherry Hill,08003,Other Health Care,overFiveYears,False,No Revenues,2,260000.0,150000.0,110000.0,3,2022-07-14,2025-07-25,14.0,36.4,Mohammad Abedin-Nasab (Executive Officer/Director),https://www.sec.gov/cgi-bin/browse-edgar?action=getcompany&CIK=2088958&type=D
"Patient Care Associates, L.L.C.",1941501,Englewood,07631,Other Health Care,overFiveYears,False,Decline to Disclose,3,252219.0,227872.0,24347.0,2,2022-07-26,2025-01-21,20.1,14.9,Jack Pocorobba (Director); David Abramson (Director); Jeffrey Steuer (Director); Nancy Easley-Mack (Director); Alexander Thalassinos (Director); Jeff Pavell (Director); Robert Kayal (Director),https://www.sec.gov/cgi-bin/browse-edgar?action=getcompany&CIK=1941501&type=D
"NeuroView Technology, Inc.",1744796,Englewood,07631,Other,overFiveYears,False,Decline to Disclose,1,250002.0,250002.0,0,1,2023-12-13,2023-12-13,33.4,,"James Karwel (Executive Officer/Director); Louis Rauchenberger (Director); Werner Doyle, M.D. (Director); Ruben Kuzniecky, M.D. (Executive Officer/Director); Steve Pacia, M.D. (Director)",https://www.sec.gov/cgi-bin/browse-edgar?action=getcompany&CIK=1744796&type=D
AMATEC INC.,1977121,Newark,07102,Other,2023,True,Decline to Disclose,1,250000.0,250000.0,0,1,2022-04-19,2022-04-19,53.2,,Mohsen Zehtabchian (Executive Officer/Director); Igor Stavrulov (Executive Officer/Director),https://www.sec.gov/cgi-bin/browse-edgar?action=getcompany&CIK=1977121&type=D
Anja Life LLC,1970384,Newark,07102,Retailing,2021,True,Decline to Disclose,1,250000.0,250000.0,0,5,2023-03-10,2023-03-10,42.5,,Kirill Satanovsky (Executive Officer/Director); David Kang (Executive Officer/Director); Padmaja Malladi (Executive Officer/Director); Migna Guzman (Executive Officer/Director); Julio Casado (Executive Officer/Director),https://www.sec.gov/cgi-bin/browse-edgar?action=getcompany&CIK=1970384&type=D
"FwdSlash, Inc.",1986220,East Brunswick,08816,Other,2022,True,Decline to Disclose,1,250000.0,250000.0,0,1,2023-07-07,2023-07-07,38.6,,Sameer Sood (Executive Officer/Director); Joshua Prasad (Executive Officer),https://www.sec.gov/cgi-bin/browse-edgar?action=getcompany&CIK=1986220&type=D
"La Fattoria Holdings, LLC",1844129,Carlstadt,07072,Retailing,2019,True,Decline to Disclose,1,250000.0,250000.0,0,4,2020-11-15,2020-11-15,70.3,,"Equity Partners, LLC Cardinal (Executive Officer)",https://www.sec.gov/cgi-bin/browse-edgar?action=getcompany&CIK=1844129&type=D
MarketsAI Corp.,2026293,Short Hill,07078,Other Technology,2024,True,Decline to Disclose,1,250000.0,250000.0,0,1,2024-05-17,2024-05-17,28.3,,David Hoffman (Executive Officer/Director); Mariam Hoffman (Director),https://www.sec.gov/cgi-bin/browse-edgar?action=getcompany&CIK=2026293&type=D
"Value Real Estate Partners I, LLC",2022586,Clifton,07013,Other,2024,True,Decline to Disclose,1,250000.0,250000.0,0,1,2024-05-29,2024-05-29,27.9,,Andrew Abramson (Executive Officer/Director),https://www.sec.gov/cgi-bin/browse-edgar?action=getcompany&CIK=2022586&type=D
"Airnoggin, Inc.",1875933,Paterson,07524,Retailing,2017,True,Decline to Disclose,1,240002.0,240002.0,0,15,2021-07-23,2021-07-23,62.1,,Laurence Klein (Director); Jeffrey Klein (Executive Officer/Director); Robert Friedenrich (Director); David Blatte (Director),https://www.sec.gov/cgi-bin/browse-edgar?action=getcompany&CIK=1875933&type=D
AC Brands LLC,1887428,Ocean Township,07712,Other,2021,True,No Revenues,1,237000.0,237000.0,0,9,2021-10-13,2021-10-13,59.4,,Pamela Gauchat (Executive Officer); Patrick Brady (Executive Officer); Nate Mehle (Executive Officer),https://www.sec.gov/cgi-bin/browse-edgar?action=getcompany&CIK=1887428&type=D
Fancaster Inc,1443811,Fort Lee,07024,Telecommunications,overFiveYears,False,No Revenues,1,232910.0,232910.0,0,5,2019-09-03,2019-09-03,84.7,,Craig Krueger (Executive Officer),https://www.sec.gov/cgi-bin/browse-edgar?action=getcompany&CIK=1443811&type=D
410 Moss Mill LLC,2046971,Egg Harbor City,08215,Other,2024,True,Decline to Disclose,1,225000.0,225000.0,225000.0,8,2024-11-20,2024-11-20,22.1,,Jason Lamp (Executive Officer/Director); Walter Skilton (Executive Officer/Director); Timothy Cusumano (Executive Officer/Director),https://www.sec.gov/cgi-bin/browse-edgar?action=getcompany&CIK=2046971&type=D
AARH Investments LLC,1937384,Morris Plains,07950,Other,2021,True,No Revenues,1,225000.0,225000.0,0,2,2022-06-20,2022-06-20,51.2,,Cheryl Semiz (Executive Officer/Director); Tyler Kempson (Executive Officer/Director); Timothy Jackson (Executive Officer/Director),https://www.sec.gov/cgi-bin/browse-edgar?action=getcompany&CIK=1937384&type=D
"Legion AI, Inc.",2103870,Bayonne,07002,Other,2024,True,Decline to Disclose,1,225000.0,225000.0,225000.0,4,2025-10-28,2025-10-28,10.9,,Jeffrey Luk (Executive Officer/Director); Longfei Xing (Executive Officer/Director),https://www.sec.gov/cgi-bin/browse-edgar?action=getcompany&CIK=2103870&type=D
Pomona Golf 10th Hole LLC,2046994,Egg Harbor City,08215,Other,2024,True,Decline to Disclose,1,225000.0,225000.0,225000.0,8,2024-11-20,2024-11-20,22.1,,Jason Lamp (Executive Officer/Director); Walter Skilton (Executive Officer/Director); Timothy Cusumano (Executive Officer/Director),https://www.sec.gov/cgi-bin/browse-edgar?action=getcompany&CIK=2046994&type=D
Quintilian Inc.,2005799,Morristown,07960,Other Technology,2023,True,Decline to Disclose,2,225000.0,150000.0,0,4,2023-12-29,2024-06-10,27.5,5.4,Gavan Corr (Executive Officer/Director),https://www.sec.gov/cgi-bin/browse-edgar?action=getcompany&CIK=2005799&type=D
"Thoclor US, Inc.",2109348,Florham Park,07932,Biotechnology,2026,True,Decline to Disclose,1,225000.0,225000.0,225000.0,3,2026-02-04,2026-02-04,7.7,,Stuart Russell (Director); Tim Ayers (Director); Mark Rattray (Executive Officer/Director); Tom Hadley (Executive Officer/Director); Hennie Roos (Director),https://www.sec.gov/cgi-bin/browse-edgar?action=getcompany&CIK=2109348&type=D
PGIM Private Credit Fund,1923622,Newark,07102,Other,2022,True,Decline to Disclose,1,220000.0,220000.0,220000.0,110,2025-12-01,2025-12-01,9.8,,"Christian Kelly (Executive Officer); Kelly Coyne (Executive Officer); Patrick McGuinness (Executive Officer); Mary Schneider (Director); George Hoyt (Executive Officer); Debra Rubano (Executive Officer); Andrew French (Executive Officer); Devan Goolsby (Executive Officer); Morris McNair, III (Director); Scott Benjamin (Executive Officer/Director); Thomas Turpin (Director); Dino Capasso (Executive Officer); Glaudia DiGiacomo (Executive Officer); Russ Shupak (Executive Officer); Melissa Gonzalez (Executive Officer); Robert McCormack (Executive Officer); Stuart Parker (Executive Officer); Elyse McLaughlin (Executive Officer)",https://www.sec.gov/cgi-bin/browse-edgar?action=getcompany&CIK=1923622&type=D
DML Beam LLC,1932554,Morganville,07751,Other,2022,True,Decline to Disclose,1,215000.0,215000.0,0,12,2022-03-24,2022-03-24,54.1,,Devon Levesque (Executive Officer),https://www.sec.gov/cgi-bin/browse-edgar?action=getcompany&CIK=1932554&type=D
DriveMind Inc.,1876789,Sparta,07871,Other Technology,2021,True,No Revenues,1,200000.0,200000.0,0,2,2021-06-22,2021-06-22,63.1,,Howard Stark (Executive Officer/Director),https://www.sec.gov/cgi-bin/browse-edgar?action=getcompany&CIK=1876789&type=D
"Duet Therapeutics, Inc.",1968644,Skillman,08558,Biotechnology,2020,True,Decline to Disclose,1,200000.0,200000.0,0,1,2022-12-16,2022-12-16,45.3,,Simon Tomlinson (Executive Officer/Director),https://www.sec.gov/cgi-bin/browse-edgar?action=getcompany&CIK=1968644&type=D
Emergegen AI US Inc,2003875,Rumson,07760,Other Technology,2023,True,No Revenues,1,200000.0,200000.0,0,1,2023-12-08,2023-12-08,33.6,,Christopher Harrison (Executive Officer),https://www.sec.gov/cgi-bin/browse-edgar?action=getcompany&CIK=2003875&type=D
Hoboken Farms Foods LLC,2006337,Clifton,07013,Other,2023,True,Decline to Disclose,1,200000.0,200000.0,0,1,2023-12-18,2023-12-18,33.2,,Charles Stamaris (Executive Officer); Brad Finkel (Executive Officer),https://www.sec.gov/cgi-bin/browse-edgar?action=getcompany&CIK=2006337&type=D
Jersey Shore Spirits Inc,1968726,Jackson,08527,Other,2022,True,No Revenues,1,200000.0,200000.0,0,8,2023-02-23,2023-02-23,43.0,,Charles Ricciardi (Executive Officer),https://www.sec.gov/cgi-bin/browse-edgar?action=getcompany&CIK=1968726&type=D
"LANDSKYAI, LLC",1982636,Elmwood Park,07407,Other Technology,2022,True,Decline to Disclose,1,200000.0,200000.0,0,1,2023-06-14,2023-06-14,39.4,,Jake Shild (Executive Officer),https://www.sec.gov/cgi-bin/browse-edgar?action=getcompany&CIK=1982636&type=D
Mainly Holdings LLC,1877406,Warren,07059,Other,2020,True,Decline to Disclose,1,200000.0,200000.0,0,2,2021-07-29,2021-07-29,61.9,,Dan Rosenberg (Executive Officer),https://www.sec.gov/cgi-bin/browse-edgar?action=getcompany&CIK=1877406&type=D
"Parsimed, LLC",1980923,Hackensack,07601,Other Health Care,overFiveYears,False,No Revenues,1,200000.0,200000.0,0,1,2023-06-21,2023-06-21,39.2,,Khashayar Shakiba (Executive Officer),https://www.sec.gov/cgi-bin/browse-edgar?action=getcompany&CIK=1980923&type=D
Smooth Beverages Inc,1978606,Cliffside Park,07010,Other,2019,True,Decline to Disclose,2,200000.0,100000.0,0,2,2021-10-14,2022-02-21,55.1,4.3,Sandeep Premkumar (Executive Officer/Director),https://www.sec.gov/cgi-bin/browse-edgar?action=getcompany&CIK=1978606&type=D
UPPER PARK INVESTMENTS LLC,2006878,Summit,07901,Other,2023,True,Decline to Disclose,1,200000.0,200000.0,0,2,2023-12-18,2023-12-18,33.2,,Michael Kessel (Executive Officer),https://www.sec.gov/cgi-bin/browse-edgar?action=getcompany&CIK=2006878&type=D
MGI VERIFIED INC.,1912555,Englewood Cliffs,07632,Other Technology,2020,True,Decline to Disclose,1,190000.0,190000.0,0,3,2022-04-05,2022-04-05,53.7,,Andrew Dailey (Executive Officer/Director); Jason Grant (Executive Officer/Director); Jim Mendelson (Executive Officer/Director); Igor Stenmark (Director),https://www.sec.gov/cgi-bin/browse-edgar?action=getcompany&CIK=1912555&type=D
Innovation1 Biotech Inc.,1629205,Rockaway,07866,Other,overFiveYears,False,Decline to Disclose,1,186666.0,186666.0,0,2,2023-04-13,2023-04-13,41.4,,Frederick Pierce (Executive Officer/Director),https://www.sec.gov/cgi-bin/browse-edgar?action=getcompany&CIK=1629205&type=D
WESTWAY STUDIOS LLC,2105848,Pine Brook,07058,Other,2025,True,Decline to Disclose,1,175000.0,175000.0,175000.0,3,2025-10-27,2025-10-27,10.9,,Howard Alter (Executive Officer/Director/Promoter); Zachary Hausman (Executive Officer/Director/Promoter),https://www.sec.gov/cgi-bin/browse-edgar?action=getcompany&CIK=2105848&type=D
"Northern New Jersey Center for Advanced Endoscopy, LLC",2080734,Englewood Cliffs,07632,Other Health Care,overFiveYears,False,Decline to Disclose,1,168126.0,168126.0,168126.0,1,2025-08-04,2025-08-04,13.7,,"Michael Meininger (Director); Mark Sapienza (Director); Anthony Orlando (Director); Mitchell Spinnell, M.D. (Director); Jordan Jones (Executive Officer); Ivan Friedrich, M.D. (Director); Larry Trenk (Director); Sharon Hohlfeld (Executive Officer); Michael Pietrowicz (Director)",https://www.sec.gov/cgi-bin/browse-edgar?action=getcompany&CIK=2080734&type=D
B POSITIVE PLASMA LLC,1717650,Haddonfield,08033,Other Health Care,overFiveYears,False,Decline to Disclose,1,163870.0,163870.0,163870.0,4,2025-11-05,2025-11-05,10.6,,Benjamin Ruder (Executive Officer/Director),https://www.sec.gov/cgi-bin/browse-edgar?action=getcompany&CIK=1717650&type=D
"Uni & Sons, Inc.",1873829,Franklin Lakes,07417,Other,2021,True,Decline to Disclose,1,157000.0,157000.0,0,4,2021-06-28,2021-06-28,62.9,,Steve Nolan (Executive Officer/Director),https://www.sec.gov/cgi-bin/browse-edgar?action=getcompany&CIK=1873829&type=D
ANALYTICS USA INC.,1940360,Westwood,07675,Other Technology,2022,True,No Revenues,1,155000.0,155000.0,0,3,2022-07-29,2022-07-29,49.9,,Francis Lorenzo (Executive Officer/Director/Promoter),https://www.sec.gov/cgi-bin/browse-edgar?action=getcompany&CIK=1940360&type=D
Cognitive Network Solutions Inc,2060335,Ridgefield Park,07660,Telecommunications,2024,True,No Revenues,2,155000.0,155000.0,155000.0,4,2025-03-03,2025-09-22,12.1,6.7,Michael Chiaramonte (Executive Officer); Terence Li (Executive Officer),https://www.sec.gov/cgi-bin/browse-edgar?action=getcompany&CIK=2060335&type=D
"NFT-TiX, Co.",1971744,Ridgewood,07450,Other Technology,2022,True,"$5,000,001 - $25,000,000",2,155000.0,100000.0,0,2,2023-03-29,2024-03-08,30.6,11.3,Emil Ljesnjanin (Executive Officer/Director); Vincent Harrison (Executive Officer/Director),https://www.sec.gov/cgi-bin/browse-edgar?action=getcompany&CIK=1971744&type=D
"Anonymous Coach, Inc.",1871388,Morristown,07960,Other,2021,True,Decline to Disclose,1,150000.0,150000.0,0,4,2021-06-25,2021-06-25,63.0,,Timothy Purnell (Executive Officer/Director),https://www.sec.gov/cgi-bin/browse-edgar?action=getcompany&CIK=1871388&type=D
"Autism Diagnostic Technologies, Inc.",1769588,Bedminster,07921,Other Technology,overFiveYears,False,No Revenues,1,150000.0,150000.0,0,9,2023-08-23,2023-08-23,37.1,,Joerg Klaube (Executive Officer); Andrew Stewart (Executive Officer/Director),https://www.sec.gov/cgi-bin/browse-edgar?action=getcompany&CIK=1769588&type=D
"Business Tools, LLC",1871522,Pine Brook,07058,Other Technology,2021,True,Decline to Disclose,1,150000.0,150000.0,0,1,2021-06-08,2021-06-08,63.6,,Gallant Dill (Executive Officer),https://www.sec.gov/cgi-bin/browse-edgar?action=getcompany&CIK=1871522&type=D
Squid Ink Feature Film LLC,2027013,Sea Isle City,08243,Other,2024,True,No Revenues,1,150000.0,150000.0,0,2,2024-05-07,2024-05-07,28.6,,Nicholas Maurer (Executive Officer),https://www.sec.gov/cgi-bin/browse-edgar?action=getcompany&CIK=2027013&type=D
VCR Riverside Management LLC,2016644,Tenafly,07670,Restaurants,2023,True,Decline to Disclose,1,150000.0,150000.0,0,2,2024-03-11,2024-03-11,30.5,,David Rodolitz (Executive Officer); Gary Vaynerchuk (Executive Officer); Josh Capon (Executive Officer); Conor Hanlon (Executive Officer),https://www.sec.gov/cgi-bin/browse-edgar?action=getcompany&CIK=2016644&type=D
Hotspot Inc.,1986040,Princeton,08542,Other,2021,True,Decline to Disclose,1,145000.0,145000.0,0,6,2023-07-26,2023-07-26,38.0,,Dylan Porges (Executive Officer/Director); Ayooluwa Oguntola (Executive Officer/Director),https://www.sec.gov/cgi-bin/browse-edgar?action=getcompany&CIK=1986040&type=D
NettyArt Corp,1981540,Rutherford,07070,Other,2022,True,Decline to Disclose,2,140000.0,100000.0,0,2,2023-05-21,2023-12-05,33.7,6.5,Julio Grullon (Executive Officer/Director); Alcides Aguasvivas (Executive Officer/Director),https://www.sec.gov/cgi-bin/browse-edgar?action=getcompany&CIK=1981540&type=D
"DataBiologics, LLC",1913930,Cedar Knolls,07927,Other Health Care,2018,True,Decline to Disclose,1,120000.0,120000.0,0,4,2022-02-16,2022-02-16,55.3,,Leah Braddell (Executive Officer); Jay Bowen (Director); Luke Malanga (Executive Officer); Christopher Rogers (Director),https://www.sec.gov/cgi-bin/browse-edgar?action=getcompany&CIK=1913930&type=D
"Gymble, Inc.",1881845,Newark,07102,Other Technology,2020,True,Decline to Disclose,1,120000.0,120000.0,0,1,2022-12-21,2022-12-21,45.1,,Akim Mitchell (Executive Officer/Director); Bobby Phills III (Executive Officer/Director); Devon Oakley (Executive Officer/Director),https://www.sec.gov/cgi-bin/browse-edgar?action=getcompany&CIK=1881845&type=D
Work Onward Inc,1995576,Ridgewood,07450,Other Technology,2023,True,Decline to Disclose,1,120000.0,120000.0,0,1,2023-09-19,2023-09-19,36.2,,Jooyoung (Holly) Diamond (Executive Officer/Director),https://www.sec.gov/cgi-bin/browse-edgar?action=getcompany&CIK=1995576&type=D
"Ciphero AI Technologies, Inc.",2084004,Shrewsbury,07702,Other Technology,2025,True,Decline to Disclose,2,110000.0,60000.0,110000.0,5,2025-08-29,2025-12-14,9.4,3.5,Sen Tian (Executive Officer); Robert Gross (Executive Officer); Saoud Khalifah (Executive Officer/Director),https://www.sec.gov/cgi-bin/browse-edgar?action=getcompany&CIK=2084004&type=D
One Wager Inc.,1867791,Stewartsville,08886,Other Technology,2021,True,No Revenues,2,110000.0,70000.0,0,6,2021-06-02,2021-06-02,63.8,0.0,Sahil Patel (Director/Promoter); Evan Dunatov (Executive Officer/Promoter); William TIghe (Director/Promoter); Sean Corman (Executive Officer/Promoter); Mukesh Patel (Promoter),https://www.sec.gov/cgi-bin/browse-edgar?action=getcompany&CIK=1867791&type=D
Pioneer Investing Inc.,2097848,Jersey City,07310,Other,2024,True,"$1 - $1,000,000",1,110000.0,110000.0,110000.0,9,2025-09-20,2025-09-20,12.2,,Priyanka Ranjan (Executive Officer/Director),https://www.sec.gov/cgi-bin/browse-edgar?action=getcompany&CIK=2097848&type=D
COMPREHENSIVE HEALTHCARE SYSTEMS INC. (CANADA),1889352,Edison,08817,Other Technology,overFiveYears,False,"$1,000,001 - $5,000,000",1,103883.0,103883.0,103883.0,4,2025-03-07,2025-03-07,18.6,,Chris Cosgrove (Executive Officer/Director); Indranil Chowdhury (Executive Officer); Vikas Ranjan (Director); Amit Dutta (Director),https://www.sec.gov/cgi-bin/browse-edgar?action=getcompany&CIK=1889352&type=D
1435 Capital Management Series Ltd Liability Co,1866850,New Jersey,08540,Business Services,2021,True,"$1 - $1,000,000",1,100000.0,100000.0,0,1,2022-03-08,2022-03-08,54.6,,Ben Jen (Director),https://www.sec.gov/cgi-bin/browse-edgar?action=getcompany&CIK=1866850&type=D
7 KINGS FARMS LLC,2005769,Brick,08723,Agriculture,2022,True,No Revenues,1,100000.0,100000.0,0,1,2023-12-30,2023-12-30,32.9,,Herman Reid (Executive Officer/Promoter),https://www.sec.gov/cgi-bin/browse-edgar?action=getcompany&CIK=2005769&type=D
BarnLight Studios,2114259,Wantage,07461,Other,2025,True,No Revenues,1,100000.0,100000.0,100000.0,2,2025-09-16,2025-09-16,12.3,,Nicole Vives (Executive Officer); Lauren Magura (Executive Officer),https://www.sec.gov/cgi-bin/browse-edgar?action=getcompany&CIK=2114259&type=D
"CLMB, Inc.",1838786,Basking Ridge,07920,Other,2020,True,Decline to Disclose,1,100000.0,100000.0,0,1,2021-01-11,2021-01-11,68.4,,Benjamin Silvey (Executive Officer/Director),https://www.sec.gov/cgi-bin/browse-edgar?action=getcompany&CIK=1838786&type=D
Creator Page Inc.,1918545,East Brunswick,08816,Other Technology,2021,True,Decline to Disclose,1,100000.0,100000.0,0,2,2022-03-16,2022-03-16,54.3,,Adrian Grant (Executive Officer/Director/Promoter),https://www.sec.gov/cgi-bin/browse-edgar?action=getcompany&CIK=1918545&type=D
"Decision Accelerator, Inc.",1942096,Long Valley,07853,Other Technology,2022,True,Decline to Disclose,1,100000.0,100000.0,0,3,2022-07-27,2022-07-27,50.0,,Nathan Snook (Director); Lars Nordman (Director); Victor Izmaylov (Executive Officer/Director),https://www.sec.gov/cgi-bin/browse-edgar?action=getcompany&CIK=1942096&type=D
Eatsy Orders Corp.,2104149,Fort Lee,07024,Other Technology,2023,True,Decline to Disclose,1,100000.0,100000.0,100000.0,1,2025-12-23,2025-12-23,9.1,,Fabio Marin Jimenez (Executive Officer/Director); Mauricio Ramirez (Director),https://www.sec.gov/cgi-bin/browse-edgar?action=getcompany&CIK=2104149&type=D
"FWD Care, Inc.",2007284,Colts Neck,07722,Other Technology,2023,True,Decline to Disclose,1,100000.0,100000.0,0,3,2023-12-22,2023-12-22,33.1,,McKenzie Hagan (Director); Samir Khoja (Director); Imran Patel (Executive Officer/Director); Robert Horowitz (Executive Officer/Director),https://www.sec.gov/cgi-bin/browse-edgar?action=getcompany&CIK=2007284&type=D
"Finance Forward Automotive, Inc.",1983796,Parsippany,07054,Other Technology,2022,True,No Revenues,1,100000.0,100000.0,0,2,2023-06-30,2023-06-30,38.9,,Michael LaMotta (Executive Officer/Director); Daniel Boller (Executive Officer/Director); Edvie Castro (Executive Officer/Director); Steven Spillane (Executive Officer/Director),https://www.sec.gov/cgi-bin/browse-edgar?action=getcompany&CIK=1983796&type=D
Hudson River Pickleball Inc.,2021536,Hoboken,07030,Other,2024,True,Decline to Disclose,1,100000.0,100000.0,0,4,2024-04-11,2024-04-11,29.5,,Zhilong Lin (Executive Officer/Director),https://www.sec.gov/cgi-bin/browse-edgar?action=getcompany&CIK=2021536&type=D
"Insync Innovatons, inc.",1864739,Bergenfield,07621,Other Technology,overFiveYears,False,Decline to Disclose,1,100000.0,100000.0,0,1,2021-05-03,2021-05-03,64.8,,Michael Licameli (Executive Officer/Director),https://www.sec.gov/cgi-bin/browse-edgar?action=getcompany&CIK=1864739&type=D
"Lyzr, Inc.",1994140,Jersey City,07302,Other,2023,True,No Revenues,1,100000.0,100000.0,0,6,2023-10-07,2023-10-07,35.6,,Surendirasiva Selvaraj (Executive Officer/Director/Promoter),https://www.sec.gov/cgi-bin/browse-edgar?action=getcompany&CIK=1994140&type=D
"Matthias Therapeutics, LLC",2104165,Basking Ridge,07920,Pharmaceuticals,2023,True,Decline to Disclose,1,100000.0,100000.0,100000.0,2,2025-11-24,2025-11-24,10.0,,Matthew Redling (Executive Officer),https://www.sec.gov/cgi-bin/browse-edgar?action=getcompany&CIK=2104165&type=D
"NeuroPair, Inc.",1904618,Princeton,08540,Other Technology,2021,True,Decline to Disclose,1,100000.0,100000.0,0,1,2021-12-31,2021-12-31,56.8,,Elaine Brock (Executive Officer); Jay Trautman (Director); Johannes Dapprich (Executive Officer/Director); William Brown (Executive Officer/Director),https://www.sec.gov/cgi-bin/browse-edgar?action=getcompany&CIK=1904618&type=D
Phenegra Corp,2083929,Scotch Plains,07076,Other Technology,2023,True,"$1 - $1,000,000",1,100000.0,100000.0,100000.0,0,2025-10-13,2025-10-13,11.4,,Ronald Terrazas (Executive Officer/Director); Gordon Chiu (Executive Officer/Director); Richard Paschal (Director),https://www.sec.gov/cgi-bin/browse-edgar?action=getcompany&CIK=2083929&type=D
Prima Principessa LLC,2032092,Little Falls,07424,Other,2021,True,Decline to Disclose,1,100000.0,100000.0,0,1,2024-08-12,2024-08-12,25.4,,Danielle Citarella (Director); Dana Del Vecchio (Director); Bianco Cynthia (Director),https://www.sec.gov/cgi-bin/browse-edgar?action=getcompany&CIK=2032092&type=D
"Think-12, Inc.",1937163,Bernardsville,07924,Other,2022,True,Decline to Disclose,1,100000.0,100000.0,0,1,2022-06-07,2022-06-07,51.6,,Peter Kraft (Executive Officer/Director),https://www.sec.gov/cgi-bin/browse-edgar?action=getcompany&CIK=1937163&type=D
OrahVision Inc.,2096214,Jackson,08527,Other Technology,2025,True,Decline to Disclose,1,90000.0,90000.0,90000.0,2,2025-10-20,2025-10-20,11.2,,Yisroel Wahl (Executive Officer),https://www.sec.gov/cgi-bin/browse-edgar?action=getcompany&CIK=2096214&type=D
Santiste Medical Inc.,1830849,Princeton,08549,Biotechnology,overFiveYears,False,Decline to Disclose,1,89000.0,89000.0,0,8,2022-11-04,2022-11-04,46.7,,Walter Greenblatt (Executive Officer/Director); Mark Eisenach (Executive Officer/Director),https://www.sec.gov/cgi-bin/browse-edgar?action=getcompany&CIK=1830849&type=D
Live Circle Inc.,1769685,Ridgewood,07450,Other Health Care,overFiveYears,False,Decline to Disclose,1,85000.0,85000.0,0,2,2022-12-30,2022-12-30,44.8,,Jeff Voigt (Director); Charles Chadwick (Executive Officer/Director),https://www.sec.gov/cgi-bin/browse-edgar?action=getcompany&CIK=1769685&type=D
"Rhizome AI, Inc",2101297,Union City,07087,Computers,2023,True,"$1 - $1,000,000",1,85000.0,85000.0,85000.0,2,2025-11-19,2025-11-19,10.2,,Chetan Mishra (Executive Officer),https://www.sec.gov/cgi-bin/browse-edgar?action=getcompany&CIK=2101297&type=D
Affix Advisory LLC,2088627,Guttenberg,07093,Other Technology,2021,True,"$1 - $1,000,000",1,80000.0,80000.0,80000.0,1,2025-10-21,2025-10-21,11.1,,Elisei Boguslavskii (Executive Officer),https://www.sec.gov/cgi-bin/browse-edgar?action=getcompany&CIK=2088627&type=D
"Everyone Must Use, Inc.",1886730,Netcong,07875,Other,2020,True,"$1 - $1,000,000",1,75000.0,75000.0,0,3,2021-09-27,2021-09-27,59.9,,ERNEST PEIA (Director); MICHAEL SZEWCZYK (Director); RYAN TEDDER (Director); JUSTIN ORGEL (Executive Officer),https://www.sec.gov/cgi-bin/browse-edgar?action=getcompany&CIK=1886730&type=D
"Trashmitter, LLC",1871487,Pine Brook,07058,Other Technology,2021,True,Decline to Disclose,1,72500.0,72500.0,0,4,2021-07-11,2021-07-11,62.5,,Jason Centeno (Executive Officer),https://www.sec.gov/cgi-bin/browse-edgar?action=getcompany&CIK=1871487&type=D
"Stateside Title Company, LLC",2115473,Marlton,08053,Other,2025,True,Decline to Disclose,1,72000.0,72000.0,72000.0,18,2026-03-03,2026-03-03,6.8,,"N/A Fenix Holdings, LLC (Director)",https://www.sec.gov/cgi-bin/browse-edgar?action=getcompany&CIK=2115473&type=D
Emerald Tea Supply Co LLC,1914506,Montclair,07042,Other,2021,True,Decline to Disclose,1,70000.0,70000.0,0,4,2022-03-01,2022-03-01,54.8,,Jason Leisey (Executive Officer/Director/Promoter),https://www.sec.gov/cgi-bin/browse-edgar?action=getcompany&CIK=1914506&type=D
"LeagueMed Enterprises, LLC",2083777,Holmdel,07733,Other Banking and Financial Services,2022,True,Decline to Disclose,1,70000.0,70000.0,70000.0,5,2025-08-01,2025-08-01,13.8,,"Stephen Cella (Executive Officer); John Gallagher, Jr. (Executive Officer)",https://www.sec.gov/cgi-bin/browse-edgar?action=getcompany&CIK=2083777&type=D
"Ride N Repair, Inc.",2094820,Jersey City,07302,Other Technology,2025,True,No Revenues,1,70000.0,70000.0,70000.0,2,2025-10-09,2025-10-09,11.5,,Shubham Tyagi (Executive Officer/Director); Lakshya Khurana (Executive Officer/Director),https://www.sec.gov/cgi-bin/browse-edgar?action=getcompany&CIK=2094820&type=D
"Advanced Surgery Center of Clifton, LLC",2051286,Clifton,07013,Other Health Care,overFiveYears,False,Decline to Disclose,1,69300.0,69300.0,69300.0,1,2024-12-30,2024-12-30,20.8,,"Gregory Gallina (Director); Kara Gaughan (Director); Bassam Hajjar (Director); Zamir Brelvi, M.D. (Director); Ladd Mark (Executive Officer/Director); Patrick Walker (Executive Officer/Director); Robert Cox (Executive Officer/Director); Jordan Anderson (Executive Officer/Director); Kamal Dutta, M.D. (Executive Officer/Director); Adrienne McCall (Executive Officer/Director); David Festi (Director); Seth Taylor (Director); Jose Guerrero (Director); Jordan Jones (Executive Officer/Director)",https://www.sec.gov/cgi-bin/browse-edgar?action=getcompany&CIK=2051286&type=D
MobbQuest Inc.,2109817,Oceanport,07757,Other Technology,2025,True,No Revenues,2,59368.0,54907.0,59368.0,42,2025-08-08,2025-09-10,12.5,1.1,Darren Kripaitis (Director); Jacqueline Kripaitis (Executive Officer/Director); Gerard Ascolese (Executive Officer),https://www.sec.gov/cgi-bin/browse-edgar?action=getcompany&CIK=2109817&type=D
"Morris County Surgical Center, LLC",1879368,Parsippany,07871,Other Health Care,overFiveYears,False,Decline to Disclose,2,52523.0,52523.0,0,1,2021-08-11,2024-02-23,31.0,30.4,Toni Ryan (Executive Officer/Director); Irvin Bonder (Director); Jose Guerrero (Executive Officer/Director); John Soriano (Director); Amanda Golkow (Director),https://www.sec.gov/cgi-bin/browse-edgar?action=getcompany&CIK=1879368&type=D
VERIFY SMART CORP.,1370292,Mahwah,07430,Other,overFiveYears,False,Decline to Disclose,1,51000.0,51000.0,0,1,2023-02-11,2023-02-11,43.4,,Tony Cinotti (Executive Officer/Director); Sandy Manata (Director); Anthony Lalley (Director),https://www.sec.gov/cgi-bin/browse-edgar?action=getcompany&CIK=1370292&type=D
"Inlet Media, Inc.",1820588,Union City,07087,Other Technology,2020,True,Decline to Disclose,1,50275.0,50275.0,0,6,2021-03-25,2021-03-25,66.0,,Brian Egan (Executive Officer/Director); Thomas Mullarney (Executive Officer); Patrick Cedrowski (Executive Officer/Director),https://www.sec.gov/cgi-bin/browse-edgar?action=getcompany&CIK=1820588&type=D
"Real Fine Foods, Inc.",1947260,Verona,07044,Other,2022,True,Decline to Disclose,1,50100.0,50100.0,0,2,2022-09-08,2022-09-08,48.6,,Ian Fine (Executive Officer/Director),https://www.sec.gov/cgi-bin/browse-edgar?action=getcompany&CIK=1947260&type=D
RoundPier Inc.,1811213,Cliffside Park,07010,Other,2020,True,Decline to Disclose,1,50003.0,50003.0,0,4,2021-07-07,2021-07-07,62.6,,Grigoriy Zavorotniy (Executive Officer/Director); Lukas Harustiak (Director); Eric Borzino (Director),https://www.sec.gov/cgi-bin/browse-edgar?action=getcompany&CIK=1811213&type=D
Comprehensive Healthcare Systems Inc.,1838086,Edison,08817,Other Health Care,overFiveYears,False,Decline to Disclose,1,50000.0,50000.0,0,1,2021-01-08,2021-01-08,68.5,,Amit Dutta (Director); Mariam Cather (Director); Hassan Mohaideen (Executive Officer/Director),https://www.sec.gov/cgi-bin/browse-edgar?action=getcompany&CIK=1838086&type=D
"Eyeguide, Inc.",1731377,Sewell,08080,Other Technology,overFiveYears,False,Decline to Disclose,1,50000.0,50000.0,0,1,2023-06-21,2023-06-21,39.2,,Geoffrey Gardner (Director); James Mackey (Director); Albert Charpentier (Director); Brian Still (Director),https://www.sec.gov/cgi-bin/browse-edgar?action=getcompany&CIK=1731377&type=D
Hoboken Investment Group LLC,1996412,Hoboken,07030,Other,2023,True,Decline to Disclose,1,50000.0,50000.0,0,1,2024-02-09,2024-02-09,31.5,,Greta Brandt (Executive Officer); Ryan Ciucki (Executive Officer); Mike Standlee (Executive Officer/Director),https://www.sec.gov/cgi-bin/browse-edgar?action=getcompany&CIK=1996412&type=D
MiraKare Inc.,2038373,Edison,08817,Other Health Care,2023,True,Decline to Disclose,1,50000.0,50000.0,50000.0,1,2024-10-10,2024-10-10,23.5,,Gita Sharma (Director); Oliver Rabenschlag (Director); Virender Sharma (Director); Vikram Sharma (Executive Officer/Director),https://www.sec.gov/cgi-bin/browse-edgar?action=getcompany&CIK=2038373&type=D
"NEON WILD, INC.",1841561,Chester,07930,Other Technology,2020,True,Decline to Disclose,1,50000.0,50000.0,0,1,2022-08-27,2022-08-27,48.9,,Matthew Weckel (Executive Officer/Director); Matthew Kellough (Executive Officer/Director); Stephanie Reaves (Executive Officer); Carlos Ramos (Executive Officer/Director),https://www.sec.gov/cgi-bin/browse-edgar?action=getcompany&CIK=1841561&type=D
NOVA Genomics LLC,2068734,Mountain Lake,07046,Other Health Care,2025,True,"$1 - $1,000,000",1,50000.0,50000.0,50000.0,0,2025-05-08,2025-05-08,16.6,,Cynthia Hudson (Executive Officer); Gary Harton (Executive Officer),https://www.sec.gov/cgi-bin/browse-edgar?action=getcompany&CIK=2068734&type=D
"SilverSphere SPV 1, a series of AM SPV FUND MANAGEMENT LLC",2011588,Wantage,07461,Other,2024,True,Decline to Disclose,1,50000.0,50000.0,0,0,2024-04-30,2024-04-30,28.8,,Alyssa McEwen (Director); Josh Wagner (Executive Officer/Director),https://www.sec.gov/cgi-bin/browse-edgar?action=getcompany&CIK=2011588&type=D
"UpLynkd, LLC",1871196,Pine Brook,07058,Other Technology,2020,True,Decline to Disclose,1,50000.0,50000.0,0,1,2021-03-22,2021-03-22,66.1,,Joshua Osteen (Executive Officer),https://www.sec.gov/cgi-bin/browse-edgar?action=getcompany&CIK=1871196&type=D
Vybes App Inc,2059026,Hoboken,07030,Other Technology,2024,True,Decline to Disclose,2,50000.0,25000.0,50000.0,2,2025-03-23,2025-06-20,15.2,2.9,Andrew Henderson (Executive Officer/Director); Oliver Spanton (Director),https://www.sec.gov/cgi-bin/browse-edgar?action=getcompany&CIK=2059026&type=D
eBumps Inc.,1841327,Princeton,08540,Other,2020,True,Decline to Disclose,1,50000.0,50000.0,0,1,2021-01-02,2021-01-02,68.7,,Corin Rose (Executive Officer/Director); Cole Johnson (Director); Jonah Tuckman (Executive Officer/Director); Marc Johnson (Director),https://www.sec.gov/cgi-bin/browse-edgar?action=getcompany&CIK=1841327&type=D
Ilekun Health Inc.,1857566,Hillsdale,07642,Other Health Care,2020,True,Decline to Disclose,1,47500.0,47500.0,0,3,2021-01-05,2021-01-05,68.6,,Tobi Bosede (Executive Officer/Director),https://www.sec.gov/cgi-bin/browse-edgar?action=getcompany&CIK=1857566&type=D
AUDIO IDEA LABS INC.,1921831,Sayreville,08872,Other Technology,2021,True,Decline to Disclose,1,45000.0,45000.0,0,3,2022-03-24,2022-03-24,54.1,,Amine Nabi (Director); Amit Kukreja (Executive Officer/Director),https://www.sec.gov/cgi-bin/browse-edgar?action=getcompany&CIK=1921831&type=D
BeYu Labs LLC,1925982,Jersey City,07304,Other Technology,2022,True,Decline to Disclose,1,45000.0,45000.0,0,2,2022-04-22,2022-04-22,53.1,,Benjamin Yurcisin (Executive Officer/Director),https://www.sec.gov/cgi-bin/browse-edgar?action=getcompany&CIK=1925982&type=D
"Folk Revival, LLC",1992951,Tenafly,07670,Retailing,2021,True,Decline to Disclose,1,45000.0,45000.0,45000.0,1,2024-10-01,2024-10-01,23.8,,David Cantor (Executive Officer),https://www.sec.gov/cgi-bin/browse-edgar?action=getcompany&CIK=1992951&type=D
Solar Intermodal Corp,1854388,Roseland,07068,Other Energy,2021,True,No Revenues,1,38000.0,38000.0,0,5,2021-03-17,2021-03-17,66.3,,Robert Anderson (Executive Officer),https://www.sec.gov/cgi-bin/browse-edgar?action=getcompany&CIK=1854388&type=D
"BehaviorFlow, Inc.",2075797,Bridgewater,08807,Other Technology,2025,True,"$1 - $1,000,000",1,35000.0,35000.0,35000.0,1,2025-06-17,2025-06-17,15.3,,Marguerite McFadden (Executive Officer),https://www.sec.gov/cgi-bin/browse-edgar?action=getcompany&CIK=2075797&type=D
Almond Finance Corp,1919949,Plainsboro,08536,Other Technology,2020,True,No Revenues,1,30000.0,30000.0,0,3,2022-03-03,2022-03-03,54.8,,Vijay Krishnan (Executive Officer); Goutam Mohan (Executive Officer),https://www.sec.gov/cgi-bin/browse-edgar?action=getcompany&CIK=1919949&type=D
Endolynx Inc.,1967540,Jersey City,07302,Other Health Care,overFiveYears,False,Decline to Disclose,1,30000.0,30000.0,0,3,2021-11-04,2021-11-04,58.7,,Robert Jenkins (Executive Officer/Director); Felek Jachimowicz (Executive Officer/Director); David Schaner (Executive Officer/Director),https://www.sec.gov/cgi-bin/browse-edgar?action=getcompany&CIK=1967540&type=D
Fria Inc.,2046143,Avenel,07001,Other,overFiveYears,False,Decline to Disclose,1,30000.0,30000.0,30000.0,4,2024-11-19,2024-11-19,22.2,,Sheilisa McNeal (Executive Officer/Director),https://www.sec.gov/cgi-bin/browse-edgar?action=getcompany&CIK=2046143&type=D
Homeroom Fund 2023 LLC,1990739,Princeton,08540,Business Services,2023,True,Decline to Disclose,1,30000.0,30000.0,0,2,2023-09-01,2023-09-01,36.8,,Andrew Somers (Director); Akash Patel (Director); Ben Jen (Director),https://www.sec.gov/cgi-bin/browse-edgar?action=getcompany&CIK=1990739&type=D
"Towns Of, Inc.",2030313,Newark,07102,Business Services,2024,True,"$1 - $1,000,000",1,30000.0,30000.0,0,3,2024-07-01,2024-07-01,26.8,,Graham Colligan (Executive Officer),https://www.sec.gov/cgi-bin/browse-edgar?action=getcompany&CIK=2030313&type=D
"Story Legacy, LLC",1891383,Fair Haven,07704,Other,2021,True,Decline to Disclose,1,27500.0,27500.0,0,6,2021-11-05,2021-11-05,58.6,,Christopher Brace (Executive Officer/Director),https://www.sec.gov/cgi-bin/browse-edgar?action=getcompany&CIK=1891383&type=D
"2ClickFit, Inc.",2094237,Moorestown,08057,Other Technology,2025,True,"$1 - $1,000,000",1,27000.0,27000.0,27000.0,2,2025-10-20,2025-10-20,11.2,,Bradford Tobias (Executive Officer); Thiago Lorenzo (Executive Officer),https://www.sec.gov/cgi-bin/browse-edgar?action=getcompany&CIK=2094237&type=D
Disruptive Rain Corp.,2093253,Mantoloking,08738,Other Technology,2023,True,Decline to Disclose,1,27000.0,27000.0,27000.0,2,2025-09-30,2025-09-30,11.8,,Manuel Bello (Executive Officer),https://www.sec.gov/cgi-bin/browse-edgar?action=getcompany&CIK=2093253&type=D
BetMGM Maryland Sports LLC,1947973,Jersey City,07311,Other,2022,True,Decline to Disclose,1,25100.0,25100.0,0,2,2022-10-18,2022-10-18,47.2,,Adam Greenblatt (Executive Officer),https://www.sec.gov/cgi-bin/browse-edgar?action=getcompany&CIK=1947973&type=D
"HealthG2, Inc.",1838516,Princeton Junction,08550,Other Health Care,2020,True,Decline to Disclose,1,25000.0,25000.0,0,1,2020-12-21,2020-12-21,69.1,,Derek Nickerson (Executive Officer); Armand Principato (Executive Officer); Christian Nickerson (Executive Officer/Director),https://www.sec.gov/cgi-bin/browse-edgar?action=getcompany&CIK=1838516&type=D
"Kidboss, Inc.",1976875,Demarest,07627,Other Technology,2023,True,Decline to Disclose,1,25000.0,25000.0,0,1,2023-06-20,2023-06-20,39.2,,LINDSAY KESTENBAUM (Executive Officer/Director),https://www.sec.gov/cgi-bin/browse-edgar?action=getcompany&CIK=1976875&type=D
VisionaryBlock Entertainment Services Inc.,2033909,Clark,07066,Other Technology,2023,True,No Revenues,1,25000.0,25000.0,0,1,2024-08-01,2024-08-01,25.8,,Nicholas Calhoun (Executive Officer/Director); Erika McFadden (Executive Officer/Director),https://www.sec.gov/cgi-bin/browse-edgar?action=getcompany&CIK=2033909&type=D
SOTS Development Ltd Liability Co,1991756,Mendham,07945,Other,2022,True,Decline to Disclose,1,22500.0,22500.0,0,2,2022-09-14,2022-09-14,48.4,,Megan Rasmussen (Executive Officer/Promoter),https://www.sec.gov/cgi-bin/browse-edgar?action=getcompany&CIK=1991756&type=D
Ecopreneur Media Inc.,1993992,West Orange,07052,Other,2019,True,"$1 - $1,000,000",1,20000.0,20000.0,0,1,2023-10-20,2023-10-20,35.2,,Philip Toussaint (Executive Officer),https://www.sec.gov/cgi-bin/browse-edgar?action=getcompany&CIK=1993992&type=D
TLE MFG LLC,2004454,Clifton,07013,Business Services,2023,True,Decline to Disclose,1,20000.0,20000.0,0,1,2023-12-01,2023-12-01,33.8,,Raymond Riga (Executive Officer/Director),https://www.sec.gov/cgi-bin/browse-edgar?action=getcompany&CIK=2004454&type=D
TLEHL Inc.,2004447,Clifton,07013,Manufacturing,2022,True,Decline to Disclose,1,20000.0,20000.0,0,1,2023-12-04,2023-12-04,33.7,,Raymond Riga (Executive Officer/Director),https://www.sec.gov/cgi-bin/browse-edgar?action=getcompany&CIK=2004447&type=D
"Zerify, Inc.",1285543,Edison,08837,Other Technology,overFiveYears,False,"$1 - $1,000,000",1,17550.0,17550.0,0,5,2023-03-06,2023-03-06,42.7,,Mark Kay (Executive Officer/Director),https://www.sec.gov/cgi-bin/browse-edgar?action=getcompany&CIK=1285543&type=D
"NCRI Services, Inc.",1948376,Princteon,84540,Other,2022,True,Decline to Disclose,1,17500.0,17500.0,0,8,2022-09-13,2022-09-13,48.4,,John Donohue (Executive Officer/Director); Joel Finkelstein (Director); Adam Sohn (Executive Officer/Director); Alex Goldenberg (Executive Officer),https://www.sec.gov/cgi-bin/browse-edgar?action=getcompany&CIK=1948376&type=D
Rebound Goods Inc.,1988335,Summit,07901,Retailing,2022,True,No Revenues,1,17500.0,17500.0,0,5,2023-07-26,2023-07-26,38.0,,Vince Giudice (Executive Officer/Director),https://www.sec.gov/cgi-bin/browse-edgar?action=getcompany&CIK=1988335&type=D
"Blue Sky Stones, Inc.",1981570,North Brunswick,08902,Other,2022,True,"$1 - $1,000,000",1,15750.0,15750.0,0,1,2023-05-25,2023-05-25,40.0,,Mayank Jhanjhri (Director/Promoter),https://www.sec.gov/cgi-bin/browse-edgar?action=getcompany&CIK=1981570&type=D
"Human.Quest, Inc",1959944,Parsippany,07054,Other,2021,True,No Revenues,1,15000.0,15000.0,0,2,2022-12-22,2022-12-22,45.1,,Ashish Goyal (Director),https://www.sec.gov/cgi-bin/browse-edgar?action=getcompany&CIK=1959944&type=D
"Signal Insights, Inc.",1828233,North Caldwell,07006,Other,2019,True,Decline to Disclose,1,13700.0,13700.0,0,1,2021-04-14,2021-04-14,65.4,,Keith Graham (Executive Officer/Director/Promoter),https://www.sec.gov/cgi-bin/browse-edgar?action=getcompany&CIK=1828233&type=D
Top Shelf Title Agency LLC,1958246,Roseland,07068,Other,overFiveYears,False,Decline to Disclose,1,12800.0,12800.0,0,8,2022-11-30,2022-11-30,45.8,,Dan Merlino (Director),https://www.sec.gov/cgi-bin/browse-edgar?action=getcompany&CIK=1958246&type=D
Carry: Athlete Investing Inc.,1892241,Glen Rock,07452,Other,2021,True,Decline to Disclose,1,10000.0,10000.0,0,1,2021-10-21,2021-10-21,59.1,,Donald Dotson (Executive Officer/Director),https://www.sec.gov/cgi-bin/browse-edgar?action=getcompany&CIK=1892241&type=D
"SpotitEarly, Inc.",2077992,Englewood,07631,Biotechnology,2024,True,No Revenues,1,10000.0,10000.0,10000.0,1,2025-07-21,2025-07-21,14.2,,Alon Lifshitz (Director); Roi Ophir (Director/Promoter); Shlomi Madar (Executive Officer/Director/Promoter); Shai Lankry (Executive Officer/Director/Promoter); Assaf Ruf (Executive Officer); J. Lichtenfeld (Executive Officer); Ariel Dayan (Director),https://www.sec.gov/cgi-bin/browse-edgar?action=getcompany&CIK=2077992&type=D
13 Mari Ltd.,1952874,Kearny,07032,Other Technology,2022,True,Decline to Disclose,1,5000.0,5000.0,0,1,2023-01-11,2023-01-11,44.4,,Krassimir Fotev (Executive Officer/Director),https://www.sec.gov/cgi-bin/browse-edgar?action=getcompany&CIK=1952874&type=D
"BlockScience Labs, Inc.",1873950,Laurel Springs,08021,Other Technology,2021,True,Decline to Disclose,1,940.0,940.0,0,7,2021-07-14,2021-07-14,62.4,,Michael Zargham (Director); Christopher Frazier (Executive Officer/Director); Nick Hirannet (Executive Officer/Director),https://www.sec.gov/cgi-bin/browse-edgar?action=getcompany&CIK=1873950&type=D
18531 Aliso Canyon Road Dev Co LLC,1861208,Cranford,07016,Construction,2021,True,No Revenues,1,0,0,0,1,2021-05-19,2021-05-19,64.2,,KYLE ROEMER (Executive Officer); LARRY WILLIAMS (Executive Officer),https://www.sec.gov/cgi-bin/browse-edgar?action=getcompany&CIK=1861208&type=D
2510 Ocean Avenue Development Co LLC,1860881,Cranford,07016,Construction,2021,True,No Revenues,1,0,0,0,1,2021-05-19,2021-05-19,64.2,,KYLE ROEMER (Executive Officer); FRED GIFFORD (Executive Officer),https://www.sec.gov/cgi-bin/browse-edgar?action=getcompany&CIK=1860881&type=D
29B Lake Elsinore Development Co LLC,1861221,Cranford,07016,Construction,2021,True,No Revenues,1,0,0,0,1,2021-05-19,2021-05-19,64.2,,KYLE ROEMER (Executive Officer); FRED GIFFORD (Executive Officer),https://www.sec.gov/cgi-bin/browse-edgar?action=getcompany&CIK=1861221&type=D
42 Palmdale Acres Development Co LLC,1860867,Cranford,07016,Construction,2021,True,No Revenues,1,0,0,0,1,2021-05-19,2021-05-19,64.2,,BRETT BARBER (Executive Officer); FRED GIFFORD (Executive Officer),https://www.sec.gov/cgi-bin/browse-edgar?action=getcompany&CIK=1860867&type=D
560 Marin Development Co LLC,1861223,Cranford,07016,Construction,2021,True,No Revenues,2,0,0,0,2,2021-05-17,2021-05-18,64.3,0.0,FRED GIFFORD (Executive Officer); KYLE ROEMER (Executive Officer),https://www.sec.gov/cgi-bin/browse-edgar?action=getcompany&CIK=1861223&type=D
685 Manzanita Court Chino Acquisition Co LLC,1861211,Cranford,07016,Lodging and Conventions,2021,True,No Revenues,1,0,0,0,1,2021-05-19,2021-05-19,64.2,,DEEPAK KUMAR (Executive Officer); FRED GIFFORD (Executive Officer),https://www.sec.gov/cgi-bin/browse-edgar?action=getcompany&CIK=1861211&type=D
AIMR Analytics Inc,1944289,Englewood Cliffs,07632,Other,2018,True,No Revenues,1,0,0,0,0,2022-09-08,2022-09-08,48.6,,Steven Park (Director); Robert McGrath (Director); Kijoon Kim (Executive Officer); Augustine Hong (Director); Jonathan Trutter (Director); Lawrence Bates (Director),https://www.sec.gov/cgi-bin/browse-edgar?action=getcompany&CIK=1944289&type=D
Advantage Queens LIC Fund LLC,1949441,Hackensack,07601,Other Banking and Financial Services,2022,True,Decline to Disclose,1,0,0,0,0,2022-10-05,2022-10-05,47.7,,Julia Park (Executive Officer); Victor Shum (Executive Officer),https://www.sec.gov/cgi-bin/browse-edgar?action=getcompany&CIK=1949441&type=D
Advantage Rose Hill Fund LLC,2107945,Hackensack,07601,Other Banking and Financial Services,2025,True,Decline to Disclose,1,0,0,0,0,2026-01-29,2026-01-29,7.9,,Julia Park (Executive Officer); Victor Shum (Executive Officer),https://www.sec.gov/cgi-bin/browse-edgar?action=getcompany&CIK=2107945&type=D
Advantage Woodside Fund LLC,1976219,Hackensack,07601,Other Banking and Financial Services,2023,True,Decline to Disclose,1,0,0,0,0,2023-07-10,2023-07-10,38.5,,Victor Shum (Executive Officer); Julia Park (Executive Officer),https://www.sec.gov/cgi-bin/browse-edgar?action=getcompany&CIK=1976219&type=D
"Agility Title, LLC",1611707,Morristown,07960,Other,overFiveYears,False,Decline to Disclose,1,0,0,0,0,2024-12-20,2024-12-20,21.2,,N/A Tyler Title LLC (Director); Luke Tyler (Director),https://www.sec.gov/cgi-bin/browse-edgar?action=getcompany&CIK=1611707&type=D
Ain't Too Proud UK Ltd Liability Co,1951588,Summit,07901,Other,2022,True,No Revenues,1,0,0,0,0,2022-10-27,2022-10-27,46.9,,Ira Pittelman (Executive Officer/Director); Tom Hulce (Executive Officer/Director); Stephen Gabriel (Executive Officer/Director),https://www.sec.gov/cgi-bin/browse-edgar?action=getcompany&CIK=1951588&type=D
Algonquin Cross Path Development CO LLC,1861658,Cranford,07016,Construction,2021,True,No Revenues,3,0,0,0,3,2021-05-18,2021-05-18,64.3,0.0,FRED GIFFORD (Executive Officer),https://www.sec.gov/cgi-bin/browse-edgar?action=getcompany&CIK=1861658&type=D
Avidon Health LLC,1918548,Cranford,07016,Other Health Care,overFiveYears,False,"$1,000,001 - $5,000,000",1,0,0,0,33,2020-10-22,2020-10-22,71.1,,Lagemann Clark (Executive Officer),https://www.sec.gov/cgi-bin/browse-edgar?action=getcompany&CIK=1918548&type=D
BGS S1 LLC,2070912,Belle Mead,08502,Other,2023,True,Decline to Disclose,1,0,0,0,0,2025-06-13,2025-06-13,15.4,,Anand Shahi (Director),https://www.sec.gov/cgi-bin/browse-edgar?action=getcompany&CIK=2070912&type=D
Beaver Lake Cold Storage Development Co LLC,1860868,Cranford,07016,Construction,2021,True,No Revenues,1,0,0,0,1,2021-05-19,2021-05-19,64.2,,THOMAS TUCKER (Executive Officer); FRED GIFFORD (Executive Officer),https://www.sec.gov/cgi-bin/browse-edgar?action=getcompany&CIK=1860868&type=D
BlockFi Inc.,1726072,Jersey City,07302,Other Technology,2017,True,Decline to Disclose,1,0,0,0,0,2022-11-07,2022-11-07,46.6,,Robert Loban (Executive Officer); Jennifer Hill (Director); Tony Lauro II (Director); Amit Cheela (Executive Officer); Zachary Prince (Executive Officer/Director); Florencia Marquez (Executive Officer/Director); Jonathan Mayers (Executive Officer),https://www.sec.gov/cgi-bin/browse-edgar?action=getcompany&CIK=1726072&type=D
BrainKube Inc,2087565,Edgewater,07020,Other Technology,2025,True,No Revenues,1,0,0,0,0,2025-10-02,2025-10-02,11.8,,Rishabh Singh (Executive Officer/Promoter); Minshic Kim (Executive Officer/Promoter); Jirook Kim (Director/Promoter),https://www.sec.gov/cgi-bin/browse-edgar?action=getcompany&CIK=2087565&type=D
CORE CONSUMER HEALTHCARE LLC,1865847,Somerville,08876,Other Health Care,2020,True,Decline to Disclose,1,0,0,0,0,2021-08-03,2021-08-03,61.7,,KANIKA WAHI (Director); DENNIS O'DONNELL (Executive Officer/Director),https://www.sec.gov/cgi-bin/browse-edgar?action=getcompany&CIK=1865847&type=D
Celsius Network LLC,1923159,Hoboken,07030,Other Banking and Financial Services,2021,True,Decline to Disclose,1,0,0,0,0,2022-04-13,2022-04-13,53.4,,"Ron Deutsch (Executive Officer); Alexander Mashinsky (Executive Officer); Rod Bolger (Executive Officer); ""Shlomi """"Daniel"""""" Leon (Director); Oren Blonstein (Executive Officer)",https://www.sec.gov/cgi-bin/browse-edgar?action=getcompany&CIK=1923159&type=D
"Certara, Inc.",1827090,Princeton,08540,Biotechnology,overFiveYears,False,Decline to Disclose,2,0,0,0,0,2021-09-29,2024-03-27,30.0,29.9,Cynthia Collins (Director); Patrick Smith (Executive Officer); Rosemary Crane (Director); Nancy Killefer (Director); Nicolette Sherman (Executive Officer); Eran Broshy (Director); Matthew Walsh (Director); Stephen McLean (Director); John Gallagher III (Executive Officer); Robert Aspbury (Executive Officer); David Spaight (Director); William Feehery (Executive Officer/Director); Leif Pedersen (Executive Officer); James Cashman III (Director); Richard Traynor (Executive Officer),https://www.sec.gov/cgi-bin/browse-edgar?action=getcompany&CIK=1827090&type=D
Chicago Football Club P.B.C.,1847574,Hoboken,07030,Other,2020,True,"$1 - $1,000,000",2,0,0,0,0,2023-10-11,2025-03-03,18.8,16.7,Peter Wilt (Executive Officer),https://www.sec.gov/cgi-bin/browse-edgar?action=getcompany&CIK=1847574&type=D
DIGITALLY LEVERAGED ASSETS & RESOURCES INC.,1938393,Willingboro,08046,Other Technology,2022,True,"$1 - $1,000,000",1,0,0,0,0,2025-02-19,2025-02-19,19.2,,Ricardo Datts (Executive Officer),https://www.sec.gov/cgi-bin/browse-edgar?action=getcompany&CIK=1938393&type=D
"Decimal Digital Currency I, LLC",1874860,South Orange,07079,Other,2021,True,Decline to Disclose,1,0,0,0,0,2021-08-12,2021-08-12,61.4,,Roshan Shah (Executive Officer/Promoter); Henry Robinson (Executive Officer/Promoter),https://www.sec.gov/cgi-bin/browse-edgar?action=getcompany&CIK=1874860&type=D
DeliSwift Inc.,1895239,Bayonne,07002,Other Technology,2018,True,"$1 - $1,000,000",1,0,0,0,0,2021-07-08,2021-07-08,62.6,,Christopher Cowell (Executive Officer),https://www.sec.gov/cgi-bin/browse-edgar?action=getcompany&CIK=1895239&type=D
"EV Tractor III Series I, LLC",1970100,Demarest,07627,Other,2023,True,Not Applicable,1,0,0,0,18,2023-02-27,2023-02-27,42.9,,Jonathan Kestenbaum (Director),https://www.sec.gov/cgi-bin/browse-edgar?action=getcompany&CIK=1970100&type=D
"Ensho Therapeutics, Inc.",2032849,Woodcliff Lake,07677,Biotechnology,2024,True,Decline to Disclose,1,0,0,0,9,2026-01-20,2026-01-20,8.1,,Carlos Solorzano (Director); Danielle Fry (Executive Officer); Gerhard Hagn (Executive Officer); Eric Pham (Director); Arash Rassoulpour (Director),https://www.sec.gov/cgi-bin/browse-edgar?action=getcompany&CIK=2032849&type=D
EuropaXi Mercantile Corp.,1861856,Jersey City,07310,Other Banking and Financial Services,2020,True,No Revenues,1,0,0,0,0,2021-05-17,2021-05-17,64.3,,ALEXANDER CHAO (Executive Officer),https://www.sec.gov/cgi-bin/browse-edgar?action=getcompany&CIK=1861856&type=D
FL Club Holdings LLC,2014993,Florham Park,07932,Other,2021,True,Decline to Disclose,1,0,0,0,0,2024-03-11,2024-03-11,30.5,,Michael Arougheti (Executive Officer),https://www.sec.gov/cgi-bin/browse-edgar?action=getcompany&CIK=2014993&type=D
FLORENCE PRIVATE LENDING TR,2064158,Jersey City,07302,Other Banking and Financial Services,2024,True,No Revenues,1,0,0,0,0,2025-08-11,2025-08-11,13.5,,Rosetta Brinson (Executive Officer),https://www.sec.gov/cgi-bin/browse-edgar?action=getcompany&CIK=2064158&type=D
"Freedom Dental Funding, LLC",1981274,Montclair,07043,Other,2023,True,No Revenues,1,0,0,0,0,2023-06-13,2023-06-13,39.4,,Bradford Frank (Executive Officer); Avi Weisfogel (Executive Officer),https://www.sec.gov/cgi-bin/browse-edgar?action=getcompany&CIK=1981274&type=D
"Freedom Princeton Retail Partners, LLC",2043928,Manasquan,08736,Other,2024,True,No Revenues,2,0,0,0,0,2024-11-21,2024-12-13,21.4,0.7,Lyndon Hansen (Executive Officer); Nikki Fusilli (Executive Officer); Nikki Fusilli (Executive Officer),https://www.sec.gov/cgi-bin/browse-edgar?action=getcompany&CIK=2043928&type=D
"GLW, Inc.",1716695,Englewood Cliffs,07632,Other Health Care,overFiveYears,False,Decline to Disclose,1,0,0,0,0,2023-06-26,2023-06-26,39.0,,Keith Wapner (Director); Thomas Lee (Director); Vadim Gurevich (Executive Officer/Director),https://www.sec.gov/cgi-bin/browse-edgar?action=getcompany&CIK=1716695&type=D
Great Investors Development Corp,1952529,North Brunswick,08902,Manufacturing,2018,True,No Revenues,1,0,0,0,35,2023-08-01,2023-08-01,37.8,,ROXANNE ROBINSON (Executive Officer),https://www.sec.gov/cgi-bin/browse-edgar?action=getcompany&CIK=1952529&type=D
H Investment Fund LLC,2055197,North Plainfield,07060,Other,2025,True,No Revenues,1,0,0,0,0,2025-02-06,2025-02-06,19.6,,Randeep Singh (Executive Officer),https://www.sec.gov/cgi-bin/browse-edgar?action=getcompany&CIK=2055197&type=D
Hero Gear Inc.,1928265,Linwood,08221,Retailing,2019,True,No Revenues,1,0,0,0,0,2022-05-11,2022-05-11,52.5,,Ryan Rendfrey (Executive Officer/Director); Brian Lee (Director); Henry Gaskins (Director),https://www.sec.gov/cgi-bin/browse-edgar?action=getcompany&CIK=1928265&type=D
Hiddin LLC,1865195,West Caldwell,07006,Retailing,2019,True,"$1 - $1,000,000",1,0,0,0,0,2021-06-02,2021-06-02,63.8,,Tracey Butler (Executive Officer),https://www.sec.gov/cgi-bin/browse-edgar?action=getcompany&CIK=1865195&type=D
HomeJab Inc.,1897643,Cherry Hill,08002,Other Technology,2021,True,Decline to Disclose,1,0,0,0,0,2021-12-15,2021-12-15,57.3,,Joseph Jesuele (Executive Officer/Director),https://www.sec.gov/cgi-bin/browse-edgar?action=getcompany&CIK=1897643&type=D
"ICARE QOZ FUND, INC.",1869651,Newark,07104,Other Health Care,2021,True,Decline to Disclose,1,0,0,0,0,2022-07-12,2022-07-12,50.5,,PAULETTA HINES (Director); DARIN LIEBER (Director); RENITA RAGAN (Director/Executive Officer); Y.D. YAO (Director); KAREN MYRIE (Director); LORD DOWDELL (Executive Officer/Director),https://www.sec.gov/cgi-bin/browse-edgar?action=getcompany&CIK=1869651&type=D
"INTELAGIST, INC.",2075631,Bloomfield,07003,Other,2024,True,Decline to Disclose,1,0,0,0,0,2025-07-10,2025-07-10,14.5,,AMANDEEP LOI (Executive Officer),https://www.sec.gov/cgi-bin/browse-edgar?action=getcompany&CIK=2075631&type=D
"Initrade, Inc.",1983107,Maplewood,07040,Other Technology,2023,True,Decline to Disclose,1,0,0,0,0,2023-07-13,2023-07-13,38.4,,Michael Steiner (Executive Officer),https://www.sec.gov/cgi-bin/browse-edgar?action=getcompany&CIK=1983107&type=D
InvestEdge Title LLC,1942143,Metuchen,09940,Other,2021,True,Decline to Disclose,1,0,0,0,0,2022-08-10,2022-08-10,49.5,,Brian Teel (Director),https://www.sec.gov/cgi-bin/browse-edgar?action=getcompany&CIK=1942143&type=D
Jersey Extraction Lab LLC,2017160,Bridgewater,08807,Manufacturing,2021,True,Decline to Disclose,1,0,0,0,0,2024-04-01,2024-04-01,29.8,,Joseph Payack (Director); Paige Payack (Director); AJ Payack (Director); Ian Kessler (Director); Michael Colbert (Director); Heather Colbert (Director),https://www.sec.gov/cgi-bin/browse-edgar?action=getcompany&CIK=2017160&type=D
Jersey Mike's Management Aggregator LLC,2070994,Manasquan,08736,Restaurants,2025,True,Decline to Disclose,1,0,0,0,0,2025-07-22,2025-07-22,14.1,,Charles Morrison (Executive Officer); Walter Tombs (Executive Officer),https://www.sec.gov/cgi-bin/browse-edgar?action=getcompany&CIK=2070994&type=D
KABR Jamaica SPE LLC,1925752,Ridgefield Park,07660,Other,2021,True,Decline to Disclose,1,0,0,0,0,2022-05-18,2022-05-18,52.3,,Altman Adam (Executive Officer),https://www.sec.gov/cgi-bin/browse-edgar?action=getcompany&CIK=1925752&type=D
Kytosan USA Inc.,1889525,Kinnelon,07405,Manufacturing,2021,True,No Revenues,1,0,0,0,0,2021-12-10,2021-12-10,57.5,,Gregory Ensign (Executive Officer/Director),https://www.sec.gov/cgi-bin/browse-edgar?action=getcompany&CIK=1889525&type=D
LEALZY LLC,1871519,Pine Brook,07058,Other Technology,2020,True,Decline to Disclose,1,0,0,0,0,2021-08-24,2021-08-24,61.0,,Luke Santamaria (Executive Officer),https://www.sec.gov/cgi-bin/browse-edgar?action=getcompany&CIK=1871519&type=D
"License Lounge, Inc.",1952024,Montclair,07042,Other Technology,2022,True,"$1 - $1,000,000",1,0,0,0,0,2022-10-25,2022-10-25,47.0,,Kyle Jekielek (Executive Officer/Director),https://www.sec.gov/cgi-bin/browse-edgar?action=getcompany&CIK=1952024&type=D
MININGIO LLC,1898698,Short Hills,07078,Other Technology,2021,True,Decline to Disclose,1,0,0,0,0,2021-12-13,2021-12-13,57.4,,wei huang (Director),https://www.sec.gov/cgi-bin/browse-edgar?action=getcompany&CIK=1898698&type=D
MedXT Lab Corp.,2012357,Edison,08817,Other Technology,2024,True,No Revenues,1,0,0,0,0,2024-02-16,2024-02-16,31.3,,Pat Giglio (Director); Jimmy Cheng (Director); Brad Beatty (Director),https://www.sec.gov/cgi-bin/browse-edgar?action=getcompany&CIK=2012357&type=D
"Metro Business, Inc.",1968652,Mendham,07945,Retailing,2022,True,Decline to Disclose,1,0,0,0,0,2023-03-13,2023-03-13,42.4,,Xuming Wang (Executive Officer/Director/Promoter),https://www.sec.gov/cgi-bin/browse-edgar?action=getcompany&CIK=1968652&type=D
"Modern Meadow, Inc.",1610100,Nutley,07110,Other Technology,overFiveYears,False,Decline to Disclose,1,0,0,0,30,2020-12-22,2020-12-22,69.1,,Anna Bakst (Executive Officer/Director); Andras Forgacs (Director/Promoter); Dennis Fenton (Director); Bart Swanson (Director); Klaus Hommels (Director); Rex Liu (Executive Officer); Gabor Forgacs (Director/Promoter); Doug Muzyka (Director),https://www.sec.gov/cgi-bin/browse-edgar?action=getcompany&CIK=1610100&type=D
Mountaintop Cold Storage LLC,1861207,Cranford,07016,Construction,2021,True,No Revenues,1,0,0,0,1,2021-05-19,2021-05-19,64.2,,SUMERFORD MICHAEL (Executive Officer); KYLE ROEMER (Executive Officer),https://www.sec.gov/cgi-bin/browse-edgar?action=getcompany&CIK=1861207&type=D
Munson Crowd Group LLC,2109751,New Brunswick,08901,Restaurants,2025,True,Decline to Disclose,1,0,0,0,0,2026-03-04,2026-03-04,6.7,,Jack Litman (Executive Officer),https://www.sec.gov/cgi-bin/browse-edgar?action=getcompany&CIK=2109751&type=D
NJ Shore Wellness LLC,1757981,Rumson,07760,Other,2018,True,Decline to Disclose,1,0,0,0,0,2022-02-28,2022-02-28,54.9,,Jonathan Bednarsh (Executive Officer); Adam Hershey (Executive Officer); N/A JBAH Enterprises LLC (Director),https://www.sec.gov/cgi-bin/browse-edgar?action=getcompany&CIK=1757981&type=D
NJ Turf Academy LLC,2089691,Morristown,07960,Other,2025,True,No Revenues,1,0,0,0,0,2025-08-21,2025-08-21,13.1,,Lee Southren (Executive Officer),https://www.sec.gov/cgi-bin/browse-edgar?action=getcompany&CIK=2089691&type=D
"No Days Off Sports Training, Inc.",1888550,Secaucus,07094,Other,2021,True,Decline to Disclose,1,0,0,0,0,2021-10-18,2021-10-18,59.2,,"William Thomas, Jr. (Executive Officer); David Howard (Executive Officer)",https://www.sec.gov/cgi-bin/browse-edgar?action=getcompany&CIK=1888550&type=D
O&G Musical LLC,1861473,Summit,07901,Other,2019,True,No Revenues,1,0,0,0,0,2021-05-13,2021-05-13,64.4,,Stephen Gabriel (Executive Officer); Productions Work Light (Executive Officer); Nancy Gabriel (Executive Officer),https://www.sec.gov/cgi-bin/browse-edgar?action=getcompany&CIK=1861473&type=D
ONCOSEC MEDICAL Inc,1444307,Ewing,08628,Biotechnology,overFiveYears,False,Decline to Disclose,2,0,0,0,14,2023-04-11,2023-05-16,40.3,1.1,Chao Zhou (Director); Linda Shi (Director); Robert Arch (Executive Officer/Director); George Chi (Executive Officer); Stephany Foster (Director); Joon Kim (Director); Herbert Lyerly (Director); Kevin Smith (Director),https://www.sec.gov/cgi-bin/browse-edgar?action=getcompany&CIK=1444307&type=D
PERSHING ROAD LLC,2029686,Weehawken,07086,Construction,2024,True,"$1 - $1,000,000",1,0,0,0,0,2024-07-10,2024-07-10,26.5,,LUCA MCLAUGHLIN (Executive Officer),https://www.sec.gov/cgi-bin/browse-edgar?action=getcompany&CIK=2029686&type=D
Park Center Spring Hill LLC,2052198,Franklin Lakes,07417,Other,2025,True,No Revenues,1,0,0,0,0,2025-01-15,2025-01-15,20.3,,Stephen Salvigsen (Executive Officer),https://www.sec.gov/cgi-bin/browse-edgar?action=getcompany&CIK=2052198&type=D
Pilate Tour Ltd Liability Co,1940953,Summit,07901,Other,2022,True,No Revenues,1,0,0,0,0,2022-08-11,2022-08-11,49.5,,Nancy Gabriel (Executive Officer); Stephen Gabriel (Executive Officer); LLC Work Light Productions (Executive Officer),https://www.sec.gov/cgi-bin/browse-edgar?action=getcompany&CIK=1940953&type=D
Power Locker USA iNC.,2080992,Bedminster,07921,Other Health Care,2025,True,No Revenues,1,0,0,0,0,2025-08-25,2025-08-25,13.0,,PETER DYKOWSKI (Executive Officer/Director); JASON POTTINGER (Executive Officer/Director); JERRY SWON (Executive Officer/Director); JOHN SWON (Executive Officer/Director),https://www.sec.gov/cgi-bin/browse-edgar?action=getcompany&CIK=2080992&type=D
Pro Sports Gaming LLC,1902696,Hoboken,07030,Other Technology,2019,True,No Revenues,1,0,0,0,0,2022-01-05,2022-01-05,56.6,,LeMont Joyner (Executive Officer); Raymond Milian (Executive Officer),https://www.sec.gov/cgi-bin/browse-edgar?action=getcompany&CIK=1902696&type=D
"REAL ESTATE CONNECT, INC.",2080610,Morristown,07960,Other Technology,2023,True,Decline to Disclose,1,0,0,0,0,2025-08-11,2025-08-11,13.5,,ALEXANDER PETRONE (Executive Officer),https://www.sec.gov/cgi-bin/browse-edgar?action=getcompany&CIK=2080610&type=D
Redwood Hilltop Fund LLC,2003445,Hackensack,07601,Other Banking and Financial Services,2023,True,Decline to Disclose,1,0,0,0,0,2023-12-07,2023-12-07,33.6,,Julia Park (Executive Officer); Victor Shum (Executive Officer),https://www.sec.gov/cgi-bin/browse-edgar?action=getcompany&CIK=2003445&type=D
"SOMERSET OUTPATIENT SURGERY, L.L.C.",1395142,Somerset,08873,Other Health Care,overFiveYears,False,Decline to Disclose,3,0,0,0,0,2021-07-21,2025-02-24,19.0,21.6,Marco Ucciferri (Director); Jose Guerrero (Director); Toni Ryan (Executive Officer/Director); Amanda Golkow (Director); Rae Aranas (Executive Officer/Director),https://www.sec.gov/cgi-bin/browse-edgar?action=getcompany&CIK=1395142&type=D
"Seashore Surgical Institute, L.L.C.",1693749,Brick,08724,Other Health Care,overFiveYears,False,Decline to Disclose,1,0,0,0,0,2022-06-27,2022-06-27,51.0,,"Barry Graf (Executive Officer); Nancy Easley-Mack (Director); Ralph Del Negro (Executive Officer/Director); Jennifer Romond (Director); Michael Pecoraro (Director); Bill Basri (Executive Officer/Director); Christopher Pomrink, MD (Director)",https://www.sec.gov/cgi-bin/browse-edgar?action=getcompany&CIK=1693749&type=D
"Somadome, Inc",1855408,Florham Park,07932,Retailing,2021,True,Decline to Disclose,1,0,0,0,0,2021-04-22,2021-04-22,65.1,,Sarah Attia (Executive Officer/Director),https://www.sec.gov/cgi-bin/browse-edgar?action=getcompany&CIK=1855408&type=D
South Crest Holdings LLC,2092324,Franklin Lakes,07417,Other,2025,True,No Revenues,1,0,0,0,0,2025-10-17,2025-10-17,11.3,,Stephen Salvigsen (Executive Officer),https://www.sec.gov/cgi-bin/browse-edgar?action=getcompany&CIK=2092324&type=D
"Specialty Surgical Center, LLC/NJ",1704463,Sparta,07871,Other Health Care,overFiveYears,False,Decline to Disclose,2,0,0,0,0,2023-03-08,2025-07-16,14.3,28.3,Robert DeFalco (Executive Officer/Director); Meg Stagliano (Director); Robert Cox (Executive Officer/Director); Kevin White (Executive Officer/Director),https://www.sec.gov/cgi-bin/browse-edgar?action=getcompany&CIK=1704463&type=D
Stable Rock Solutions Blocker LLC,1988715,West New York,07093,Business Services,2023,True,Decline to Disclose,1,0,0,0,0,2023-08-03,2023-08-03,37.7,,Greg Farrington (Executive Officer/Promoter); Boris Onefater (Executive Officer/Promoter),https://www.sec.gov/cgi-bin/browse-edgar?action=getcompany&CIK=1988715&type=D
Stable Rock Solutions LLC,1987387,West New York,07093,Business Services,2022,True,Decline to Disclose,1,0,0,0,0,2023-08-01,2023-08-01,37.8,,Boris Onefater (Executive Officer/Promoter); Greg Farrington (Executive Officer/Promoter),https://www.sec.gov/cgi-bin/browse-edgar?action=getcompany&CIK=1987387&type=D
Syndicate Venture Group LLC,1977284,Manalapan,07726,Construction,2021,True,Decline to Disclose,1,0,0,0,0,2023-05-12,2023-05-12,40.5,,Renan Cortez (Executive Officer),https://www.sec.gov/cgi-bin/browse-edgar?action=getcompany&CIK=1977284&type=D
TNA Therapeutics Inc.,1919837,Ridgewood,07450,Biotechnology,2021,True,No Revenues,1,0,0,0,0,2022-03-28,2022-03-28,53.9,,Nicholas Puro (Director); Thomas Knapp (Executive Officer); Luke Piggott (Executive Officer),https://www.sec.gov/cgi-bin/browse-edgar?action=getcompany&CIK=1919837&type=D
"TRIPWORKS, INC.",2000143,Morristown,07960,Other Technology,2020,True,Decline to Disclose,2,0,0,0,0,2024-01-23,2025-09-04,12.7,19.4,Aaron Fessler (Executive Officer),https://www.sec.gov/cgi-bin/browse-edgar?action=getcompany&CIK=2000143&type=D
Team Car Wash Holdings LLC,1925965,Westfield,07090,Other,2022,True,Decline to Disclose,1,0,0,0,5,2022-05-31,2022-05-31,51.8,,Thomas Fuller (Executive Officer),https://www.sec.gov/cgi-bin/browse-edgar?action=getcompany&CIK=1925965&type=D
"Timber Pharmaceuticals, Inc.",1504167,Basking Ridge,07920,Pharmaceuticals,overFiveYears,False,Decline to Disclose,1,0,0,0,2,2022-10-03,2022-10-03,47.7,,Joseph Lucchese (Executive Officer); Alan Mendelsohn (Executive Officer); Edward Sitar (Director); David Cohen (Director); Lubor Gaal (Director); John Koconis (Executive Officer/Director); Gianluca Pirozzi (Director),https://www.sec.gov/cgi-bin/browse-edgar?action=getcompany&CIK=1504167&type=D
"TruthMap, LLC",1894119,Pine Brook,07058,Other Technology,2021,True,Decline to Disclose,1,0,0,0,0,2022-02-28,2022-02-28,54.9,,"Holly Nelson (Executive Officer); Jared Yellin (Executive Officer); Mickael Lukens, Ph.D. (Executive Officer)",https://www.sec.gov/cgi-bin/browse-edgar?action=getcompany&CIK=1894119&type=D
Union Chill Cannabis Co LLC,1927021,Lambertville,08530,Retailing,2021,True,No Revenues,1,0,0,0,11,2022-05-03,2022-05-03,52.8,,Ryan O'Keefe (Executive Officer); Kristin O'Keefe (Executive Officer); Laurie McHugh (Executive Officer),https://www.sec.gov/cgi-bin/browse-edgar?action=getcompany&CIK=1927021&type=D
"Vislink Technologies, Inc.",1565228,Mt. Olive,07828,Other Technology,overFiveYears,False,Decline to Disclose,7,0,0,0,0,2021-08-24,2024-08-29,24.9,6.0,Susan Swenson (Director); Ralph Faison (Director); Jude Panetta (Director); Michael Bond (Executive Officer); Carleton Miller (Executive Officer/Director); Brian Krolicki (Director),https://www.sec.gov/cgi-bin/browse-edgar?action=getcompany&CIK=1565228&type=D
YM Corp,1416299,Sewell,08080,Business Services,overFiveYears,False,No Revenues,1,0,0,0,0,2025-06-16,2025-06-16,15.3,,Tony Ramos (Director),https://www.sec.gov/cgi-bin/browse-edgar?action=getcompany&CIK=1416299&type=D
exworth global,1870961,Short Hills,07078,Other Technology,2021,True,Decline to Disclose,1,0,0,0,0,2021-07-09,2021-07-09,62.5,,WEI HUANG (Executive Officer),https://www.sec.gov/cgi-bin/browse-edgar?action=getcompany&CIK=1870961&type=D
mining io,1897050,Short Hills,07078,Other Technology,2021,True,Decline to Disclose,1,0,0,0,0,2021-12-02,2021-12-02,57.8,,WEI HUANG (Director),https://www.sec.gov/cgi-bin/browse-edgar?action=getcompany&CIK=1897050&type=D
